combo_index,card1_name,card2_name,reach_oop,reach_ip,card1_rank,card2_rank,is_pair,is_suited,rank_gap,suit_with_board_c1,suit_with_board_c2,pairs_with_board,overcards,flush_potential,hand_strength,is_blocked,board_rank1,board_rank2,board_rank3,board_rank4,board_suit1,board_suit2,board_suit3,board_suit4,suit_count_club,suit_count_diamond,suit_count_heart,suit_count_spade,board_paired,board_trips,monotone,high_card,connectivity,pot,stack,spr,cfv_oop,cfv_ip
0,2c,2d,0.3279,0.205,0.0,0.0,1,0,0.0,0.25,0.25,0,0.0,0.4,0.2,0,1.0,0.9167,0.4167,0.0833,0.6667,0.3333,1.0,0.0,0.25,0.25,0.25,0.25,0,0,0,1.0,0.3333,0.5,0.75,1.5,-0.0328,-0.0154
1,2c,2h,0.255,0.2446,0.0,0.0,1,0,0.0,0.25,0.25,0,0.0,0.4,0.2,0,1.0,0.9167,0.4167,0.0833,0.6667,0.3333,1.0,0.0,0.25,0.25,0.25,0.25,0,0,0,1.0,0.3333,0.5,0.75,1.5,-0.0255,-0.0183
2,2c,2s,0.3473,0.3353,0.0,0.0,1,0,0.0,0.25,0.25,0,0.0,0.4,0.2,0,1.0,0.9167,0.4167,0.0833,0.6667,0.3333,1.0,0.0,0.25,0.25,0.25,0.25,0,0,0,1.0,0.3333,0.5,0.75,1.5,-0.0347,-0.0252
3,2c,3c,0.0,0.0,0.0,0.0833,0,1,0.0833,0.25,0.25,1,0.0,0.6,0.0,1,1.0,0.9167,0.4167,0.0833,0.6667,0.3333,1.0,0.0,0.25,0.25,0.25,0.25,0,0,0,1.0,0.3333,0.5,0.75,1.5,0.0,0.0
4,2c,3d,0.1201,0.0,0.0,0.0833,0,0,0.0833,0.25,0.25,1,0.0,0.4,0.1792,0,1.0,0.9167,0.4167,0.0833,0.6667,0.3333,1.0,0.0,0.25,0.25,0.25,0.25,0,0,0,1.0,0.3333,0.5,0.75,1.5,-0.0133,-0.0
5,2c,3h,0.0261,0.0,0.0,0.0833,0,0,0.0833,0.25,0.25,1,0.0,0.4,0.1792,0,1.0,0.9167,0.4167,0.0833,0.6667,0.3333,1.0,0.0,0.25,0.25,0.25,0.25,0,0,0,1.0,0.3333,0.5,0.75,1.5,-0.0029,-0.0
6,2c,3s,0.0,0.0427,0.0,0.0833,0,0,0.0833,0.25,0.25,1,0.0,0.4,0.1792,0,1.0,0.9167,0.4167,0.0833,0.6667,0.3333,1.0,0.0,0.25,0.25,0.25,0.25,0,0,0,1.0,0.3333,0.5,0.75,1.5,0.0,0.0
7,2c,4c,0.0,0.0231,0.0,0.1667,0,1,0.1667,0.25,0.25,0,0.0,0.6,0.025,0,1.0,0.9167,0.4167,0.0833,0.6667,0.3333,1.0,0.0,0.25,0.25,0.25,0.25,0,0,0,1.0,0.3333,0.5,0.75,1.5,0.0,0.0
8,2c,4d,0.1133,0.0923,0.0,0.1667,0,0,0.1667,0.25,0.25,0,0.0,0.4,0.025,0,1.0,0.9167,0.4167,0.0833,0.6667,0.3333,1.0,0.0,0.25,0.25,0.25,0.25,0,0,0,1.0,0.3333,0.5,0.75,1.5,-0.0212,-0.015
9,2c,4h,0.0274,0.1012,0.0,0.1667,0,0,0.1667,0.25,0.25,0,0.0,0.4,0.025,0,1.0,0.9167,0.4167,0.0833,0.6667,0.3333,1.0,0.0,0.25,0.25,0.25,0.25,0,0,0,1.0,0.3333,0.5,0.75,1.5,-0.0051,-0.0164
10,2c,4s,0.1452,0.0,0.0,0.1667,0,0,0.1667,0.25,0.25,0,0.0,0.4,0.025,0,1.0,0.9167,0.4167,0.0833,0.6667,0.3333,1.0,0.0,0.25,0.25,0.25,0.25,0,0,0,1.0,0.3333,0.5,0.75,1.5,-0.0272,-0.0
11,2c,5c,0.1862,0.1646,0.0,0.25,0,1,0.25,0.25,0.25,0,0.0,0.6,0.0375,0,1.0,0.9167,0.4167,0.0833,0.6667,0.3333,1.0,0.0,0.25,0.25,0.25,0.25,0,0,0,1.0,0.3333,0.5,0.75,1.5,-0.0337,-0.0257
12,2c,5d,0.0931,0.0561,0.0,0.25,0,0,0.25,0.25,0.25,0,0.0,0.4,0.0375,0,1.0,0.9167,0.4167,0.0833,0.6667,0.3333,1.0,0.0,0.25,0.25,0.25,0.25,0,0,0,1.0,0.3333,0.5,0.75,1.5,-0.0169,-0.0088
13,2c,5h,0.2164,0.0923,0.0,0.25,0,0,0.25,0.25,0.25,0,0.0,0.4,0.0375,0,1.0,0.9167,0.4167,0.0833,0.6667,0.3333,1.0,0.0,0.25,0.25,0.25,0.25,0,0,0,1.0,0.3333,0.5,0.75,1.5,-0.0392,-0.0144
14,2c,5s,0.0435,0.0443,0.0,0.25,0,0,0.25,0.25,0.25,0,0.0,0.4,0.0375,0,1.0,0.9167,0.4167,0.0833,0.6667,0.3333,1.0,0.0,0.25,0.25,0.25,0.25,0,0,0,1.0,0.3333,0.5,0.75,1.5,-0.0079,-0.0069
15,2c,6c,0.2362,0.1874,0.0,0.3333,0,1,0.3333,0.25,0.25,0,0.0,0.6,0.05,0,1.0,0.9167,0.4167,0.0833,0.6667,0.3333,1.0,0.0,0.25,0.25,0.25,0.25,0,0,0,1.0,0.3333,0.5,0.75,1.5,-0.0413,-0.0281
16,2c,6d,0.2281,0.2126,0.0,0.3333,0,0,0.3333,0.25,0.25,0,0.0,0.4,0.05,0,1.0,0.9167,0.4167,0.0833,0.6667,0.3333,1.0,0.0,0.25,0.25,0.25,0.25,0,0,0,1.0,0.3333,0.5,0.75,1.5,-0.0399,-0.0319
17,2c,6h,0.1739,0.2613,0.0,0.3333,0,0,0.3333,0.25,0.25,0,0.0,0.4,0.05,0,1.0,0.9167,0.4167,0.0833,0.6667,0.3333,1.0,0.0,0.25,0.25,0.25,0.25,0,0,0,1.0,0.3333,0.5,0.75,1.5,-0.0304,-0.0392
18,2c,6s,0.1424,0.1771,0.0,0.3333,0,0,0.3333,0.25,0.25,0,0.0,0.4,0.05,0,1.0,0.9167,0.4167,0.0833,0.6667,0.3333,1.0,0.0,0.25,0.25,0.25,0.25,0,0,0,1.0,0.3333,0.5,0.75,1.5,-0.0249,-0.0266
19,2c,7c,0.2742,0.232,0.0,0.4167,0,1,0.4167,0.25,0.25,1,0.0,0.6,0.2958,0,1.0,0.9167,0.4167,0.0833,0.6667,0.3333,1.0,0.0,0.25,0.25,0.25,0.25,0,0,0,1.0,0.3333,0.5,0.75,1.5,-0.0143,-0.0063
20,2c,7d,0.2807,0.2238,0.0,0.4167,0,0,0.4167,0.25,0.25,1,0.0,0.4,0.2958,0,1.0,0.9167,0.4167,0.0833,0.6667,0.3333,1.0,0.0,0.25,0.25,0.25,0.25,0,0,0,1.0,0.3333,0.5,0.75,1.5,-0.0146,-0.0061
21,2c,7h,0.2492,0.1175,0.0,0.4167,0,0,0.4167,0.25,0.25,1,0.0,0.4,0.2958,0,1.0,0.9167,0.4167,0.0833,0.6667,0.3333,1.0,0.0,0.25,0.25,0.25,0.25,0,0,0,1.0,0.3333,0.5,0.75,1.5,-0.013,-0.0032
22,2c,7s,0.0,0.0,0.0,0.4167,0,0,0.4167,0.25,0.25,1,0.0,0.4,0.0,1,1.0,0.9167,0.4167,0.0833,0.6667,0.3333,1.0,0.0,0.25,0.25,0.25,0.25,0,0,0,1.0,0.3333,0.5,0.75,1.5,0.0,0.0
23,2c,8c,0.1956,0.2079,0.0,0.5,0,1,0.5,0.25,0.25,0,0.0,0.6,0.075,0,1.0,0.9167,0.4167,0.0833,0.6667,0.3333,1.0,0.0,0.25,0.25,0.25,0.25,0,0,0,1.0,0.3333,0.5,0.75,1.5,-0.0318,-0.0286
24,2c,8d,0.166,0.1966,0.0,0.5,0,0,0.5,0.25,0.25,0,0.0,0.4,0.075,0,1.0,0.9167,0.4167,0.0833,0.6667,0.3333,1.0,0.0,0.25,0.25,0.25,0.25,0,0,0,1.0,0.3333,0.5,0.75,1.5,-0.027,-0.027
25,2c,8h,0.1702,0.2056,0.0,0.5,0,0,0.5,0.25,0.25,0,0.0,0.4,0.075,0,1.0,0.9167,0.4167,0.0833,0.6667,0.3333,1.0,0.0,0.25,0.25,0.25,0.25,0,0,0,1.0,0.3333,0.5,0.75,1.5,-0.0277,-0.0283
26,2c,8s,0.2771,0.223,0.0,0.5,0,0,0.5,0.25,0.25,0,0.0,0.4,0.075,0,1.0,0.9167,0.4167,0.0833,0.6667,0.3333,1.0,0.0,0.25,0.25,0.25,0.25,0,0,0,1.0,0.3333,0.5,0.75,1.5,-0.045,-0.0307
27,2c,9c,0.2657,0.2336,0.0,0.5833,0,1,0.5833,0.25,0.25,0,0.0,0.6,0.0875,0,1.0,0.9167,0.4167,0.0833,0.6667,0.3333,1.0,0.0,0.25,0.25,0.25,0.25,0,0,0,1.0,0.3333,0.5,0.75,1.5,-0.0415,-0.0307
28,2c,9d,0.2451,0.379,0.0,0.5833,0,0,0.5833,0.25,0.25,0,0.0,0.4,0.0875,0,1.0,0.9167,0.4167,0.0833,0.6667,0.3333,1.0,0.0,0.25,0.25,0.25,0.25,0,0,0,1.0,0.3333,0.5,0.75,1.5,-0.0383,-0.0497
29,2c,9h,0.3213,0.3135,0.0,0.5833,0,0,0.5833,0.25,0.25,0,0.0,0.4,0.0875,0,1.0,0.9167,0.4167,0.0833,0.6667,0.3333,1.0,0.0,0.25,0.25,0.25,0.25,0,0,0,1.0,0.3333,0.5,0.75,1.5,-0.0502,-0.0411
30,2c,9s,0.2259,0.3375,0.0,0.5833,0,0,0.5833,0.25,0.25,0,0.0,0.4,0.0875,0,1.0,0.9167,0.4167,0.0833,0.6667,0.3333,1.0,0.0,0.25,0.25,0.25,0.25,0,0,0,1.0,0.3333,0.5,0.75,1.5,-0.0353,-0.0443
31,2c,Tc,0.4327,0.4759,0.0,0.6667,0,1,0.6667,0.25,0.25,0,0.0,0.6,0.1,0,1.0,0.9167,0.4167,0.0833,0.6667,0.3333,1.0,0.0,0.25,0.25,0.25,0.25,0,0,0,1.0,0.3333,0.5,0.75,1.5,-0.0649,-0.0595
32,2c,Td,0.5979,0.528,0.0,0.6667,0,0,0.6667,0.25,0.25,0,0.0,0.4,0.1,0,1.0,0.9167,0.4167,0.0833,0.6667,0.3333,1.0,0.0,0.25,0.25,0.25,0.25,0,0,0,1.0,0.3333,0.5,0.75,1.5,-0.0897,-0.066
33,2c,Th,0.5114,0.5369,0.0,0.6667,0,0,0.6667,0.25,0.25,0,0.0,0.4,0.1,0,1.0,0.9167,0.4167,0.0833,0.6667,0.3333,1.0,0.0,0.25,0.25,0.25,0.25,0,0,0,1.0,0.3333,0.5,0.75,1.5,-0.0767,-0.0671
34,2c,Ts,0.5686,0.5552,0.0,0.6667,0,0,0.6667,0.25,0.25,0,0.0,0.4,0.1,0,1.0,0.9167,0.4167,0.0833,0.6667,0.3333,1.0,0.0,0.25,0.25,0.25,0.25,0,0,0,1.0,0.3333,0.5,0.75,1.5,-0.0853,-0.0694
35,2c,Jc,0.4458,0.4064,0.0,0.75,0,1,0.75,0.25,0.25,0,0.0,0.6,0.1125,0,1.0,0.9167,0.4167,0.0833,0.6667,0.3333,1.0,0.0,0.25,0.25,0.25,0.25,0,0,0,1.0,0.3333,0.5,0.75,1.5,-0.0641,-0.0483
36,2c,Jd,0.4631,0.4535,0.0,0.75,0,0,0.75,0.25,0.25,0,0.0,0.4,0.1125,0,1.0,0.9167,0.4167,0.0833,0.6667,0.3333,1.0,0.0,0.25,0.25,0.25,0.25,0,0,0,1.0,0.3333,0.5,0.75,1.5,-0.0666,-0.0539
37,2c,Jh,0.4422,0.5886,0.0,0.75,0,0,0.75,0.25,0.25,0,0.0,0.4,0.1125,0,1.0,0.9167,0.4167,0.0833,0.6667,0.3333,1.0,0.0,0.25,0.25,0.25,0.25,0,0,0,1.0,0.3333,0.5,0.75,1.5,-0.0636,-0.0699
38,2c,Js,0.5753,0.4629,0.0,0.75,0,0,0.75,0.25,0.25,0,0.0,0.4,0.1125,0,1.0,0.9167,0.4167,0.0833,0.6667,0.3333,1.0,0.0,0.25,0.25,0.25,0.25,0,0,0,1.0,0.3333,0.5,0.75,1.5,-0.0827,-0.055
39,2c,Qc,0.5311,0.4791,0.0,0.8333,0,1,0.8333,0.25,0.25,0,0.0,0.6,0.125,0,1.0,0.9167,0.4167,0.0833,0.6667,0.3333,1.0,0.0,0.25,0.25,0.25,0.25,0,0,0,1.0,0.3333,0.5,0.75,1.5,-0.073,-0.0539
40,2c,Qd,0.5829,0.4918,0.0,0.8333,0,0,0.8333,0.25,0.25,0,0.0,0.4,0.125,0,1.0,0.9167,0.4167,0.0833,0.6667,0.3333,1.0,0.0,0.25,0.25,0.25,0.25,0,0,0,1.0,0.3333,0.5,0.75,1.5,-0.0802,-0.0553
41,2c,Qh,0.453,0.4493,0.0,0.8333,0,0,0.8333,0.25,0.25,0,0.0,0.4,0.125,0,1.0,0.9167,0.4167,0.0833,0.6667,0.3333,1.0,0.0,0.25,0.25,0.25,0.25,0,0,0,1.0,0.3333,0.5,0.75,1.5,-0.0623,-0.0505
42,2c,Qs,0.5123,0.4525,0.0,0.8333,0,0,0.8333,0.25,0.25,0,0.0,0.4,0.125,0,1.0,0.9167,0.4167,0.0833,0.6667,0.3333,1.0,0.0,0.25,0.25,0.25,0.25,0,0,0,1.0,0.3333,0.5,0.75,1.5,-0.0704,-0.0509
43,2c,Kc,0.5169,0.5796,0.0,0.9167,0,1,0.9167,0.25,0.25,1,0.0,0.6,0.4708,0,1.0,0.9167,0.4167,0.0833,0.6667,0.3333,1.0,0.0,0.25,0.25,0.25,0.25,0,0,0,1.0,0.3333,0.5,0.75,1.5,0.0183,0.035
44,2c,Kd,0.0,0.0,0.0,0.9167,0,0,0.9167,0.25,0.25,1,0.0,0.4,0.0,1,1.0,0.9167,0.4167,0.0833,0.6667,0.3333,1.0,0.0,0.25,0.25,0.25,0.25,0,0,0,1.0,0.3333,0.5,0.75,1.5,0.0,0.0
45,2c,Kh,0.4799,0.4439,0.0,0.9167,0,0,0.9167,0.25,0.25,1,0.0,0.4,0.4708,0,1.0,0.9167,0.4167,0.0833,0.6667,0.3333,1.0,0.0,0.25,0.25,0.25,0.25,0,0,0,1.0,0.3333,0.5,0.75,1.5,0.017,0.0268
46,2c,Ks,0.5995,0.5019,0.0,0.9167,0,0,0.9167,0.25,0.25,1,0.0,0.4,0.4708,0,1.0,0.9167,0.4167,0.0833,0.6667,0.3333,1.0,0.0,0.25,0.25,0.25,0.25,0,0,0,1.0,0.3333,0.5,0.75,1.5,0.0212,0.0303
47,2c,Ac,0.4182,0.4094,0.0,1.0,0,1,1.0,0.25,0.25,1,0.0,0.6,0.5,0,1.0,0.9167,0.4167,0.0833,0.6667,0.3333,1.0,0.0,0.25,0.25,0.25,0.25,0,0,0,1.0,0.3333,0.5,0.75,1.5,0.0209,0.0307
48,2c,Ad,0.4219,0.5255,0.0,1.0,0,0,1.0,0.25,0.25,1,0.0,0.4,0.5,0,1.0,0.9167,0.4167,0.0833,0.6667,0.3333,1.0,0.0,0.25,0.25,0.25,0.25,0,0,0,1.0,0.3333,0.5,0.75,1.5,0.0211,0.0394
49,2c,Ah,0.0,0.0,0.0,1.0,0,0,1.0,0.25,0.25,1,0.0,0.4,0.0,1,1.0,0.9167,0.4167,0.0833,0.6667,0.3333,1.0,0.0,0.25,0.25,0.25,0.25,0,0,0,1.0,0.3333,0.5,0.75,1.5,0.0,0.0
50,2c,As,0.5584,0.4844,0.0,1.0,0,0,1.0,0.25,0.25,1,0.0,0.4,0.5,0,1.0,0.9167,0.4167,0.0833,0.6667,0.3333,1.0,0.0,0.25,0.25,0.25,0.25,0,0,0,1.0,0.3333,0.5,0.75,1.5,0.0279,0.0363
51,2d,2h,0.2127,0.2763,0.0,0.0,1,0,0.0,0.25,0.25,0,0.0,0.4,0.2,0,1.0,0.9167,0.4167,0.0833,0.6667,0.3333,1.0,0.0,0.25,0.25,0.25,0.25,0,0,0,1.0,0.3333,0.5,0.75,1.5,-0.0213,-0.0207
52,2d,2s,0.3992,0.3058,0.0,0.0,1,0,0.0,0.25,0.25,0,0.0,0.4,0.2,0,1.0,0.9167,0.4167,0.0833,0.6667,0.3333,1.0,0.0,0.25,0.25,0.25,0.25,0,0,0,1.0,0.3333,0.5,0.75,1.5,-0.0399,-0.0229
53,2d,3c,0.0,0.0,0.0,0.0833,0,0,0.0833,0.25,0.25,1,0.0,0.4,0.0,1,1.0,0.9167,0.4167,0.0833,0.6667,0.3333,1.0,0.0,0.25,0.25,0.25,0.25,0,0,0,1.0,0.3333,0.5,0.75,1.5,0.0,0.0
54,2d,3d,0.1359,0.1138,0.0,0.0833,0,1,0.0833,0.25,0.25,1,0.0,0.6,0.1792,0,1.0,0.9167,0.4167,0.0833,0.6667,0.3333,1.0,0.0,0.25,0.25,0.25,0.25,0,0,0,1.0,0.3333,0.5,0.75,1.5,-0.015,-0.0097
55,2d,3h,0.0,0.0858,0.0,0.0833,0,0,0.0833,0.25,0.25,1,0.0,0.4,0.1792,0,1.0,0.9167,0.4167,0.0833,0.6667,0.3333,1.0,0.0,0.25,0.25,0.25,0.25,0,0,0,1.0,0.3333,0.5,0.75,1.5,0.0,0.0
56,2d,3s,0.078,0.0491,0.0,0.0833,0,0,0.0833,0.25,0.25,1,0.0,0.4,0.1792,0,1.0,0.9167,0.4167,0.0833,0.6667,0.3333,1.0,0.0,0.25,0.25,0.25,0.25,0,0,0,1.0,0.3333,0.5,0.75,1.5,-0.0086,-0.0042
57,2d,4c,0.0367,0.1115,0.0,0.1667,0,0,0.1667,0.25,0.25,0,0.0,0.4,0.025,0,1.0,0.9167,0.4167,0.0833,0.6667,0.3333,1.0,0.0,0.25,0.25,0.25,0.25,0,0,0,1.0,0.3333,0.5,0.75,1.5,-0.0069,-0.0181
58,2d,4d,0.0056,0.0703,0.0,0.1667,0,1,0.1667,0.25,0.25,0,0.0,0.6,0.025,0,1.0,0.9167,0.4167,0.0833,0.6667,0.3333,1.0,0.0,0.25,0.25,0.25,0.25,0,0,0,1.0,0.3333,0.5,0.75,1.5,-0.0011,-0.0114
59,2d,4h,0.0741,0.1741,0.0,0.1667,0,0,0.1667,0.25,0.25,0,0.0,0.4,0.025,0,1.0,0.9167,0.4167,0.0833,0.6667,0.3333,1.0,0.0,0.25,0.25,0.25,0.25,0,0,0,1.0,0.3333,0.5,0.75,1.5,-0.0139,-0.0283
60,2d,4s,0.1585,0.036,0.0,0.1667,0,0,0.1667,0.25,0.25,0,0.0,0.4,0.025,0,1.0,0.9167,0.4167,0.0833,0.6667,0.3333,1.0,0.0,0.25,0.25,0.25,0.25,0,0,0,1.0,0.3333,0.5,0.75,1.5,-0.0297,-0.0059
61,2d,5c,0.1251,0.0607,0.0,0.25,0,0,0.25,0.25,0.25,0,0.0,0.4,0.0375,0,1.0,0.9167,0.4167,0.0833,0.6667,0.3333,1.0,0.0,0.25,0.25,0.25,0.25,0,0,0,1.0,0.3333,0.5,0.75,1.5,-0.0227,-0.0095
62,2d,5d,0.2075,0.1991,0.0,0.25,0,1,0.25,0.25,0.25,0,0.0,0.6,0.0375,0,1.0,0.9167,0.4167,0.0833,0.6667,0.3333,1.0,0.0,0.25,0.25,0.25,0.25,0,0,0,1.0,0.3333,0.5,0.75,1.5,-0.0376,-0.0311
63,2d,5h,0.0847,0.1528,0.0,0.25,0,0,0.25,0.25,0.25,0,0.0,0.4,0.0375,0,1.0,0.9167,0.4167,0.0833,0.6667,0.3333,1.0,0.0,0.25,0.25,0.25,0.25,0,0,0,1.0,0.3333,0.5,0.75,1.5,-0.0153,-0.0239
64,2d,5s,0.1468,0.0556,0.0,0.25,0,0,0.25,0.25,0.25,0,0.0,0.4,0.0375,0,1.0,0.9167,0.4167,0.0833,0.6667,0.3333,1.0,0.0,0.25,0.25,0.25,0.25,0,0,0,1.0,0.3333,0.5,0.75,1.5,-0.0266,-0.0087
65,2d,6c,0.2192,0.1745,0.0,0.3333,0,0,0.3333,0.25,0.25,0,0.0,0.4,0.05,0,1.0,0.9167,0.4167,0.0833,0.6667,0.3333,1.0,0.0,0.25,0.25,0.25,0.25,0,0,0,1.0,0.3333,0.5,0.75,1.5,-0.0384,-0.0262
66,2d,6d,0.2224,0.1727,0.0,0.3333,0,1,0.3333,0.25,0.25,0,0.0,0.6,0.05,0,1.0,0.9167,0.4167,0.0833,0.6667,0.3333,1.0,0.0,0.25,0.25,0.25,0.25,0,0,0,1.0,0.3333,0.5,0.75,1.5,-0.0389,-0.0259
67,2d,6h,0.0668,0.1315,0.0,0.3333,0,0,0.3333,0.25,0.25,0,0.0,0.4,0.05,0,1.0,0.9167,0.4167,0.0833,0.6667,0.3333,1.0,0.0,0.25,0.25,0.25,0.25,0,0,0,1.0,0.3333,0.5,0.75,1.5,-0.0117,-0.0197
68,2d,6s,0.0706,0.2525,0.0,0.3333,0,0,0.3333,0.25,0.25,0,0.0,0.4,0.05,0,1.0,0.9167,0.4167,0.0833,0.6667,0.3333,1.0,0.0,0.25,0.25,0.25,0.25,0,0,0,1.0,0.3333,0.5,0.75,1.5,-0.0123,-0.0379
69,2d,7c,0.2841,0.2747,0.0,0.4167,0,0,0.4167,0.25,0.25,1,0.0,0.4,0.2958,0,1.0,0.9167,0.4167,0.0833,0.6667,0.3333,1.0,0.0,0.25,0.25,0.25,0.25,0,0,0,1.0,0.3333,0.5,0.75,1.5,-0.0148,-0.0074
70,2d,7d,0.1698,0.1199,0.0,0.4167,0,1,0.4167,0.25,0.25,1,0.0,0.6,0.2958,0,1.0,0.9167,0.4167,0.0833,0.6667,0.3333,1.0,0.0,0.25,0.25,0.25,0.25,0,0,0,1.0,0.3333,0.5,0.75,1.5,-0.0088,-0.0032
71,2d,7h,0.2839,0.2977,0.0,0.4167,0,0,0.4167,0.25,0.25,1,0.0,0.4,0.2958,0,1.0,0.9167,0.4167,0.0833,0.6667,0.3333,1.0,0.0,0.25,0.25,0.25,0.25,0,0,0,1.0,0.3333,0.5,0.75,1.5,-0.0148,-0.0081
72,2d,7s,0.0,0.0,0.0,0.4167,0,0,0.4167,0.25,0.25,1,0.0,0.4,0.0,1,1.0,0.9167,0.4167,0.0833,0.6667,0.3333,1.0,0.0,0.25,0.25,0.25,0.25,0,0,0,1.0,0.3333,0.5,0.75,1.5,0.0,0.0
73,2d,8c,0.1671,0.2472,0.0,0.5,0,0,0.5,0.25,0.25,0,0.0,0.4,0.075,0,1.0,0.9167,0.4167,0.0833,0.6667,0.3333,1.0,0.0,0.25,0.25,0.25,0.25,0,0,0,1.0,0.3333,0.5,0.75,1.5,-0.0272,-0.034
74,2d,8d,0.1638,0.3021,0.0,0.5,0,1,0.5,0.25,0.25,0,0.0,0.6,0.075,0,1.0,0.9167,0.4167,0.0833,0.6667,0.3333,1.0,0.0,0.25,0.25,0.25,0.25,0,0,0,1.0,0.3333,0.5,0.75,1.5,-0.0266,-0.0415
75,2d,8h,0.3032,0.1757,0.0,0.5,0,0,0.5,0.25,0.25,0,0.0,0.4,0.075,0,1.0,0.9167,0.4167,0.0833,0.6667,0.3333,1.0,0.0,0.25,0.25,0.25,0.25,0,0,0,1.0,0.3333,0.5,0.75,1.5,-0.0493,-0.0242
76,2d,8s,0.2451,0.26,0.0,0.5,0,0,0.5,0.25,0.25,0,0.0,0.4,0.075,0,1.0,0.9167,0.4167,0.0833,0.6667,0.3333,1.0,0.0,0.25,0.25,0.25,0.25,0,0,0,1.0,0.3333,0.5,0.75,1.5,-0.0398,-0.0357
77,2d,9c,0.2447,0.3662,0.0,0.5833,0,0,0.5833,0.25,0.25,0,0.0,0.4,0.0875,0,1.0,0.9167,0.4167,0.0833,0.6667,0.3333,1.0,0.0,0.25,0.25,0.25,0.25,0,0,0,1.0,0.3333,0.5,0.75,1.5,-0.0382,-0.0481
78,2d,9d,0.2763,0.234,0.0,0.5833,0,1,0.5833,0.25,0.25,0,0.0,0.6,0.0875,0,1.0,0.9167,0.4167,0.0833,0.6667,0.3333,1.0,0.0,0.25,0.25,0.25,0.25,0,0,0,1.0,0.3333,0.5,0.75,1.5,-0.0432,-0.0307
79,2d,9h,0.2995,0.3377,0.0,0.5833,0,0,0.5833,0.25,0.25,0,0.0,0.4,0.0875,0,1.0,0.9167,0.4167,0.0833,0.6667,0.3333,1.0,0.0,0.25,0.25,0.25,0.25,0,0,0,1.0,0.3333,0.5,0.75,1.5,-0.0468,-0.0443
80,2d,9s,0.2319,0.254,0.0,0.5833,0,0,0.5833,0.25,0.25,0,0.0,0.4,0.0875,0,1.0,0.9167,0.4167,0.0833,0.6667,0.3333,1.0,0.0,0.25,0.25,0.25,0.25,0,0,0,1.0,0.3333,0.5,0.75,1.5,-0.0362,-0.0333
81,2d,Tc,0.599,0.53,0.0,0.6667,0,0,0.6667,0.25,0.25,0,0.0,0.4,0.1,0,1.0,0.9167,0.4167,0.0833,0.6667,0.3333,1.0,0.0,0.25,0.25,0.25,0.25,0,0,0,1.0,0.3333,0.5,0.75,1.5,-0.0899,-0.0662
82,2d,Td,0.4876,0.5035,0.0,0.6667,0,1,0.6667,0.25,0.25,0,0.0,0.6,0.1,0,1.0,0.9167,0.4167,0.0833,0.6667,0.3333,1.0,0.0,0.25,0.25,0.25,0.25,0,0,0,1.0,0.3333,0.5,0.75,1.5,-0.0731,-0.0629
83,2d,Th,0.4242,0.4449,0.0,0.6667,0,0,0.6667,0.25,0.25,0,0.0,0.4,0.1,0,1.0,0.9167,0.4167,0.0833,0.6667,0.3333,1.0,0.0,0.25,0.25,0.25,0.25,0,0,0,1.0,0.3333,0.5,0.75,1.5,-0.0636,-0.0556
84,2d,Ts,0.4676,0.5177,0.0,0.6667,0,0,0.6667,0.25,0.25,0,0.0,0.4,0.1,0,1.0,0.9167,0.4167,0.0833,0.6667,0.3333,1.0,0.0,0.25,0.25,0.25,0.25,0,0,0,1.0,0.3333,0.5,0.75,1.5,-0.0701,-0.0647
85,2d,Jc,0.446,0.444,0.0,0.75,0,0,0.75,0.25,0.25,0,0.0,0.4,0.1125,0,1.0,0.9167,0.4167,0.0833,0.6667,0.3333,1.0,0.0,0.25,0.25,0.25,0.25,0,0,0,1.0,0.3333,0.5,0.75,1.5,-0.0641,-0.0527
86,2d,Jd,0.4142,0.5262,0.0,0.75,0,1,0.75,0.25,0.25,0,0.0,0.6,0.1125,0,1.0,0.9167,0.4167,0.0833,0.6667,0.3333,1.0,0.0,0.25,0.25,0.25,0.25,0,0,0,1.0,0.3333,0.5,0.75,1.5,-0.0595,-0.0625
87,2d,Jh,0.4458,0.5811,0.0,0.75,0,0,0.75,0.25,0.25,0,0.0,0.4,0.1125,0,1.0,0.9167,0.4167,0.0833,0.6667,0.3333,1.0,0.0,0.25,0.25,0.25,0.25,0,0,0,1.0,0.3333,0.5,0.75,1.5,-0.0641,-0.069
88,2d,Js,0.5719,0.4142,0.0,0.75,0,0,0.75,0.25,0.25,0,0.0,0.4,0.1125,0,1.0,0.9167,0.4167,0.0833,0.6667,0.3333,1.0,0.0,0.25,0.25,0.25,0.25,0,0,0,1.0,0.3333,0.5,0.75,1.5,-0.0822,-0.0492
89,2d,Qc,0.4476,0.5338,0.0,0.8333,0,0,0.8333,0.25,0.25,0,0.0,0.4,0.125,0,1.0,0.9167,0.4167,0.0833,0.6667,0.3333,1.0,0.0,0.25,0.25,0.25,0.25,0,0,0,1.0,0.3333,0.5,0.75,1.5,-0.0615,-0.0601
90,2d,Qd,0.4428,0.4265,0.0,0.8333,0,1,0.8333,0.25,0.25,0,0.0,0.6,0.125,0,1.0,0.9167,0.4167,0.0833,0.6667,0.3333,1.0,0.0,0.25,0.25,0.25,0.25,0,0,0,1.0,0.3333,0.5,0.75,1.5,-0.0609,-0.048
91,2d,Qh,0.5871,0.5142,0.0,0.8333,0,0,0.8333,0.25,0.25,0,0.0,0.4,0.125,0,1.0,0.9167,0.4167,0.0833,0.6667,0.3333,1.0,0.0,0.25,0.25,0.25,0.25,0,0,0,1.0,0.3333,0.5,0.75,1.5,-0.0807,-0.0578
92,2d,Qs,0.4945,0.5569,0.0,0.8333,0,0,0.8333,0.25,0.25,0,0.0,0.4,0.125,0,1.0,0.9167,0.4167,0.0833,0.6667,0.3333,1.0,0.0,0.25,0.25,0.25,0.25,0,0,0,1.0,0.3333,0.5,0.75,1.5,-0.068,-0.0627
93,2d,Kc,0.5615,0.4381,0.0,0.9167,0,0,0.9167,0.25,0.25,1,0.0,0.4,0.4708,0,1.0,0.9167,0.4167,0.0833,0.6667,0.3333,1.0,0.0,0.25,0.25,0.25,0.25,0,0,0,1.0,0.3333,0.5,0.75,1.5,0.0199,0.0265
94,2d,Kd,0.0,0.0,0.0,0.9167,0,1,0.9167,0.25,0.25,1,0.0,0.6,0.0,1,1.0,0.9167,0.4167,0.0833,0.6667,0.3333,1.0,0.0,0.25,0.25,0.25,0.25,0,0,0,1.0,0.3333,0.5,0.75,1.5,0.0,0.0
95,2d,Kh,0.4194,0.4862,0.0,0.9167,0,0,0.9167,0.25,0.25,1,0.0,0.4,0.4708,0,1.0,0.9167,0.4167,0.0833,0.6667,0.3333,1.0,0.0,0.25,0.25,0.25,0.25,0,0,0,1.0,0.3333,0.5,0.75,1.5,0.0149,0.0294
96,2d,Ks,0.4847,0.4934,0.0,0.9167,0,0,0.9167,0.25,0.25,1,0.0,0.4,0.4708,0,1.0,0.9167,0.4167,0.0833,0.6667,0.3333,1.0,0.0,0.25,0.25,0.25,0.25,0,0,0,1.0,0.3333,0.5,0.75,1.5,0.0172,0.0298
97,2d,Ac,0.5458,0.5347,0.0,1.0,0,0,1.0,0.25,0.25,1,0.0,0.4,0.5,0,1.0,0.9167,0.4167,0.0833,0.6667,0.3333,1.0,0.0,0.25,0.25,0.25,0.25,0,0,0,1.0,0.3333,0.5,0.75,1.5,0.0273,0.0401
98,2d,Ad,0.5968,0.4197,0.0,1.0,0,1,1.0,0.25,0.25,1,0.0,0.6,0.5,0,1.0,0.9167,0.4167,0.0833,0.6667,0.3333,1.0,0.0,0.25,0.25,0.25,0.25,0,0,0,1.0,0.3333,0.5,0.75,1.5,0.0298,0.0315
99,2d,Ah,0.0,0.0,0.0,1.0,0,0,1.0,0.25,0.25,1,0.0,0.4,0.0,1,1.0,0.9167,0.4167,0.0833,0.6667,0.3333,1.0,0.0,0.25,0.25,0.25,0.25,0,0,0,1.0,0.3333,0.5,0.75,1.5,0.0,0.0
100,2d,As,0.4805,0.4679,0.0,1.0,0,0,1.0,0.25,0.25,1,0.0,0.4,0.5,0,1.0,0.9167,0.4167,0.0833,0.6667,0.3333,1.0,0.0,0.25,0.25,0.25,0.25,0,0,0,1.0,0.3333,0.5,0.75,1.5,0.024,0.0351
101,2h,2s,0.3723,0.2497,0.0,0.0,1,0,0.0,0.25,0.25,0,0.0,0.4,0.2,0,1.0,0.9167,0.4167,0.0833,0.6667,0.3333,1.0,0.0,0.25,0.25,0.25,0.25,0,0,0,1.0,0.3333,0.5,0.75,1.5,-0.0372,-0.0187
102,2h,3c,0.0,0.0,0.0,0.0833,0,0,0.0833,0.25,0.25,1,0.0,0.4,0.0,1,1.0,0.9167,0.4167,0.0833,0.6667,0.3333,1.0,0.0,0.25,0.25,0.25,0.25,0,0,0,1.0,0.3333,0.5,0.75,1.5,0.0,0.0
103,2h,3d,0.0,0.0314,0.0,0.0833,0,0,0.0833,0.25,0.25,1,0.0,0.4,0.1792,0,1.0,0.9167,0.4167,0.0833,0.6667,0.3333,1.0,0.0,0.25,0.25,0.25,0.25,0,0,0,1.0,0.3333,0.5,0.75,1.5,0.0,0.0
104,2h,3h,0.026,0.0,0.0,0.0833,0,1,0.0833,0.25,0.25,1,0.0,0.6,0.1792,0,1.0,0.9167,0.4167,0.0833,0.6667,0.3333,1.0,0.0,0.25,0.25,0.25,0.25,0,0,0,1.0,0.3333,0.5,0.75,1.5,-0.0029,-0.0
105,2h,3s,0.0,0.1263,0.0,0.0833,0,0,0.0833,0.25,0.25,1,0.0,0.4,0.1792,0,1.0,0.9167,0.4167,0.0833,0.6667,0.3333,1.0,0.0,0.25,0.25,0.25,0.25,0,0,0,1.0,0.3333,0.5,0.75,1.5,0.0,0.0
106,2h,4c,0.072,0.1556,0.0,0.1667,0,0,0.1667,0.25,0.25,0,0.0,0.4,0.025,0,1.0,0.9167,0.4167,0.0833,0.6667,0.3333,1.0,0.0,0.25,0.25,0.25,0.25,0,0,0,1.0,0.3333,0.5,0.75,1.5,-0.0135,-0.0253
107,2h,4d,0.0934,0.0,0.0,0.1667,0,0,0.1667,0.25,0.25,0,0.0,0.4,0.025,0,1.0,0.9167,0.4167,0.0833,0.6667,0.3333,1.0,0.0,0.25,0.25,0.25,0.25,0,0,0,1.0,0.3333,0.5,0.75,1.5,-0.0175,-0.0
108,2h,4h,0.1832,0.1505,0.0,0.1667,0,1,0.1667,0.25,0.25,0,0.0,0.6,0.025,0,1.0,0.9167,0.4167,0.0833,0.6667,0.3333,1.0,0.0,0.25,0.25,0.25,0.25,0,0,0,1.0,0.3333,0.5,0.75,1.5,-0.0343,-0.0245
109,2h,4s,0.1771,0.1686,0.0,0.1667,0,0,0.1667,0.25,0.25,0,0.0,0.4,0.025,0,1.0,0.9167,0.4167,0.0833,0.6667,0.3333,1.0,0.0,0.25,0.25,0.25,0.25,0,0,0,1.0,0.3333,0.5,0.75,1.5,-0.0332,-0.0274
110,2h,5c,0.1947,0.0583,0.0,0.25,0,0,0.25,0.25,0.25,0,0.0,0.4,0.0375,0,1.0,0.9167,0.4167,0.0833,0.6667,0.3333,1.0,0.0,0.25,0.25,0.25,0.25,0,0,0,1.0,0.3333,0.5,0.75,1.5,-0.0353,-0.0091
111,2h,5d,0.1221,0.0677,0.0,0.25,0,0,0.25,0.25,0.25,0,0.0,0.4,0.0375,0,1.0,0.9167,0.4167,0.0833,0.6667,0.3333,1.0,0.0,0.25,0.25,0.25,0.25,0,0,0,1.0,0.3333,0.5,0.75,1.5,-0.0221,-0.0106
112,2h,5h,0.1052,0.0367,0.0,0.25,0,1,0.25,0.25,0.25,0,0.0,0.6,0.0375,0,1.0,0.9167,0.4167,0.0833,0.6667,0.3333,1.0,0.0,0.25,0.25,0.25,0.25,0,0,0,1.0,0.3333,0.5,0.75,1.5,-0.0191,-0.0057
113,2h,5s,0.1008,0.2221,0.0,0.25,0,0,0.25,0.25,0.25,0,0.0,0.4,0.0375,0,1.0,0.9167,0.4167,0.0833,0.6667,0.3333,1.0,0.0,0.25,0.25,0.25,0.25,0,0,0,1.0,0.3333,0.5,0.75,1.5,-0.0183,-0.0347
114,2h,6c,0.1197,0.2235,0.0,0.3333,0,0,0.3333,0.25,0.25,0,0.0,0.4,0.05,0,1.0,0.9167,0.4167,0.0833,0.6667,0.3333,1.0,0.0,0.25,0.25,0.25,0.25,0,0,0,1.0,0.3333,0.5,0.75,1.5,-0.0209,-0.0335
115,2h,6d,0.1577,0.1513,0.0,0.3333,0,0,0.3333,0.25,0.25,0,0.0,0.4,0.05,0,1.0,0.9167,0.4167,0.0833,0.6667,0.3333,1.0,0.0,0.25,0.25,0.25,0.25,0,0,0,1.0,0.3333,0.5,0.75,1.5,-0.0276,-0.0227
116,2h,6h,0.2581,0.2658,0.0,0.3333,0,1,0.3333,0.25,0.25,0,0.0,0.6,0.05,0,1.0,0.9167,0.4167,0.0833,0.6667,0.3333,1.0,0.0,0.25,0.25,0.25,0.25,0,0,0,1.0,0.3333,0.5,0.75,1.5,-0.0452,-0.0399
117,2h,6s,0.1778,0.2103,0.0,0.3333,0,0,0.3333,0.25,0.25,0,0.0,0.4,0.05,0,1.0,0.9167,0.4167,0.0833,0.6667,0.3333,1.0,0.0,0.25,0.25,0.25,0.25,0,0,0,1.0,0.3333,0.5,0.75,1.5,-0.0311,-0.0316
118,2h,7c,0.1393,0.1677,0.0,0.4167,0,0,0.4167,0.25,0.25,1,0.0,0.4,0.2958,0,1.0,0.9167,0.4167,0.0833,0.6667,0.3333,1.0,0.0,0.25,0.25,0.25,0.25,0,0,0,1.0,0.3333,0.5,0.75,1.5,-0.0073,-0.0045
119,2h,7d,0.3021,0.2242,0.0,0.4167,0,0,0.4167,0.25,0.25,1,0.0,0.4,0.2958,0,1.0,0.9167,0.4167,0.0833,0.6667,0.3333,1.0,0.0,0.25,0.25,0.25,0.25,0,0,0,1.0,0.3333,0.5,0.75,1.5,-0.0157,-0.0061
120,2h,7h,0.2168,0.2579,0.0,0.4167,0,1,0.4167,0.25,0.25,1,0.0,0.6,0.2958,0,1.0,0.9167,0.4167,0.0833,0.6667,0.3333,1.0,0.0,0.25,0.25,0.25,0.25,0,0,0,1.0,0.3333,0.5,0.75,1.5,-0.0113,-0.007
121,2h,7s,0.0,0.0,0.0,0.4167,0,0,0.4167,0.25,0.25,1,0.0,0.4,0.0,1,1.0,0.9167,0.4167,0.0833,0.6667,0.3333,1.0,0.0,0.25,0.25,0.25,0.25,0,0,0,1.0,0.3333,0.5,0.75,1.5,0.0,0.0
122,2h,8c,0.1614,0.2668,0.0,0.5,0,0,0.5,0.25,0.25,0,0.0,0.4,0.075,0,1.0,0.9167,0.4167,0.0833,0.6667,0.3333,1.0,0.0,0.25,0.25,0.25,0.25,0,0,0,1.0,0.3333,0.5,0.75,1.5,-0.0262,-0.0367
123,2h,8d,0.2506,0.3205,0.0,0.5,0,0,0.5,0.25,0.25,0,0.0,0.4,0.075,0,1.0,0.9167,0.4167,0.0833,0.6667,0.3333,1.0,0.0,0.25,0.25,0.25,0.25,0,0,0,1.0,0.3333,0.5,0.75,1.5,-0.0407,-0.0441
124,2h,8h,0.1815,0.3422,0.0,0.5,0,1,0.5,0.25,0.25,0,0.0,0.6,0.075,0,1.0,0.9167,0.4167,0.0833,0.6667,0.3333,1.0,0.0,0.25,0.25,0.25,0.25,0,0,0,1.0,0.3333,0.5,0.75,1.5,-0.0295,-0.047
125,2h,8s,0.166,0.1872,0.0,0.5,0,0,0.5,0.25,0.25,0,0.0,0.4,0.075,0,1.0,0.9167,0.4167,0.0833,0.6667,0.3333,1.0,0.0,0.25,0.25,0.25,0.25,0,0,0,1.0,0.3333,0.5,0.75,1.5,-0.027,-0.0257
126,2h,9c,0.3107,0.3267,0.0,0.5833,0,0,0.5833,0.25,0.25,0,0.0,0.4,0.0875,0,1.0,0.9167,0.4167,0.0833,0.6667,0.3333,1.0,0.0,0.25,0.25,0.25,0.25,0,0,0,1.0,0.3333,0.5,0.75,1.5,-0.0485,-0.0429
127,2h,9d,0.2387,0.2156,0.0,0.5833,0,0,0.5833,0.25,0.25,0,0.0,0.4,0.0875,0,1.0,0.9167,0.4167,0.0833,0.6667,0.3333,1.0,0.0,0.25,0.25,0.25,0.25,0,0,0,1.0,0.3333,0.5,0.75,1.5,-0.0373,-0.0283
128,2h,9h,0.3697,0.2409,0.0,0.5833,0,1,0.5833,0.25,0.25,0,0.0,0.6,0.0875,0,1.0,0.9167,0.4167,0.0833,0.6667,0.3333,1.0,0.0,0.25,0.25,0.25,0.25,0,0,0,1.0,0.3333,0.5,0.75,1.5,-0.0578,-0.0316
129,2h,9s,0.3106,0.3155,0.0,0.5833,0,0,0.5833,0.25,0.25,0,0.0,0.4,0.0875,0,1.0,0.9167,0.4167,0.0833,0.6667,0.3333,1.0,0.0,0.25,0.25,0.25,0.25,0,0,0,1.0,0.3333,0.5,0.75,1.5,-0.0485,-0.0414
130,2h,Tc,0.4838,0.5167,0.0,0.6667,0,0,0.6667,0.25,0.25,0,0.0,0.4,0.1,0,1.0,0.9167,0.4167,0.0833,0.6667,0.3333,1.0,0.0,0.25,0.25,0.25,0.25,0,0,0,1.0,0.3333,0.5,0.75,1.5,-0.0726,-0.0646
131,2h,Td,0.5046,0.5869,0.0,0.6667,0,0,0.6667,0.25,0.25,0,0.0,0.4,0.1,0,1.0,0.9167,0.4167,0.0833,0.6667,0.3333,1.0,0.0,0.25,0.25,0.25,0.25,0,0,0,1.0,0.3333,0.5,0.75,1.5,-0.0757,-0.0734
132,2h,Th,0.4409,0.5432,0.0,0.6667,0,1,0.6667,0.25,0.25,0,0.0,0.6,0.1,0,1.0,0.9167,0.4167,0.0833,0.6667,0.3333,1.0,0.0,0.25,0.25,0.25,0.25,0,0,0,1.0,0.3333,0.5,0.75,1.5,-0.0661,-0.0679
133,2h,Ts,0.4477,0.4792,0.0,0.6667,0,0,0.6667,0.25,0.25,0,0.0,0.4,0.1,0,1.0,0.9167,0.4167,0.0833,0.6667,0.3333,1.0,0.0,0.25,0.25,0.25,0.25,0,0,0,1.0,0.3333,0.5,0.75,1.5,-0.0672,-0.0599
134,2h,Jc,0.5343,0.46,0.0,0.75,0,0,0.75,0.25,0.25,0,0.0,0.4,0.1125,0,1.0,0.9167,0.4167,0.0833,0.6667,0.3333,1.0,0.0,0.25,0.25,0.25,0.25,0,0,0,1.0,0.3333,0.5,0.75,1.5,-0.0768,-0.0546
135,2h,Jd,0.4632,0.5504,0.0,0.75,0,0,0.75,0.25,0.25,0,0.0,0.4,0.1125,0,1.0,0.9167,0.4167,0.0833,0.6667,0.3333,1.0,0.0,0.25,0.25,0.25,0.25,0,0,0,1.0,0.3333,0.5,0.75,1.5,-0.0666,-0.0654
136,2h,Jh,0.4145,0.4917,0.0,0.75,0,1,0.75,0.25,0.25,0,0.0,0.6,0.1125,0,1.0,0.9167,0.4167,0.0833,0.6667,0.3333,1.0,0.0,0.25,0.25,0.25,0.25,0,0,0,1.0,0.3333,0.5,0.75,1.5,-0.0596,-0.0584
137,2h,Js,0.5997,0.5992,0.0,0.75,0,0,0.75,0.25,0.25,0,0.0,0.4,0.1125,0,1.0,0.9167,0.4167,0.0833,0.6667,0.3333,1.0,0.0,0.25,0.25,0.25,0.25,0,0,0,1.0,0.3333,0.5,0.75,1.5,-0.0862,-0.0712
138,2h,Qc,0.4147,0.4426,0.0,0.8333,0,0,0.8333,0.25,0.25,0,0.0,0.4,0.125,0,1.0,0.9167,0.4167,0.0833,0.6667,0.3333,1.0,0.0,0.25,0.25,0.25,0.25,0,0,0,1.0,0.3333,0.5,0.75,1.5,-0.057,-0.0498
139,2h,Qd,0.453,0.5867,0.0,0.8333,0,0,0.8333,0.25,0.25,0,0.0,0.4,0.125,0,1.0,0.9167,0.4167,0.0833,0.6667,0.3333,1.0,0.0,0.25,0.25,0.25,0.25,0,0,0,1.0,0.3333,0.5,0.75,1.5,-0.0623,-0.066
140,2h,Qh,0.5762,0.5759,0.0,0.8333,0,1,0.8333,0.25,0.25,0,0.0,0.6,0.125,0,1.0,0.9167,0.4167,0.0833,0.6667,0.3333,1.0,0.0,0.25,0.25,0.25,0.25,0,0,0,1.0,0.3333,0.5,0.75,1.5,-0.0792,-0.0648
141,2h,Qs,0.4739,0.4315,0.0,0.8333,0,0,0.8333,0.25,0.25,0,0.0,0.4,0.125,0,1.0,0.9167,0.4167,0.0833,0.6667,0.3333,1.0,0.0,0.25,0.25,0.25,0.25,0,0,0,1.0,0.3333,0.5,0.75,1.5,-0.0652,-0.0485
142,2h,Kc,0.5667,0.5407,0.0,0.9167,0,0,0.9167,0.25,0.25,1,0.0,0.4,0.4708,0,1.0,0.9167,0.4167,0.0833,0.6667,0.3333,1.0,0.0,0.25,0.25,0.25,0.25,0,0,0,1.0,0.3333,0.5,0.75,1.5,0.0201,0.0327
143,2h,Kd,0.0,0.0,0.0,0.9167,0,0,0.9167,0.25,0.25,1,0.0,0.4,0.0,1,1.0,0.9167,0.4167,0.0833,0.6667,0.3333,1.0,0.0,0.25,0.25,0.25,0.25,0,0,0,1.0,0.3333,0.5,0.75,1.5,0.0,0.0
144,2h,Kh,0.5223,0.5974,0.0,0.9167,0,1,0.9167,0.25,0.25,1,0.0,0.6,0.4708,0,1.0,0.9167,0.4167,0.0833,0.6667,0.3333,1.0,0.0,0.25,0.25,0.25,0.25,0,0,0,1.0,0.3333,0.5,0.75,1.5,0.0185,0.0361
145,2h,Ks,0.5308,0.4016,0.0,0.9167,0,0,0.9167,0.25,0.25,1,0.0,0.4,0.4708,0,1.0,0.9167,0.4167,0.0833,0.6667,0.3333,1.0,0.0,0.25,0.25,0.25,0.25,0,0,0,1.0,0.3333,0.5,0.75,1.5,0.0188,0.0243
146,2h,Ac,0.5634,0.4599,0.0,1.0,0,0,1.0,0.25,0.25,1,0.0,0.4,0.5,0,1.0,0.9167,0.4167,0.0833,0.6667,0.3333,1.0,0.0,0.25,0.25,0.25,0.25,0,0,0,1.0,0.3333,0.5,0.75,1.5,0.0282,0.0345
147,2h,Ad,0.5327,0.5878,0.0,1.0,0,0,1.0,0.25,0.25,1,0.0,0.4,0.5,0,1.0,0.9167,0.4167,0.0833,0.6667,0.3333,1.0,0.0,0.25,0.25,0.25,0.25,0,0,0,1.0,0.3333,0.5,0.75,1.5,0.0266,0.0441
148,2h,Ah,0.0,0.0,0.0,1.0,0,1,1.0,0.25,0.25,1,0.0,0.6,0.0,1,1.0,0.9167,0.4167,0.0833,0.6667,0.3333,1.0,0.0,0.25,0.25,0.25,0.25,0,0,0,1.0,0.3333,0.5,0.75,1.5,0.0,0.0
149,2h,As,0.4269,0.4231,0.0,1.0,0,0,1.0,0.25,0.25,1,0.0,0.4,0.5,0,1.0,0.9167,0.4167,0.0833,0.6667,0.3333,1.0,0.0,0.25,0.25,0.25,0.25,0,0,0,1.0,0.3333,0.5,0.75,1.5,0.0213,0.0317
150,2s,3c,0.0,0.0,0.0,0.0833,0,0,0.0833,0.25,0.25,1,0.0,0.4,0.0,1,1.0,0.9167,0.4167,0.0833,0.6667,0.3333,1.0,0.0,0.25,0.25,0.25,0.25,0,0,0,1.0,0.3333,0.5,0.75,1.5,0.0,0.0
151,2s,3d,0.0,0.0523,0.0,0.0833,0,0,0.0833,0.25,0.25,1,0.0,0.4,0.1792,0,1.0,0.9167,0.4167,0.0833,0.6667,0.3333,1.0,0.0,0.25,0.25,0.25,0.25,0,0,0,1.0,0.3333,0.5,0.75,1.5,0.0,0.0
152,2s,3h,0.0,0.0626,0.0,0.0833,0,0,0.0833,0.25,0.25,1,0.0,0.4,0.1792,0,1.0,0.9167,0.4167,0.0833,0.6667,0.3333,1.0,0.0,0.25,0.25,0.25,0.25,0,0,0,1.0,0.3333,0.5,0.75,1.5,0.0,0.0
153,2s,3s,0.0852,0.0,0.0,0.0833,0,1,0.0833,0.25,0.25,1,0.0,0.6,0.1792,0,1.0,0.9167,0.4167,0.0833,0.6667,0.3333,1.0,0.0,0.25,0.25,0.25,0.25,0,0,0,1.0,0.3333,0.5,0.75,1.5,-0.0094,-0.0
154,2s,4c,0.1102,0.0361,0.0,0.1667,0,0,0.1667,0.25,0.25,0,0.0,0.4,0.025,0,1.0,0.9167,0.4167,0.0833,0.6667,0.3333,1.0,0.0,0.25,0.25,0.25,0.25,0,0,0,1.0,0.3333,0.5,0.75,1.5,-0.0207,-0.0059
155,2s,4d,0.081,0.1644,0.0,0.1667,0,0,0.1667,0.25,0.25,0,0.0,0.4,0.025,0,1.0,0.9167,0.4167,0.0833,0.6667,0.3333,1.0,0.0,0.25,0.25,0.25,0.25,0,0,0,1.0,0.3333,0.5,0.75,1.5,-0.0152,-0.0267
156,2s,4h,0.1526,0.0018,0.0,0.1667,0,0,0.1667,0.25,0.25,0,0.0,0.4,0.025,0,1.0,0.9167,0.4167,0.0833,0.6667,0.3333,1.0,0.0,0.25,0.25,0.25,0.25,0,0,0,1.0,0.3333,0.5,0.75,1.5,-0.0286,-0.0003
157,2s,4s,0.068,0.0387,0.0,0.1667,0,1,0.1667,0.25,0.25,0,0.0,0.6,0.025,0,1.0,0.9167,0.4167,0.0833,0.6667,0.3333,1.0,0.0,0.25,0.25,0.25,0.25,0,0,0,1.0,0.3333,0.5,0.75,1.5,-0.0128,-0.0063
158,2s,5c,0.0257,0.1792,0.0,0.25,0,0,0.25,0.25,0.25,0,0.0,0.4,0.0375,0,1.0,0.9167,0.4167,0.0833,0.6667,0.3333,1.0,0.0,0.25,0.25,0.25,0.25,0,0,0,1.0,0.3333,0.5,0.75,1.5,-0.0047,-0.028
159,2s,5d,0.1524,0.0774,0.0,0.25,0,0,0.25,0.25,0.25,0,0.0,0.4,0.0375,0,1.0,0.9167,0.4167,0.0833,0.6667,0.3333,1.0,0.0,0.25,0.25,0.25,0.25,0,0,0,1.0,0.3333,0.5,0.75,1.5,-0.0276,-0.0121
160,2s,5h,0.1732,0.1353,0.0,0.25,0,0,0.25,0.25,0.25,0,0.0,0.4,0.0375,0,1.0,0.9167,0.4167,0.0833,0.6667,0.3333,1.0,0.0,0.25,0.25,0.25,0.25,0,0,0,1.0,0.3333,0.5,0.75,1.5,-0.0314,-0.0211
161,2s,5s,0.1105,0.0269,0.0,0.25,0,1,0.25,0.25,0.25,0,0.0,0.6,0.0375,0,1.0,0.9167,0.4167,0.0833,0.6667,0.3333,1.0,0.0,0.25,0.25,0.25,0.25,0,0,0,1.0,0.3333,0.5,0.75,1.5,-0.02,-0.0042
162,2s,6c,0.0817,0.2433,0.0,0.3333,0,0,0.3333,0.25,0.25,0,0.0,0.4,0.05,0,1.0,0.9167,0.4167,0.0833,0.6667,0.3333,1.0,0.0,0.25,0.25,0.25,0.25,0,0,0,1.0,0.3333,0.5,0.75,1.5,-0.0143,-0.0365
163,2s,6d,0.2475,0.1758,0.0,0.3333,0,0,0.3333,0.25,0.25,0,0.0,0.4,0.05,0,1.0,0.9167,0.4167,0.0833,0.6667,0.3333,1.0,0.0,0.25,0.25,0.25,0.25,0,0,0,1.0,0.3333,0.5,0.75,1.5,-0.0433,-0.0264
164,2s,6h,0.2336,0.1832,0.0,0.3333,0,0,0.3333,0.25,0.25,0,0.0,0.4,0.05,0,1.0,0.9167,0.4167,0.0833,0.6667,0.3333,1.0,0.0,0.25,0.25,0.25,0.25,0,0,0,1.0,0.3333,0.5,0.75,1.5,-0.0409,-0.0275
165,2s,6s,0.0963,0.0922,0.0,0.3333,0,1,0.3333,0.25,0.25,0,0.0,0.6,0.05,0,1.0,0.9167,0.4167,0.0833,0.6667,0.3333,1.0,0.0,0.25,0.25,0.25,0.25,0,0,0,1.0,0.3333,0.5,0.75,1.5,-0.0168,-0.0138
166,2s,7c,0.17,0.2881,0.0,0.4167,0,0,0.4167,0.25,0.25,1,0.0,0.4,0.2958,0,1.0,0.9167,0.4167,0.0833,0.6667,0.3333,1.0,0.0,0.25,0.25,0.25,0.25,0,0,0,1.0,0.3333,0.5,0.75,1.5,-0.0089,-0.0078
167,2s,7d,0.2676,0.2805,0.0,0.4167,0,0,0.4167,0.25,0.25,1,0.0,0.4,0.2958,0,1.0,0.9167,0.4167,0.0833,0.6667,0.3333,1.0,0.0,0.25,0.25,0.25,0.25,0,0,0,1.0,0.3333,0.5,0.75,1.5,-0.0139,-0.0076
168,2s,7h,0.2881,0.1503,0.0,0.4167,0,0,0.4167,0.25,0.25,1,0.0,0.4,0.2958,0,1.0,0.9167,0.4167,0.0833,0.6667,0.3333,1.0,0.0,0.25,0.25,0.25,0.25,0,0,0,1.0,0.3333,0.5,0.75,1.5,-0.015,-0.0041
169,2s,7s,0.0,0.0,0.0,0.4167,0,1,0.4167,0.25,0.25,1,0.0,0.6,0.0,1,1.0,0.9167,0.4167,0.0833,0.6667,0.3333,1.0,0.0,0.25,0.25,0.25,0.25,0,0,0,1.0,0.3333,0.5,0.75,1.5,0.0,0.0
170,2s,8c,0.1999,0.1706,0.0,0.5,0,0,0.5,0.25,0.25,0,0.0,0.4,0.075,0,1.0,0.9167,0.4167,0.0833,0.6667,0.3333,1.0,0.0,0.25,0.25,0.25,0.25,0,0,0,1.0,0.3333,0.5,0.75,1.5,-0.0325,-0.0235
171,2s,8d,0.306,0.3268,0.0,0.5,0,0,0.5,0.25,0.25,0,0.0,0.4,0.075,0,1.0,0.9167,0.4167,0.0833,0.6667,0.3333,1.0,0.0,0.25,0.25,0.25,0.25,0,0,0,1.0,0.3333,0.5,0.75,1.5,-0.0497,-0.0449
172,2s,8h,0.2313,0.2741,0.0,0.5,0,0,0.5,0.25,0.25,0,0.0,0.4,0.075,0,1.0,0.9167,0.4167,0.0833,0.6667,0.3333,1.0,0.0,0.25,0.25,0.25,0.25,0,0,0,1.0,0.3333,0.5,0.75,1.5,-0.0376,-0.0377
173,2s,8s,0.1809,0.336,0.0,0.5,0,1,0.5,0.25,0.25,0,0.0,0.6,0.075,0,1.0,0.9167,0.4167,0.0833,0.6667,0.3333,1.0,0.0,0.25,0.25,0.25,0.25,0,0,0,1.0,0.3333,0.5,0.75,1.5,-0.0294,-0.0462
174,2s,9c,0.3646,0.3869,0.0,0.5833,0,0,0.5833,0.25,0.25,0,0.0,0.4,0.0875,0,1.0,0.9167,0.4167,0.0833,0.6667,0.3333,1.0,0.0,0.25,0.25,0.25,0.25,0,0,0,1.0,0.3333,0.5,0.75,1.5,-0.057,-0.0508
175,2s,9d,0.3538,0.3679,0.0,0.5833,0,0,0.5833,0.25,0.25,0,0.0,0.4,0.0875,0,1.0,0.9167,0.4167,0.0833,0.6667,0.3333,1.0,0.0,0.25,0.25,0.25,0.25,0,0,0,1.0,0.3333,0.5,0.75,1.5,-0.0553,-0.0483
176,2s,9h,0.1966,0.339,0.0,0.5833,0,0,0.5833,0.25,0.25,0,0.0,0.4,0.0875,0,1.0,0.9167,0.4167,0.0833,0.6667,0.3333,1.0,0.0,0.25,0.25,0.25,0.25,0,0,0,1.0,0.3333,0.5,0.75,1.5,-0.0307,-0.0445
177,2s,9s,0.2581,0.3778,0.0,0.5833,0,1,0.5833,0.25,0.25,0,0.0,0.6,0.0875,0,1.0,0.9167,0.4167,0.0833,0.6667,0.3333,1.0,0.0,0.25,0.25,0.25,0.25,0,0,0,1.0,0.3333,0.5,0.75,1.5,-0.0403,-0.0496
178,2s,Tc,0.5604,0.5728,0.0,0.6667,0,0,0.6667,0.25,0.25,0,0.0,0.4,0.1,0,1.0,0.9167,0.4167,0.0833,0.6667,0.3333,1.0,0.0,0.25,0.25,0.25,0.25,0,0,0,1.0,0.3333,0.5,0.75,1.5,-0.0841,-0.0716
179,2s,Td,0.5621,0.4534,0.0,0.6667,0,0,0.6667,0.25,0.25,0,0.0,0.4,0.1,0,1.0,0.9167,0.4167,0.0833,0.6667,0.3333,1.0,0.0,0.25,0.25,0.25,0.25,0,0,0,1.0,0.3333,0.5,0.75,1.5,-0.0843,-0.0567
180,2s,Th,0.5575,0.4216,0.0,0.6667,0,0,0.6667,0.25,0.25,0,0.0,0.4,0.1,0,1.0,0.9167,0.4167,0.0833,0.6667,0.3333,1.0,0.0,0.25,0.25,0.25,0.25,0,0,0,1.0,0.3333,0.5,0.75,1.5,-0.0836,-0.0527
181,2s,Ts,0.5744,0.5717,0.0,0.6667,0,1,0.6667,0.25,0.25,0,0.0,0.6,0.1,0,1.0,0.9167,0.4167,0.0833,0.6667,0.3333,1.0,0.0,0.25,0.25,0.25,0.25,0,0,0,1.0,0.3333,0.5,0.75,1.5,-0.0862,-0.0715
182,2s,Jc,0.4445,0.5633,0.0,0.75,0,0,0.75,0.25,0.25,0,0.0,0.4,0.1125,0,1.0,0.9167,0.4167,0.0833,0.6667,0.3333,1.0,0.0,0.25,0.25,0.25,0.25,0,0,0,1.0,0.3333,0.5,0.75,1.5,-0.0639,-0.0669
183,2s,Jd,0.4921,0.461,0.0,0.75,0,0,0.75,0.25,0.25,0,0.0,0.4,0.1125,0,1.0,0.9167,0.4167,0.0833,0.6667,0.3333,1.0,0.0,0.25,0.25,0.25,0.25,0,0,0,1.0,0.3333,0.5,0.75,1.5,-0.0707,-0.0547
184,2s,Jh,0.5591,0.4455,0.0,0.75,0,0,0.75,0.25,0.25,0,0.0,0.4,0.1125,0,1.0,0.9167,0.4167,0.0833,0.6667,0.3333,1.0,0.0,0.25,0.25,0.25,0.25,0,0,0,1.0,0.3333,0.5,0.75,1.5,-0.0804,-0.0529
185,2s,Js,0.4047,0.4386,0.0,0.75,0,1,0.75,0.25,0.25,0,0.0,0.6,0.1125,0,1.0,0.9167,0.4167,0.0833,0.6667,0.3333,1.0,0.0,0.25,0.25,0.25,0.25,0,0,0,1.0,0.3333,0.5,0.75,1.5,-0.0582,-0.0521
186,2s,Qc,0.4657,0.5729,0.0,0.8333,0,0,0.8333,0.25,0.25,0,0.0,0.4,0.125,0,1.0,0.9167,0.4167,0.0833,0.6667,0.3333,1.0,0.0,0.25,0.25,0.25,0.25,0,0,0,1.0,0.3333,0.5,0.75,1.5,-0.064,-0.0644
187,2s,Qd,0.5934,0.4558,0.0,0.8333,0,0,0.8333,0.25,0.25,0,0.0,0.4,0.125,0,1.0,0.9167,0.4167,0.0833,0.6667,0.3333,1.0,0.0,0.25,0.25,0.25,0.25,0,0,0,1.0,0.3333,0.5,0.75,1.5,-0.0816,-0.0513
188,2s,Qh,0.5283,0.4799,0.0,0.8333,0,0,0.8333,0.25,0.25,0,0.0,0.4,0.125,0,1.0,0.9167,0.4167,0.0833,0.6667,0.3333,1.0,0.0,0.25,0.25,0.25,0.25,0,0,0,1.0,0.3333,0.5,0.75,1.5,-0.0726,-0.054
189,2s,Qs,0.5962,0.5072,0.0,0.8333,0,1,0.8333,0.25,0.25,0,0.0,0.6,0.125,0,1.0,0.9167,0.4167,0.0833,0.6667,0.3333,1.0,0.0,0.25,0.25,0.25,0.25,0,0,0,1.0,0.3333,0.5,0.75,1.5,-0.082,-0.0571
190,2s,Kc,0.5878,0.4231,0.0,0.9167,0,0,0.9167,0.25,0.25,1,0.0,0.4,0.4708,0,1.0,0.9167,0.4167,0.0833,0.6667,0.3333,1.0,0.0,0.25,0.25,0.25,0.25,0,0,0,1.0,0.3333,0.5,0.75,1.5,0.0208,0.0256
191,2s,Kd,0.0,0.0,0.0,0.9167,0,0,0.9167,0.25,0.25,1,0.0,0.4,0.0,1,1.0,0.9167,0.4167,0.0833,0.6667,0.3333,1.0,0.0,0.25,0.25,0.25,0.25,0,0,0,1.0,0.3333,0.5,0.75,1.5,0.0,0.0
192,2s,Kh,0.5941,0.4357,0.0,0.9167,0,0,0.9167,0.25,0.25,1,0.0,0.4,0.4708,0,1.0,0.9167,0.4167,0.0833,0.6667,0.3333,1.0,0.0,0.25,0.25,0.25,0.25,0,0,0,1.0,0.3333,0.5,0.75,1.5,0.021,0.0263
193,2s,Ks,0.5925,0.4531,0.0,0.9167,0,1,0.9167,0.25,0.25,1,0.0,0.6,0.4708,0,1.0,0.9167,0.4167,0.0833,0.6667,0.3333,1.0,0.0,0.25,0.25,0.25,0.25,0,0,0,1.0,0.3333,0.5,0.75,1.5,0.021,0.0274
194,2s,Ac,0.4217,0.4869,0.0,1.0,0,0,1.0,0.25,0.25,1,0.0,0.4,0.5,0,1.0,0.9167,0.4167,0.0833,0.6667,0.3333,1.0,0.0,0.25,0.25,0.25,0.25,0,0,0,1.0,0.3333,0.5,0.75,1.5,0.0211,0.0365
195,2s,Ad,0.5457,0.4627,0.0,1.0,0,0,1.0,0.25,0.25,1,0.0,0.4,0.5,0,1.0,0.9167,0.4167,0.0833,0.6667,0.3333,1.0,0.0,0.25,0.25,0.25,0.25,0,0,0,1.0,0.3333,0.5,0.75,1.5,0.0273,0.0347
196,2s,Ah,0.0,0.0,0.0,1.0,0,0,1.0,0.25,0.25,1,0.0,0.4,0.0,1,1.0,0.9167,0.4167,0.0833,0.6667,0.3333,1.0,0.0,0.25,0.25,0.25,0.25,0,0,0,1.0,0.3333,0.5,0.75,1.5,0.0,0.0
197,2s,As,0.5212,0.5023,0.0,1.0,0,1,1.0,0.25,0.25,1,0.0,0.6,0.5,0,1.0,0.9167,0.4167,0.0833,0.6667,0.3333,1.0,0.0,0.25,0.25,0.25,0.25,0,0,0,1.0,0.3333,0.5,0.75,1.5,0.0261,0.0377
198,3c,3d,0.0,0.0,0.0833,0.0833,1,0,0.0,0.25,0.25,1,0.0,0.4,0.0,1,1.0,0.9167,0.4167,0.0833,0.6667,0.3333,1.0,0.0,0.25,0.25,0.25,0.25,0,0,0,1.0,0.3333,0.5,0.75,1.5,0.0,0.0
199,3c,3h,0.0,0.0,0.0833,0.0833,1,0,0.0,0.25,0.25,1,0.0,0.4,0.0,1,1.0,0.9167,0.4167,0.0833,0.6667,0.3333,1.0,0.0,0.25,0.25,0.25,0.25,0,0,0,1.0,0.3333,0.5,0.75,1.5,0.0,0.0
200,3c,3s,0.0,0.0,0.0833,0.0833,1,0,0.0,0.25,0.25,1,0.0,0.4,0.0,1,1.0,0.9167,0.4167,0.0833,0.6667,0.3333,1.0,0.0,0.25,0.25,0.25,0.25,0,0,0,1.0,0.3333,0.5,0.75,1.5,0.0,0.0
201,3c,4c,0.0,0.0,0.0833,0.1667,0,1,0.0833,0.25,0.25,1,0.0,0.6,0.0,1,1.0,0.9167,0.4167,0.0833,0.6667,0.3333,1.0,0.0,0.25,0.25,0.25,0.25,0,0,0,1.0,0.3333,0.5,0.75,1.5,0.0,0.0
202,3c,4d,0.0,0.0,0.0833,0.1667,0,0,0.0833,0.25,0.25,1,0.0,0.4,0.0,1,1.0,0.9167,0.4167,0.0833,0.6667,0.3333,1.0,0.0,0.25,0.25,0.25,0.25,0,0,0,1.0,0.3333,0.5,0.75,1.5,0.0,0.0
203,3c,4h,0.0,0.0,0.0833,0.1667,0,0,0.0833,0.25,0.25,1,0.0,0.4,0.0,1,1.0,0.9167,0.4167,0.0833,0.6667,0.3333,1.0,0.0,0.25,0.25,0.25,0.25,0,0,0,1.0,0.3333,0.5,0.75,1.5,0.0,0.0
204,3c,4s,0.0,0.0,0.0833,0.1667,0,0,0.0833,0.25,0.25,1,0.0,0.4,0.0,1,1.0,0.9167,0.4167,0.0833,0.6667,0.3333,1.0,0.0,0.25,0.25,0.25,0.25,0,0,0,1.0,0.3333,0.5,0.75,1.5,0.0,0.0
205,3c,5c,0.0,0.0,0.0833,0.25,0,1,0.1667,0.25,0.25,1,0.0,0.6,0.0,1,1.0,0.9167,0.4167,0.0833,0.6667,0.3333,1.0,0.0,0.25,0.25,0.25,0.25,0,0,0,1.0,0.3333,0.5,0.75,1.5,0.0,0.0
206,3c,5d,0.0,0.0,0.0833,0.25,0,0,0.1667,0.25,0.25,1,0.0,0.4,0.0,1,1.0,0.9167,0.4167,0.0833,0.6667,0.3333,1.0,0.0,0.25,0.25,0.25,0.25,0,0,0,1.0,0.3333,0.5,0.75,1.5,0.0,0.0
207,3c,5h,0.0,0.0,0.0833,0.25,0,0,0.1667,0.25,0.25,1,0.0,0.4,0.0,1,1.0,0.9167,0.4167,0.0833,0.6667,0.3333,1.0,0.0,0.25,0.25,0.25,0.25,0,0,0,1.0,0.3333,0.5,0.75,1.5,0.0,0.0
208,3c,5s,0.0,0.0,0.0833,0.25,0,0,0.1667,0.25,0.25,1,0.0,0.4,0.0,1,1.0,0.9167,0.4167,0.0833,0.6667,0.3333,1.0,0.0,0.25,0.25,0.25,0.25,0,0,0,1.0,0.3333,0.5,0.75,1.5,0.0,0.0
209,3c,6c,0.0,0.0,0.0833,0.3333,0,1,0.25,0.25,0.25,1,0.0,0.6,0.0,1,1.0,0.9167,0.4167,0.0833,0.6667,0.3333,1.0,0.0,0.25,0.25,0.25,0.25,0,0,0,1.0,0.3333,0.5,0.75,1.5,0.0,0.0
210,3c,6d,0.0,0.0,0.0833,0.3333,0,0,0.25,0.25,0.25,1,0.0,0.4,0.0,1,1.0,0.9167,0.4167,0.0833,0.6667,0.3333,1.0,0.0,0.25,0.25,0.25,0.25,0,0,0,1.0,0.3333,0.5,0.75,1.5,0.0,0.0
211,3c,6h,0.0,0.0,0.0833,0.3333,0,0,0.25,0.25,0.25,1,0.0,0.4,0.0,1,1.0,0.9167,0.4167,0.0833,0.6667,0.3333,1.0,0.0,0.25,0.25,0.25,0.25,0,0,0,1.0,0.3333,0.5,0.75,1.5,0.0,0.0
212,3c,6s,0.0,0.0,0.0833,0.3333,0,0,0.25,0.25,0.25,1,0.0,0.4,0.0,1,1.0,0.9167,0.4167,0.0833,0.6667,0.3333,1.0,0.0,0.25,0.25,0.25,0.25,0,0,0,1.0,0.3333,0.5,0.75,1.5,0.0,0.0
213,3c,7c,0.0,0.0,0.0833,0.4167,0,1,0.3333,0.25,0.25,1,0.0,0.6,0.0,1,1.0,0.9167,0.4167,0.0833,0.6667,0.3333,1.0,0.0,0.25,0.25,0.25,0.25,0,0,0,1.0,0.3333,0.5,0.75,1.5,0.0,0.0
214,3c,7d,0.0,0.0,0.0833,0.4167,0,0,0.3333,0.25,0.25,1,0.0,0.4,0.0,1,1.0,0.9167,0.4167,0.0833,0.6667,0.3333,1.0,0.0,0.25,0.25,0.25,0.25,0,0,0,1.0,0.3333,0.5,0.75,1.5,0.0,0.0
215,3c,7h,0.0,0.0,0.0833,0.4167,0,0,0.3333,0.25,0.25,1,0.0,0.4,0.0,1,1.0,0.9167,0.4167,0.0833,0.6667,0.3333,1.0,0.0,0.25,0.25,0.25,0.25,0,0,0,1.0,0.3333,0.5,0.75,1.5,0.0,0.0
216,3c,7s,0.0,0.0,0.0833,0.4167,0,0,0.3333,0.25,0.25,1,0.0,0.4,0.0,1,1.0,0.9167,0.4167,0.0833,0.6667,0.3333,1.0,0.0,0.25,0.25,0.25,0.25,0,0,0,1.0,0.3333,0.5,0.75,1.5,0.0,0.0
217,3c,8c,0.0,0.0,0.0833,0.5,0,1,0.4167,0.25,0.25,1,0.0,0.6,0.0,1,1.0,0.9167,0.4167,0.0833,0.6667,0.3333,1.0,0.0,0.25,0.25,0.25,0.25,0,0,0,1.0,0.3333,0.5,0.75,1.5,0.0,0.0
218,3c,8d,0.0,0.0,0.0833,0.5,0,0,0.4167,0.25,0.25,1,0.0,0.4,0.0,1,1.0,0.9167,0.4167,0.0833,0.6667,0.3333,1.0,0.0,0.25,0.25,0.25,0.25,0,0,0,1.0,0.3333,0.5,0.75,1.5,0.0,0.0
219,3c,8h,0.0,0.0,0.0833,0.5,0,0,0.4167,0.25,0.25,1,0.0,0.4,0.0,1,1.0,0.9167,0.4167,0.0833,0.6667,0.3333,1.0,0.0,0.25,0.25,0.25,0.25,0,0,0,1.0,0.3333,0.5,0.75,1.5,0.0,0.0
220,3c,8s,0.0,0.0,0.0833,0.5,0,0,0.4167,0.25,0.25,1,0.0,0.4,0.0,1,1.0,0.9167,0.4167,0.0833,0.6667,0.3333,1.0,0.0,0.25,0.25,0.25,0.25,0,0,0,1.0,0.3333,0.5,0.75,1.5,0.0,0.0
221,3c,9c,0.0,0.0,0.0833,0.5833,0,1,0.5,0.25,0.25,1,0.0,0.6,0.0,1,1.0,0.9167,0.4167,0.0833,0.6667,0.3333,1.0,0.0,0.25,0.25,0.25,0.25,0,0,0,1.0,0.3333,0.5,0.75,1.5,0.0,0.0
222,3c,9d,0.0,0.0,0.0833,0.5833,0,0,0.5,0.25,0.25,1,0.0,0.4,0.0,1,1.0,0.9167,0.4167,0.0833,0.6667,0.3333,1.0,0.0,0.25,0.25,0.25,0.25,0,0,0,1.0,0.3333,0.5,0.75,1.5,0.0,0.0
223,3c,9h,0.0,0.0,0.0833,0.5833,0,0,0.5,0.25,0.25,1,0.0,0.4,0.0,1,1.0,0.9167,0.4167,0.0833,0.6667,0.3333,1.0,0.0,0.25,0.25,0.25,0.25,0,0,0,1.0,0.3333,0.5,0.75,1.5,0.0,0.0
224,3c,9s,0.0,0.0,0.0833,0.5833,0,0,0.5,0.25,0.25,1,0.0,0.4,0.0,1,1.0,0.9167,0.4167,0.0833,0.6667,0.3333,1.0,0.0,0.25,0.25,0.25,0.25,0,0,0,1.0,0.3333,0.5,0.75,1.5,0.0,0.0
225,3c,Tc,0.0,0.0,0.0833,0.6667,0,1,0.5833,0.25,0.25,1,0.0,0.6,0.0,1,1.0,0.9167,0.4167,0.0833,0.6667,0.3333,1.0,0.0,0.25,0.25,0.25,0.25,0,0,0,1.0,0.3333,0.5,0.75,1.5,0.0,0.0
226,3c,Td,0.0,0.0,0.0833,0.6667,0,0,0.5833,0.25,0.25,1,0.0,0.4,0.0,1,1.0,0.9167,0.4167,0.0833,0.6667,0.3333,1.0,0.0,0.25,0.25,0.25,0.25,0,0,0,1.0,0.3333,0.5,0.75,1.5,0.0,0.0
227,3c,Th,0.0,0.0,0.0833,0.6667,0,0,0.5833,0.25,0.25,1,0.0,0.4,0.0,1,1.0,0.9167,0.4167,0.0833,0.6667,0.3333,1.0,0.0,0.25,0.25,0.25,0.25,0,0,0,1.0,0.3333,0.5,0.75,1.5,0.0,0.0
228,3c,Ts,0.0,0.0,0.0833,0.6667,0,0,0.5833,0.25,0.25,1,0.0,0.4,0.0,1,1.0,0.9167,0.4167,0.0833,0.6667,0.3333,1.0,0.0,0.25,0.25,0.25,0.25,0,0,0,1.0,0.3333,0.5,0.75,1.5,0.0,0.0
229,3c,Jc,0.0,0.0,0.0833,0.75,0,1,0.6667,0.25,0.25,1,0.0,0.6,0.0,1,1.0,0.9167,0.4167,0.0833,0.6667,0.3333,1.0,0.0,0.25,0.25,0.25,0.25,0,0,0,1.0,0.3333,0.5,0.75,1.5,0.0,0.0
230,3c,Jd,0.0,0.0,0.0833,0.75,0,0,0.6667,0.25,0.25,1,0.0,0.4,0.0,1,1.0,0.9167,0.4167,0.0833,0.6667,0.3333,1.0,0.0,0.25,0.25,0.25,0.25,0,0,0,1.0,0.3333,0.5,0.75,1.5,0.0,0.0
231,3c,Jh,0.0,0.0,0.0833,0.75,0,0,0.6667,0.25,0.25,1,0.0,0.4,0.0,1,1.0,0.9167,0.4167,0.0833,0.6667,0.3333,1.0,0.0,0.25,0.25,0.25,0.25,0,0,0,1.0,0.3333,0.5,0.75,1.5,0.0,0.0
232,3c,Js,0.0,0.0,0.0833,0.75,0,0,0.6667,0.25,0.25,1,0.0,0.4,0.0,1,1.0,0.9167,0.4167,0.0833,0.6667,0.3333,1.0,0.0,0.25,0.25,0.25,0.25,0,0,0,1.0,0.3333,0.5,0.75,1.5,0.0,0.0
233,3c,Qc,0.0,0.0,0.0833,0.8333,0,1,0.75,0.25,0.25,1,0.0,0.6,0.0,1,1.0,0.9167,0.4167,0.0833,0.6667,0.3333,1.0,0.0,0.25,0.25,0.25,0.25,0,0,0,1.0,0.3333,0.5,0.75,1.5,0.0,0.0
234,3c,Qd,0.0,0.0,0.0833,0.8333,0,0,0.75,0.25,0.25,1,0.0,0.4,0.0,1,1.0,0.9167,0.4167,0.0833,0.6667,0.3333,1.0,0.0,0.25,0.25,0.25,0.25,0,0,0,1.0,0.3333,0.5,0.75,1.5,0.0,0.0
235,3c,Qh,0.0,0.0,0.0833,0.8333,0,0,0.75,0.25,0.25,1,0.0,0.4,0.0,1,1.0,0.9167,0.4167,0.0833,0.6667,0.3333,1.0,0.0,0.25,0.25,0.25,0.25,0,0,0,1.0,0.3333,0.5,0.75,1.5,0.0,0.0
236,3c,Qs,0.0,0.0,0.0833,0.8333,0,0,0.75,0.25,0.25,1,0.0,0.4,0.0,1,1.0,0.9167,0.4167,0.0833,0.6667,0.3333,1.0,0.0,0.25,0.25,0.25,0.25,0,0,0,1.0,0.3333,0.5,0.75,1.5,0.0,0.0
237,3c,Kc,0.0,0.0,0.0833,0.9167,0,1,0.8333,0.25,0.25,1,0.0,0.6,0.0,1,1.0,0.9167,0.4167,0.0833,0.6667,0.3333,1.0,0.0,0.25,0.25,0.25,0.25,0,0,0,1.0,0.3333,0.5,0.75,1.5,0.0,0.0
238,3c,Kd,0.0,0.0,0.0833,0.9167,0,0,0.8333,0.25,0.25,1,0.0,0.4,0.0,1,1.0,0.9167,0.4167,0.0833,0.6667,0.3333,1.0,0.0,0.25,0.25,0.25,0.25,0,0,0,1.0,0.3333,0.5,0.75,1.5,0.0,0.0
239,3c,Kh,0.0,0.0,0.0833,0.9167,0,0,0.8333,0.25,0.25,1,0.0,0.4,0.0,1,1.0,0.9167,0.4167,0.0833,0.6667,0.3333,1.0,0.0,0.25,0.25,0.25,0.25,0,0,0,1.0,0.3333,0.5,0.75,1.5,0.0,0.0
240,3c,Ks,0.0,0.0,0.0833,0.9167,0,0,0.8333,0.25,0.25,1,0.0,0.4,0.0,1,1.0,0.9167,0.4167,0.0833,0.6667,0.3333,1.0,0.0,0.25,0.25,0.25,0.25,0,0,0,1.0,0.3333,0.5,0.75,1.5,0.0,0.0
241,3c,Ac,0.0,0.0,0.0833,1.0,0,1,0.9167,0.25,0.25,1,0.0,0.6,0.0,1,1.0,0.9167,0.4167,0.0833,0.6667,0.3333,1.0,0.0,0.25,0.25,0.25,0.25,0,0,0,1.0,0.3333,0.5,0.75,1.5,0.0,0.0
242,3c,Ad,0.0,0.0,0.0833,1.0,0,0,0.9167,0.25,0.25,1,0.0,0.4,0.0,1,1.0,0.9167,0.4167,0.0833,0.6667,0.3333,1.0,0.0,0.25,0.25,0.25,0.25,0,0,0,1.0,0.3333,0.5,0.75,1.5,0.0,0.0
243,3c,Ah,0.0,0.0,0.0833,1.0,0,0,0.9167,0.25,0.25,1,0.0,0.4,0.0,1,1.0,0.9167,0.4167,0.0833,0.6667,0.3333,1.0,0.0,0.25,0.25,0.25,0.25,0,0,0,1.0,0.3333,0.5,0.75,1.5,0.0,0.0
244,3c,As,0.0,0.0,0.0833,1.0,0,0,0.9167,0.25,0.25,1,0.0,0.4,0.0,1,1.0,0.9167,0.4167,0.0833,0.6667,0.3333,1.0,0.0,0.25,0.25,0.25,0.25,0,0,0,1.0,0.3333,0.5,0.75,1.5,0.0,0.0
245,3d,3h,0.277,0.3153,0.0833,0.0833,1,0,0.0,0.25,0.25,1,0.0,0.4,1.0,0,1.0,0.9167,0.4167,0.0833,0.6667,0.3333,1.0,0.0,0.25,0.25,0.25,0.25,0,0,0,1.0,0.3333,0.5,0.75,1.5,0.0831,0.1025
246,3d,3s,0.2509,0.3418,0.0833,0.0833,1,0,0.0,0.25,0.25,1,0.0,0.4,1.0,0,1.0,0.9167,0.4167,0.0833,0.6667,0.3333,1.0,0.0,0.25,0.25,0.25,0.25,0,0,0,1.0,0.3333,0.5,0.75,1.5,0.0753,0.1111
247,3d,4c,0.0253,0.2101,0.0833,0.1667,0,0,0.0833,0.25,0.25,1,0.0,0.4,0.2042,0,1.0,0.9167,0.4167,0.0833,0.6667,0.3333,1.0,0.0,0.25,0.25,0.25,0.25,0,0,0,1.0,0.3333,0.5,0.75,1.5,-0.0025,-0.0153
248,3d,4d,0.1327,0.1689,0.0833,0.1667,0,1,0.0833,0.25,0.25,1,0.0,0.6,0.2042,0,1.0,0.9167,0.4167,0.0833,0.6667,0.3333,1.0,0.0,0.25,0.25,0.25,0.25,0,0,0,1.0,0.3333,0.5,0.75,1.5,-0.013,-0.0123
249,3d,4h,0.1734,0.1591,0.0833,0.1667,0,0,0.0833,0.25,0.25,1,0.0,0.4,0.2042,0,1.0,0.9167,0.4167,0.0833,0.6667,0.3333,1.0,0.0,0.25,0.25,0.25,0.25,0,0,0,1.0,0.3333,0.5,0.75,1.5,-0.017,-0.0116
250,3d,4s,0.0978,0.039,0.0833,0.1667,0,0,0.0833,0.25,0.25,1,0.0,0.4,0.2042,0,1.0,0.9167,0.4167,0.0833,0.6667,0.3333,1.0,0.0,0.25,0.25,0.25,0.25,0,0,0,1.0,0.3333,0.5,0.75,1.5,-0.0096,-0.0028
251,3d,5c,0.1995,0.1327,0.0833,0.25,0,0,0.1667,0.25,0.25,1,0.0,0.4,0.2167,0,1.0,0.9167,0.4167,0.0833,0.6667,0.3333,1.0,0.0,0.25,0.25,0.25,0.25,0,0,0,1.0,0.3333,0.5,0.75,1.5,-0.0183,-0.0088
252,3d,5d,0.1294,0.2363,0.0833,0.25,0,1,0.1667,0.25,0.25,1,0.0,0.6,0.2167,0,1.0,0.9167,0.4167,0.0833,0.6667,0.3333,1.0,0.0,0.25,0.25,0.25,0.25,0,0,0,1.0,0.3333,0.5,0.75,1.5,-0.0119,-0.0158
253,3d,5h,0.2106,0.1267,0.0833,0.25,0,0,0.1667,0.25,0.25,1,0.0,0.4,0.2167,0,1.0,0.9167,0.4167,0.0833,0.6667,0.3333,1.0,0.0,0.25,0.25,0.25,0.25,0,0,0,1.0,0.3333,0.5,0.75,1.5,-0.0193,-0.0084
254,3d,5s,0.1285,0.1483,0.0833,0.25,0,0,0.1667,0.25,0.25,1,0.0,0.4,0.2167,0,1.0,0.9167,0.4167,0.0833,0.6667,0.3333,1.0,0.0,0.25,0.25,0.25,0.25,0,0,0,1.0,0.3333,0.5,0.75,1.5,-0.0118,-0.0099
255,3d,6c,0.1888,0.1675,0.0833,0.3333,0,0,0.25,0.25,0.25,1,0.0,0.4,0.2292,0,1.0,0.9167,0.4167,0.0833,0.6667,0.3333,1.0,0.0,0.25,0.25,0.25,0.25,0,0,0,1.0,0.3333,0.5,0.75,1.5,-0.0161,-0.0101
256,3d,6d,0.1338,0.1924,0.0833,0.3333,0,1,0.25,0.25,0.25,1,0.0,0.6,0.2292,0,1.0,0.9167,0.4167,0.0833,0.6667,0.3333,1.0,0.0,0.25,0.25,0.25,0.25,0,0,0,1.0,0.3333,0.5,0.75,1.5,-0.0114,-0.0116
257,3d,6h,0.2964,0.2438,0.0833,0.3333,0,0,0.25,0.25,0.25,1,0.0,0.4,0.2292,0,1.0,0.9167,0.4167,0.0833,0.6667,0.3333,1.0,0.0,0.25,0.25,0.25,0.25,0,0,0,1.0,0.3333,0.5,0.75,1.5,-0.0253,-0.0147
258,3d,6s,0.2889,0.2314,0.0833,0.3333,0,0,0.25,0.25,0.25,1,0.0,0.4,0.2292,0,1.0,0.9167,0.4167,0.0833,0.6667,0.3333,1.0,0.0,0.25,0.25,0.25,0.25,0,0,0,1.0,0.3333,0.5,0.75,1.5,-0.0247,-0.014
259,3d,7c,0.2102,0.2596,0.0833,0.4167,0,0,0.3333,0.25,0.25,1,0.0,0.4,0.675,0,1.0,0.9167,0.4167,0.0833,0.6667,0.3333,1.0,0.0,0.25,0.25,0.25,0.25,0,0,0,1.0,0.3333,0.5,0.75,1.5,0.0289,0.0422
260,3d,7d,0.1501,0.2074,0.0833,0.4167,0,1,0.3333,0.25,0.25,1,0.0,0.6,0.675,0,1.0,0.9167,0.4167,0.0833,0.6667,0.3333,1.0,0.0,0.25,0.25,0.25,0.25,0,0,0,1.0,0.3333,0.5,0.75,1.5,0.0206,0.0337
261,3d,7h,0.236,0.266,0.0833,0.4167,0,0,0.3333,0.25,0.25,1,0.0,0.4,0.675,0,1.0,0.9167,0.4167,0.0833,0.6667,0.3333,1.0,0.0,0.25,0.25,0.25,0.25,0,0,0,1.0,0.3333,0.5,0.75,1.5,0.0324,0.0432
262,3d,7s,0.0,0.0,0.0833,0.4167,0,0,0.3333,0.25,0.25,1,0.0,0.4,0.0,1,1.0,0.9167,0.4167,0.0833,0.6667,0.3333,1.0,0.0,0.25,0.25,0.25,0.25,0,0,0,1.0,0.3333,0.5,0.75,1.5,0.0,0.0
263,3d,8c,0.3226,0.2847,0.0833,0.5,0,0,0.4167,0.25,0.25,1,0.0,0.4,0.2542,0,1.0,0.9167,0.4167,0.0833,0.6667,0.3333,1.0,0.0,0.25,0.25,0.25,0.25,0,0,0,1.0,0.3333,0.5,0.75,1.5,-0.0235,-0.0136
264,3d,8d,0.2801,0.2344,0.0833,0.5,0,1,0.4167,0.25,0.25,1,0.0,0.6,0.2542,0,1.0,0.9167,0.4167,0.0833,0.6667,0.3333,1.0,0.0,0.25,0.25,0.25,0.25,0,0,0,1.0,0.3333,0.5,0.75,1.5,-0.0204,-0.0112
265,3d,8h,0.2863,0.3719,0.0833,0.5,0,0,0.4167,0.25,0.25,1,0.0,0.4,0.2542,0,1.0,0.9167,0.4167,0.0833,0.6667,0.3333,1.0,0.0,0.25,0.25,0.25,0.25,0,0,0,1.0,0.3333,0.5,0.75,1.5,-0.0209,-0.0178
266,3d,8s,0.3509,0.2256,0.0833,0.5,0,0,0.4167,0.25,0.25,1,0.0,0.4,0.2542,0,1.0,0.9167,0.4167,0.0833,0.6667,0.3333,1.0,0.0,0.25,0.25,0.25,0.25,0,0,0,1.0,0.3333,0.5,0.75,1.5,-0.0256,-0.0108
267,3d,9c,0.2503,0.3364,0.0833,0.5833,0,0,0.5,0.25,0.25,1,0.0,0.4,0.2667,0,1.0,0.9167,0.4167,0.0833,0.6667,0.3333,1.0,0.0,0.25,0.25,0.25,0.25,0,0,0,1.0,0.3333,0.5,0.75,1.5,-0.0167,-0.014
268,3d,9d,0.3599,0.3004,0.0833,0.5833,0,1,0.5,0.25,0.25,1,0.0,0.6,0.2667,0,1.0,0.9167,0.4167,0.0833,0.6667,0.3333,1.0,0.0,0.25,0.25,0.25,0.25,0,0,0,1.0,0.3333,0.5,0.75,1.5,-0.024,-0.0125
269,3d,9h,0.397,0.3836,0.0833,0.5833,0,0,0.5,0.25,0.25,1,0.0,0.4,0.2667,0,1.0,0.9167,0.4167,0.0833,0.6667,0.3333,1.0,0.0,0.25,0.25,0.25,0.25,0,0,0,1.0,0.3333,0.5,0.75,1.5,-0.0265,-0.016
270,3d,9s,0.3679,0.2783,0.0833,0.5833,0,0,0.5,0.25,0.25,1,0.0,0.4,0.2667,0,1.0,0.9167,0.4167,0.0833,0.6667,0.3333,1.0,0.0,0.25,0.25,0.25,0.25,0,0,0,1.0,0.3333,0.5,0.75,1.5,-0.0245,-0.0116
271,3d,Tc,0.4398,0.4049,0.0833,0.6667,0,0,0.5833,0.25,0.25,1,0.0,0.4,0.2792,0,1.0,0.9167,0.4167,0.0833,0.6667,0.3333,1.0,0.0,0.25,0.25,0.25,0.25,0,0,0,1.0,0.3333,0.5,0.75,1.5,-0.0266,-0.0143
272,3d,Td,0.449,0.495,0.0833,0.6667,0,1,0.5833,0.25,0.25,1,0.0,0.6,0.2792,0,1.0,0.9167,0.4167,0.0833,0.6667,0.3333,1.0,0.0,0.25,0.25,0.25,0.25,0,0,0,1.0,0.3333,0.5,0.75,1.5,-0.0271,-0.0175
273,3d,Th,0.5699,0.4146,0.0833,0.6667,0,0,0.5833,0.25,0.25,1,0.0,0.4,0.2792,0,1.0,0.9167,0.4167,0.0833,0.6667,0.3333,1.0,0.0,0.25,0.25,0.25,0.25,0,0,0,1.0,0.3333,0.5,0.75,1.5,-0.0344,-0.0147
274,3d,Ts,0.4829,0.526,0.0833,0.6667,0,0,0.5833,0.25,0.25,1,0.0,0.4,0.2792,0,1.0,0.9167,0.4167,0.0833,0.6667,0.3333,1.0,0.0,0.25,0.25,0.25,0.25,0,0,0,1.0,0.3333,0.5,0.75,1.5,-0.0292,-0.0186
275,3d,Jc,0.4389,0.5393,0.0833,0.75,0,0,0.6667,0.25,0.25,1,0.0,0.4,0.2917,0,1.0,0.9167,0.4167,0.0833,0.6667,0.3333,1.0,0.0,0.25,0.25,0.25,0.25,0,0,0,1.0,0.3333,0.5,0.75,1.5,-0.0238,-0.0157
276,3d,Jd,0.4989,0.4488,0.0833,0.75,0,1,0.6667,0.25,0.25,1,0.0,0.6,0.2917,0,1.0,0.9167,0.4167,0.0833,0.6667,0.3333,1.0,0.0,0.25,0.25,0.25,0.25,0,0,0,1.0,0.3333,0.5,0.75,1.5,-0.027,-0.0131
277,3d,Jh,0.5312,0.4011,0.0833,0.75,0,0,0.6667,0.25,0.25,1,0.0,0.4,0.2917,0,1.0,0.9167,0.4167,0.0833,0.6667,0.3333,1.0,0.0,0.25,0.25,0.25,0.25,0,0,0,1.0,0.3333,0.5,0.75,1.5,-0.0288,-0.0117
278,3d,Js,0.5502,0.554,0.0833,0.75,0,0,0.6667,0.25,0.25,1,0.0,0.4,0.2917,0,1.0,0.9167,0.4167,0.0833,0.6667,0.3333,1.0,0.0,0.25,0.25,0.25,0.25,0,0,0,1.0,0.3333,0.5,0.75,1.5,-0.0298,-0.0162
279,3d,Qc,0.4213,0.485,0.0833,0.8333,0,0,0.75,0.25,0.25,1,0.0,0.4,0.3042,0,1.0,0.9167,0.4167,0.0833,0.6667,0.3333,1.0,0.0,0.25,0.25,0.25,0.25,0,0,0,1.0,0.3333,0.5,0.75,1.5,-0.0202,-0.0111
280,3d,Qd,0.4352,0.5916,0.0833,0.8333,0,1,0.75,0.25,0.25,1,0.0,0.6,0.3042,0,1.0,0.9167,0.4167,0.0833,0.6667,0.3333,1.0,0.0,0.25,0.25,0.25,0.25,0,0,0,1.0,0.3333,0.5,0.75,1.5,-0.0209,-0.0136
281,3d,Qh,0.5036,0.41,0.0833,0.8333,0,0,0.75,0.25,0.25,1,0.0,0.4,0.3042,0,1.0,0.9167,0.4167,0.0833,0.6667,0.3333,1.0,0.0,0.25,0.25,0.25,0.25,0,0,0,1.0,0.3333,0.5,0.75,1.5,-0.0241,-0.0094
282,3d,Qs,0.4498,0.5697,0.0833,0.8333,0,0,0.75,0.25,0.25,1,0.0,0.4,0.3042,0,1.0,0.9167,0.4167,0.0833,0.6667,0.3333,1.0,0.0,0.25,0.25,0.25,0.25,0,0,0,1.0,0.3333,0.5,0.75,1.5,-0.0216,-0.0131
283,3d,Kc,0.4913,0.5603,0.0833,0.9167,0,0,0.8333,0.25,0.25,1,0.0,0.4,0.85,0,1.0,0.9167,0.4167,0.0833,0.6667,0.3333,1.0,0.0,0.25,0.25,0.25,0.25,0,0,0,1.0,0.3333,0.5,0.75,1.5,0.1105,0.1401
284,3d,Kd,0.0,0.0,0.0833,0.9167,0,1,0.8333,0.25,0.25,1,0.0,0.6,0.0,1,1.0,0.9167,0.4167,0.0833,0.6667,0.3333,1.0,0.0,0.25,0.25,0.25,0.25,0,0,0,1.0,0.3333,0.5,0.75,1.5,0.0,0.0
285,3d,Kh,0.5335,0.5976,0.0833,0.9167,0,0,0.8333,0.25,0.25,1,0.0,0.4,0.85,0,1.0,0.9167,0.4167,0.0833,0.6667,0.3333,1.0,0.0,0.25,0.25,0.25,0.25,0,0,0,1.0,0.3333,0.5,0.75,1.5,0.12,0.1494
286,3d,Ks,0.5191,0.59,0.0833,0.9167,0,0,0.8333,0.25,0.25,1,0.0,0.4,0.85,0,1.0,0.9167,0.4167,0.0833,0.6667,0.3333,1.0,0.0,0.25,0.25,0.25,0.25,0,0,0,1.0,0.3333,0.5,0.75,1.5,0.1168,0.1475
287,3d,Ac,0.62,0.5642,0.0833,1.0,0,0,0.9167,0.25,0.25,1,0.0,0.4,0.8792,0,1.0,0.9167,0.4167,0.0833,0.6667,0.3333,1.0,0.0,0.25,0.25,0.25,0.25,0,0,0,1.0,0.3333,0.5,0.75,1.5,0.1485,0.1493
288,3d,Ad,0.5855,0.5426,0.0833,1.0,0,1,0.9167,0.25,0.25,1,0.0,0.6,0.8792,0,1.0,0.9167,0.4167,0.0833,0.6667,0.3333,1.0,0.0,0.25,0.25,0.25,0.25,0,0,0,1.0,0.3333,0.5,0.75,1.5,0.1403,0.1436
289,3d,Ah,0.0,0.0,0.0833,1.0,0,0,0.9167,0.25,0.25,1,0.0,0.4,0.0,1,1.0,0.9167,0.4167,0.0833,0.6667,0.3333,1.0,0.0,0.25,0.25,0.25,0.25,0,0,0,1.0,0.3333,0.5,0.75,1.5,0.0,0.0
290,3d,As,0.6078,0.5512,0.0833,1.0,0,0,0.9167,0.25,0.25,1,0.0,0.4,0.8792,0,1.0,0.9167,0.4167,0.0833,0.6667,0.3333,1.0,0.0,0.25,0.25,0.25,0.25,0,0,0,1.0,0.3333,0.5,0.75,1.5,0.1456,0.1458
291,3h,3s,0.3794,0.3487,0.0833,0.0833,1,0,0.0,0.25,0.25,1,0.0,0.4,1.0,0,1.0,0.9167,0.4167,0.0833,0.6667,0.3333,1.0,0.0,0.25,0.25,0.25,0.25,0,0,0,1.0,0.3333,0.5,0.75,1.5,0.1138,0.1133
292,3h,4c,0.1199,0.0768,0.0833,0.1667,0,0,0.0833,0.25,0.25,1,0.0,0.4,0.2042,0,1.0,0.9167,0.4167,0.0833,0.6667,0.3333,1.0,0.0,0.25,0.25,0.25,0.25,0,0,0,1.0,0.3333,0.5,0.75,1.5,-0.0117,-0.0056
293,3h,4d,0.0744,0.1525,0.0833,0.1667,0,0,0.0833,0.25,0.25,1,0.0,0.4,0.2042,0,1.0,0.9167,0.4167,0.0833,0.6667,0.3333,1.0,0.0,0.25,0.25,0.25,0.25,0,0,0,1.0,0.3333,0.5,0.75,1.5,-0.0073,-0.0111
294,3h,4h,0.1782,0.1293,0.0833,0.1667,0,1,0.0833,0.25,0.25,1,0.0,0.6,0.2042,0,1.0,0.9167,0.4167,0.0833,0.6667,0.3333,1.0,0.0,0.25,0.25,0.25,0.25,0,0,0,1.0,0.3333,0.5,0.75,1.5,-0.0174,-0.0094
295,3h,4s,0.1503,0.0799,0.0833,0.1667,0,0,0.0833,0.25,0.25,1,0.0,0.4,0.2042,0,1.0,0.9167,0.4167,0.0833,0.6667,0.3333,1.0,0.0,0.25,0.25,0.25,0.25,0,0,0,1.0,0.3333,0.5,0.75,1.5,-0.0147,-0.0058
296,3h,5c,0.0822,0.1238,0.0833,0.25,0,0,0.1667,0.25,0.25,1,0.0,0.4,0.2167,0,1.0,0.9167,0.4167,0.0833,0.6667,0.3333,1.0,0.0,0.25,0.25,0.25,0.25,0,0,0,1.0,0.3333,0.5,0.75,1.5,-0.0075,-0.0083
297,3h,5d,0.121,0.1306,0.0833,0.25,0,0,0.1667,0.25,0.25,1,0.0,0.4,0.2167,0,1.0,0.9167,0.4167,0.0833,0.6667,0.3333,1.0,0.0,0.25,0.25,0.25,0.25,0,0,0,1.0,0.3333,0.5,0.75,1.5,-0.0111,-0.0087
298,3h,5h,0.1747,0.0943,0.0833,0.25,0,1,0.1667,0.25,0.25,1,0.0,0.6,0.2167,0,1.0,0.9167,0.4167,0.0833,0.6667,0.3333,1.0,0.0,0.25,0.25,0.25,0.25,0,0,0,1.0,0.3333,0.5,0.75,1.5,-0.016,-0.0063
299,3h,5s,0.1129,0.2055,0.0833,0.25,0,0,0.1667,0.25,0.25,1,0.0,0.4,0.2167,0,1.0,0.9167,0.4167,0.0833,0.6667,0.3333,1.0,0.0,0.25,0.25,0.25,0.25,0,0,0,1.0,0.3333,0.5,0.75,1.5,-0.0104,-0.0137
300,3h,6c,0.2496,0.1212,0.0833,0.3333,0,0,0.25,0.25,0.25,1,0.0,0.4,0.2292,0,1.0,0.9167,0.4167,0.0833,0.6667,0.3333,1.0,0.0,0.25,0.25,0.25,0.25,0,0,0,1.0,0.3333,0.5,0.75,1.5,-0.0213,-0.0073
301,3h,6d,0.1899,0.2169,0.0833,0.3333,0,0,0.25,0.25,0.25,1,0.0,0.4,0.2292,0,1.0,0.9167,0.4167,0.0833,0.6667,0.3333,1.0,0.0,0.25,0.25,0.25,0.25,0,0,0,1.0,0.3333,0.5,0.75,1.5,-0.0162,-0.0131
302,3h,6h,0.1915,0.1497,0.0833,0.3333,0,1,0.25,0.25,0.25,1,0.0,0.6,0.2292,0,1.0,0.9167,0.4167,0.0833,0.6667,0.3333,1.0,0.0,0.25,0.25,0.25,0.25,0,0,0,1.0,0.3333,0.5,0.75,1.5,-0.0164,-0.009
303,3h,6s,0.1924,0.2893,0.0833,0.3333,0,0,0.25,0.25,0.25,1,0.0,0.4,0.2292,0,1.0,0.9167,0.4167,0.0833,0.6667,0.3333,1.0,0.0,0.25,0.25,0.25,0.25,0,0,0,1.0,0.3333,0.5,0.75,1.5,-0.0164,-0.0175
304,3h,7c,0.2668,0.2891,0.0833,0.4167,0,0,0.3333,0.25,0.25,1,0.0,0.4,0.675,0,1.0,0.9167,0.4167,0.0833,0.6667,0.3333,1.0,0.0,0.25,0.25,0.25,0.25,0,0,0,1.0,0.3333,0.5,0.75,1.5,0.0367,0.047
305,3h,7d,0.3213,0.3031,0.0833,0.4167,0,0,0.3333,0.25,0.25,1,0.0,0.4,0.675,0,1.0,0.9167,0.4167,0.0833,0.6667,0.3333,1.0,0.0,0.25,0.25,0.25,0.25,0,0,0,1.0,0.3333,0.5,0.75,1.5,0.0442,0.0493
306,3h,7h,0.2261,0.1512,0.0833,0.4167,0,1,0.3333,0.25,0.25,1,0.0,0.6,0.675,0,1.0,0.9167,0.4167,0.0833,0.6667,0.3333,1.0,0.0,0.25,0.25,0.25,0.25,0,0,0,1.0,0.3333,0.5,0.75,1.5,0.0311,0.0246
307,3h,7s,0.0,0.0,0.0833,0.4167,0,0,0.3333,0.25,0.25,1,0.0,0.4,0.0,1,1.0,0.9167,0.4167,0.0833,0.6667,0.3333,1.0,0.0,0.25,0.25,0.25,0.25,0,0,0,1.0,0.3333,0.5,0.75,1.5,0.0,0.0
308,3h,8c,0.262,0.3424,0.0833,0.5,0,0,0.4167,0.25,0.25,1,0.0,0.4,0.2542,0,1.0,0.9167,0.4167,0.0833,0.6667,0.3333,1.0,0.0,0.25,0.25,0.25,0.25,0,0,0,1.0,0.3333,0.5,0.75,1.5,-0.0191,-0.0164
309,3h,8d,0.3624,0.3824,0.0833,0.5,0,0,0.4167,0.25,0.25,1,0.0,0.4,0.2542,0,1.0,0.9167,0.4167,0.0833,0.6667,0.3333,1.0,0.0,0.25,0.25,0.25,0.25,0,0,0,1.0,0.3333,0.5,0.75,1.5,-0.0264,-0.0183
310,3h,8h,0.2755,0.3412,0.0833,0.5,0,1,0.4167,0.25,0.25,1,0.0,0.6,0.2542,0,1.0,0.9167,0.4167,0.0833,0.6667,0.3333,1.0,0.0,0.25,0.25,0.25,0.25,0,0,0,1.0,0.3333,0.5,0.75,1.5,-0.0201,-0.0163
311,3h,8s,0.3009,0.3123,0.0833,0.5,0,0,0.4167,0.25,0.25,1,0.0,0.4,0.2542,0,1.0,0.9167,0.4167,0.0833,0.6667,0.3333,1.0,0.0,0.25,0.25,0.25,0.25,0,0,0,1.0,0.3333,0.5,0.75,1.5,-0.0219,-0.015
312,3h,9c,0.2774,0.2772,0.0833,0.5833,0,0,0.5,0.25,0.25,1,0.0,0.4,0.2667,0,1.0,0.9167,0.4167,0.0833,0.6667,0.3333,1.0,0.0,0.25,0.25,0.25,0.25,0,0,0,1.0,0.3333,0.5,0.75,1.5,-0.0185,-0.0116
313,3h,9d,0.3205,0.2391,0.0833,0.5833,0,0,0.5,0.25,0.25,1,0.0,0.4,0.2667,0,1.0,0.9167,0.4167,0.0833,0.6667,0.3333,1.0,0.0,0.25,0.25,0.25,0.25,0,0,0,1.0,0.3333,0.5,0.75,1.5,-0.0214,-0.01
314,3h,9h,0.3006,0.3692,0.0833,0.5833,0,1,0.5,0.25,0.25,1,0.0,0.6,0.2667,0,1.0,0.9167,0.4167,0.0833,0.6667,0.3333,1.0,0.0,0.25,0.25,0.25,0.25,0,0,0,1.0,0.3333,0.5,0.75,1.5,-0.02,-0.0154
315,3h,9s,0.3142,0.2663,0.0833,0.5833,0,0,0.5,0.25,0.25,1,0.0,0.4,0.2667,0,1.0,0.9167,0.4167,0.0833,0.6667,0.3333,1.0,0.0,0.25,0.25,0.25,0.25,0,0,0,1.0,0.3333,0.5,0.75,1.5,-0.0209,-0.0111
316,3h,Tc,0.4935,0.4255,0.0833,0.6667,0,0,0.5833,0.25,0.25,1,0.0,0.4,0.2792,0,1.0,0.9167,0.4167,0.0833,0.6667,0.3333,1.0,0.0,0.25,0.25,0.25,0.25,0,0,0,1.0,0.3333,0.5,0.75,1.5,-0.0298,-0.0151
317,3h,Td,0.5245,0.4054,0.0833,0.6667,0,0,0.5833,0.25,0.25,1,0.0,0.4,0.2792,0,1.0,0.9167,0.4167,0.0833,0.6667,0.3333,1.0,0.0,0.25,0.25,0.25,0.25,0,0,0,1.0,0.3333,0.5,0.75,1.5,-0.0317,-0.0144
318,3h,Th,0.4788,0.5129,0.0833,0.6667,0,1,0.5833,0.25,0.25,1,0.0,0.6,0.2792,0,1.0,0.9167,0.4167,0.0833,0.6667,0.3333,1.0,0.0,0.25,0.25,0.25,0.25,0,0,0,1.0,0.3333,0.5,0.75,1.5,-0.0289,-0.0182
319,3h,Ts,0.4054,0.5285,0.0833,0.6667,0,0,0.5833,0.25,0.25,1,0.0,0.4,0.2792,0,1.0,0.9167,0.4167,0.0833,0.6667,0.3333,1.0,0.0,0.25,0.25,0.25,0.25,0,0,0,1.0,0.3333,0.5,0.75,1.5,-0.0245,-0.0187
320,3h,Jc,0.4271,0.4923,0.0833,0.75,0,0,0.6667,0.25,0.25,1,0.0,0.4,0.2917,0,1.0,0.9167,0.4167,0.0833,0.6667,0.3333,1.0,0.0,0.25,0.25,0.25,0.25,0,0,0,1.0,0.3333,0.5,0.75,1.5,-0.0231,-0.0144
321,3h,Jd,0.4101,0.4758,0.0833,0.75,0,0,0.6667,0.25,0.25,1,0.0,0.4,0.2917,0,1.0,0.9167,0.4167,0.0833,0.6667,0.3333,1.0,0.0,0.25,0.25,0.25,0.25,0,0,0,1.0,0.3333,0.5,0.75,1.5,-0.0222,-0.0139
322,3h,Jh,0.4423,0.4654,0.0833,0.75,0,1,0.6667,0.25,0.25,1,0.0,0.6,0.2917,0,1.0,0.9167,0.4167,0.0833,0.6667,0.3333,1.0,0.0,0.25,0.25,0.25,0.25,0,0,0,1.0,0.3333,0.5,0.75,1.5,-0.024,-0.0136
323,3h,Js,0.5522,0.4758,0.0833,0.75,0,0,0.6667,0.25,0.25,1,0.0,0.4,0.2917,0,1.0,0.9167,0.4167,0.0833,0.6667,0.3333,1.0,0.0,0.25,0.25,0.25,0.25,0,0,0,1.0,0.3333,0.5,0.75,1.5,-0.0299,-0.0139
324,3h,Qc,0.5504,0.5664,0.0833,0.8333,0,0,0.75,0.25,0.25,1,0.0,0.4,0.3042,0,1.0,0.9167,0.4167,0.0833,0.6667,0.3333,1.0,0.0,0.25,0.25,0.25,0.25,0,0,0,1.0,0.3333,0.5,0.75,1.5,-0.0264,-0.013
325,3h,Qd,0.4505,0.4164,0.0833,0.8333,0,0,0.75,0.25,0.25,1,0.0,0.4,0.3042,0,1.0,0.9167,0.4167,0.0833,0.6667,0.3333,1.0,0.0,0.25,0.25,0.25,0.25,0,0,0,1.0,0.3333,0.5,0.75,1.5,-0.0216,-0.0095
326,3h,Qh,0.4039,0.5079,0.0833,0.8333,0,1,0.75,0.25,0.25,1,0.0,0.6,0.3042,0,1.0,0.9167,0.4167,0.0833,0.6667,0.3333,1.0,0.0,0.25,0.25,0.25,0.25,0,0,0,1.0,0.3333,0.5,0.75,1.5,-0.0194,-0.0116
327,3h,Qs,0.6,0.47,0.0833,0.8333,0,0,0.75,0.25,0.25,1,0.0,0.4,0.3042,0,1.0,0.9167,0.4167,0.0833,0.6667,0.3333,1.0,0.0,0.25,0.25,0.25,0.25,0,0,0,1.0,0.3333,0.5,0.75,1.5,-0.0287,-0.0108
328,3h,Kc,0.53,0.5562,0.0833,0.9167,0,0,0.8333,0.25,0.25,1,0.0,0.4,0.85,0,1.0,0.9167,0.4167,0.0833,0.6667,0.3333,1.0,0.0,0.25,0.25,0.25,0.25,0,0,0,1.0,0.3333,0.5,0.75,1.5,0.1193,0.1391
329,3h,Kd,0.0,0.0,0.0833,0.9167,0,0,0.8333,0.25,0.25,1,0.0,0.4,0.0,1,1.0,0.9167,0.4167,0.0833,0.6667,0.3333,1.0,0.0,0.25,0.25,0.25,0.25,0,0,0,1.0,0.3333,0.5,0.75,1.5,0.0,0.0
330,3h,Kh,0.5304,0.5508,0.0833,0.9167,0,1,0.8333,0.25,0.25,1,0.0,0.6,0.85,0,1.0,0.9167,0.4167,0.0833,0.6667,0.3333,1.0,0.0,0.25,0.25,0.25,0.25,0,0,0,1.0,0.3333,0.5,0.75,1.5,0.1193,0.1377
331,3h,Ks,0.5899,0.4399,0.0833,0.9167,0,0,0.8333,0.25,0.25,1,0.0,0.4,0.85,0,1.0,0.9167,0.4167,0.0833,0.6667,0.3333,1.0,0.0,0.25,0.25,0.25,0.25,0,0,0,1.0,0.3333,0.5,0.75,1.5,0.1327,0.11
332,3h,Ac,0.4457,0.4721,0.0833,1.0,0,0,0.9167,0.25,0.25,1,0.0,0.4,0.8792,0,1.0,0.9167,0.4167,0.0833,0.6667,0.3333,1.0,0.0,0.25,0.25,0.25,0.25,0,0,0,1.0,0.3333,0.5,0.75,1.5,0.1068,0.1249
333,3h,Ad,0.4669,0.5756,0.0833,1.0,0,0,0.9167,0.25,0.25,1,0.0,0.4,0.8792,0,1.0,0.9167,0.4167,0.0833,0.6667,0.3333,1.0,0.0,0.25,0.25,0.25,0.25,0,0,0,1.0,0.3333,0.5,0.75,1.5,0.1119,0.1523
334,3h,Ah,0.0,0.0,0.0833,1.0,0,1,0.9167,0.25,0.25,1,0.0,0.6,0.0,1,1.0,0.9167,0.4167,0.0833,0.6667,0.3333,1.0,0.0,0.25,0.25,0.25,0.25,0,0,0,1.0,0.3333,0.5,0.75,1.5,0.0,0.0
335,3h,As,0.5545,0.4853,0.0833,1.0,0,0,0.9167,0.25,0.25,1,0.0,0.4,0.8792,0,1.0,0.9167,0.4167,0.0833,0.6667,0.3333,1.0,0.0,0.25,0.25,0.25,0.25,0,0,0,1.0,0.3333,0.5,0.75,1.5,0.1328,0.1284
336,3s,4c,0.1649,0.1784,0.0833,0.1667,0,0,0.0833,0.25,0.25,1,0.0,0.4,0.2042,0,1.0,0.9167,0.4167,0.0833,0.6667,0.3333,1.0,0.0,0.25,0.25,0.25,0.25,0,0,0,1.0,0.3333,0.5,0.75,1.5,-0.0161,-0.013
337,3s,4d,0.0586,0.1464,0.0833,0.1667,0,0,0.0833,0.25,0.25,1,0.0,0.4,0.2042,0,1.0,0.9167,0.4167,0.0833,0.6667,0.3333,1.0,0.0,0.25,0.25,0.25,0.25,0,0,0,1.0,0.3333,0.5,0.75,1.5,-0.0057,-0.0107
338,3s,4h,0.1746,0.0479,0.0833,0.1667,0,0,0.0833,0.25,0.25,1,0.0,0.4,0.2042,0,1.0,0.9167,0.4167,0.0833,0.6667,0.3333,1.0,0.0,0.25,0.25,0.25,0.25,0,0,0,1.0,0.3333,0.5,0.75,1.5,-0.0171,-0.0035
339,3s,4s,0.1889,0.2179,0.0833,0.1667,0,1,0.0833,0.25,0.25,1,0.0,0.6,0.2042,0,1.0,0.9167,0.4167,0.0833,0.6667,0.3333,1.0,0.0,0.25,0.25,0.25,0.25,0,0,0,1.0,0.3333,0.5,0.75,1.5,-0.0185,-0.0159
340,3s,5c,0.0883,0.0718,0.0833,0.25,0,0,0.1667,0.25,0.25,1,0.0,0.4,0.2167,0,1.0,0.9167,0.4167,0.0833,0.6667,0.3333,1.0,0.0,0.25,0.25,0.25,0.25,0,0,0,1.0,0.3333,0.5,0.75,1.5,-0.0081,-0.0048
341,3s,5d,0.1291,0.2021,0.0833,0.25,0,0,0.1667,0.25,0.25,1,0.0,0.4,0.2167,0,1.0,0.9167,0.4167,0.0833,0.6667,0.3333,1.0,0.0,0.25,0.25,0.25,0.25,0,0,0,1.0,0.3333,0.5,0.75,1.5,-0.0118,-0.0135
342,3s,5h,0.2583,0.146,0.0833,0.25,0,0,0.1667,0.25,0.25,1,0.0,0.4,0.2167,0,1.0,0.9167,0.4167,0.0833,0.6667,0.3333,1.0,0.0,0.25,0.25,0.25,0.25,0,0,0,1.0,0.3333,0.5,0.75,1.5,-0.0237,-0.0097
343,3s,5s,0.2097,0.0819,0.0833,0.25,0,1,0.1667,0.25,0.25,1,0.0,0.6,0.2167,0,1.0,0.9167,0.4167,0.0833,0.6667,0.3333,1.0,0.0,0.25,0.25,0.25,0.25,0,0,0,1.0,0.3333,0.5,0.75,1.5,-0.0192,-0.0055
344,3s,6c,0.2465,0.2338,0.0833,0.3333,0,0,0.25,0.25,0.25,1,0.0,0.4,0.2292,0,1.0,0.9167,0.4167,0.0833,0.6667,0.3333,1.0,0.0,0.25,0.25,0.25,0.25,0,0,0,1.0,0.3333,0.5,0.75,1.5,-0.0211,-0.0141
345,3s,6d,0.1287,0.2628,0.0833,0.3333,0,0,0.25,0.25,0.25,1,0.0,0.4,0.2292,0,1.0,0.9167,0.4167,0.0833,0.6667,0.3333,1.0,0.0,0.25,0.25,0.25,0.25,0,0,0,1.0,0.3333,0.5,0.75,1.5,-0.011,-0.0159
346,3s,6h,0.2784,0.2284,0.0833,0.3333,0,0,0.25,0.25,0.25,1,0.0,0.4,0.2292,0,1.0,0.9167,0.4167,0.0833,0.6667,0.3333,1.0,0.0,0.25,0.25,0.25,0.25,0,0,0,1.0,0.3333,0.5,0.75,1.5,-0.0238,-0.0138
347,3s,6s,0.1325,0.3051,0.0833,0.3333,0,1,0.25,0.25,0.25,1,0.0,0.6,0.2292,0,1.0,0.9167,0.4167,0.0833,0.6667,0.3333,1.0,0.0,0.25,0.25,0.25,0.25,0,0,0,1.0,0.3333,0.5,0.75,1.5,-0.0113,-0.0184
348,3s,7c,0.3065,0.2194,0.0833,0.4167,0,0,0.3333,0.25,0.25,1,0.0,0.4,0.675,0,1.0,0.9167,0.4167,0.0833,0.6667,0.3333,1.0,0.0,0.25,0.25,0.25,0.25,0,0,0,1.0,0.3333,0.5,0.75,1.5,0.0421,0.0357
349,3s,7d,0.2357,0.2241,0.0833,0.4167,0,0,0.3333,0.25,0.25,1,0.0,0.4,0.675,0,1.0,0.9167,0.4167,0.0833,0.6667,0.3333,1.0,0.0,0.25,0.25,0.25,0.25,0,0,0,1.0,0.3333,0.5,0.75,1.5,0.0324,0.0364
350,3s,7h,0.2512,0.2182,0.0833,0.4167,0,0,0.3333,0.25,0.25,1,0.0,0.4,0.675,0,1.0,0.9167,0.4167,0.0833,0.6667,0.3333,1.0,0.0,0.25,0.25,0.25,0.25,0,0,0,1.0,0.3333,0.5,0.75,1.5,0.0345,0.0355
351,3s,7s,0.0,0.0,0.0833,0.4167,0,1,0.3333,0.25,0.25,1,0.0,0.6,0.0,1,1.0,0.9167,0.4167,0.0833,0.6667,0.3333,1.0,0.0,0.25,0.25,0.25,0.25,0,0,0,1.0,0.3333,0.5,0.75,1.5,0.0,0.0
352,3s,8c,0.3616,0.3561,0.0833,0.5,0,0,0.4167,0.25,0.25,1,0.0,0.4,0.2542,0,1.0,0.9167,0.4167,0.0833,0.6667,0.3333,1.0,0.0,0.25,0.25,0.25,0.25,0,0,0,1.0,0.3333,0.5,0.75,1.5,-0.0264,-0.0171
353,3s,8d,0.2128,0.3838,0.0833,0.5,0,0,0.4167,0.25,0.25,1,0.0,0.4,0.2542,0,1.0,0.9167,0.4167,0.0833,0.6667,0.3333,1.0,0.0,0.25,0.25,0.25,0.25,0,0,0,1.0,0.3333,0.5,0.75,1.5,-0.0155,-0.0184
354,3s,8h,0.3188,0.3574,0.0833,0.5,0,0,0.4167,0.25,0.25,1,0.0,0.4,0.2542,0,1.0,0.9167,0.4167,0.0833,0.6667,0.3333,1.0,0.0,0.25,0.25,0.25,0.25,0,0,0,1.0,0.3333,0.5,0.75,1.5,-0.0232,-0.0171
355,3s,8s,0.3331,0.2788,0.0833,0.5,0,1,0.4167,0.25,0.25,1,0.0,0.6,0.2542,0,1.0,0.9167,0.4167,0.0833,0.6667,0.3333,1.0,0.0,0.25,0.25,0.25,0.25,0,0,0,1.0,0.3333,0.5,0.75,1.5,-0.0243,-0.0134
356,3s,9c,0.3801,0.4264,0.0833,0.5833,0,0,0.5,0.25,0.25,1,0.0,0.4,0.2667,0,1.0,0.9167,0.4167,0.0833,0.6667,0.3333,1.0,0.0,0.25,0.25,0.25,0.25,0,0,0,1.0,0.3333,0.5,0.75,1.5,-0.0253,-0.0178
357,3s,9d,0.2873,0.395,0.0833,0.5833,0,0,0.5,0.25,0.25,1,0.0,0.4,0.2667,0,1.0,0.9167,0.4167,0.0833,0.6667,0.3333,1.0,0.0,0.25,0.25,0.25,0.25,0,0,0,1.0,0.3333,0.5,0.75,1.5,-0.0192,-0.0165
358,3s,9h,0.341,0.33,0.0833,0.5833,0,0,0.5,0.25,0.25,1,0.0,0.4,0.2667,0,1.0,0.9167,0.4167,0.0833,0.6667,0.3333,1.0,0.0,0.25,0.25,0.25,0.25,0,0,0,1.0,0.3333,0.5,0.75,1.5,-0.0227,-0.0138
359,3s,9s,0.3204,0.3795,0.0833,0.5833,0,1,0.5,0.25,0.25,1,0.0,0.6,0.2667,0,1.0,0.9167,0.4167,0.0833,0.6667,0.3333,1.0,0.0,0.25,0.25,0.25,0.25,0,0,0,1.0,0.3333,0.5,0.75,1.5,-0.0214,-0.0158
360,3s,Tc,0.4537,0.5703,0.0833,0.6667,0,0,0.5833,0.25,0.25,1,0.0,0.4,0.2792,0,1.0,0.9167,0.4167,0.0833,0.6667,0.3333,1.0,0.0,0.25,0.25,0.25,0.25,0,0,0,1.0,0.3333,0.5,0.75,1.5,-0.0274,-0.0202
361,3s,Td,0.5661,0.4173,0.0833,0.6667,0,0,0.5833,0.25,0.25,1,0.0,0.4,0.2792,0,1.0,0.9167,0.4167,0.0833,0.6667,0.3333,1.0,0.0,0.25,0.25,0.25,0.25,0,0,0,1.0,0.3333,0.5,0.75,1.5,-0.0342,-0.0148
362,3s,Th,0.5763,0.4488,0.0833,0.6667,0,0,0.5833,0.25,0.25,1,0.0,0.4,0.2792,0,1.0,0.9167,0.4167,0.0833,0.6667,0.3333,1.0,0.0,0.25,0.25,0.25,0.25,0,0,0,1.0,0.3333,0.5,0.75,1.5,-0.0348,-0.0159
363,3s,Ts,0.4929,0.5221,0.0833,0.6667,0,1,0.5833,0.25,0.25,1,0.0,0.6,0.2792,0,1.0,0.9167,0.4167,0.0833,0.6667,0.3333,1.0,0.0,0.25,0.25,0.25,0.25,0,0,0,1.0,0.3333,0.5,0.75,1.5,-0.0298,-0.0185
364,3s,Jc,0.4758,0.4057,0.0833,0.75,0,0,0.6667,0.25,0.25,1,0.0,0.4,0.2917,0,1.0,0.9167,0.4167,0.0833,0.6667,0.3333,1.0,0.0,0.25,0.25,0.25,0.25,0,0,0,1.0,0.3333,0.5,0.75,1.5,-0.0258,-0.0118
365,3s,Jd,0.5702,0.4364,0.0833,0.75,0,0,0.6667,0.25,0.25,1,0.0,0.4,0.2917,0,1.0,0.9167,0.4167,0.0833,0.6667,0.3333,1.0,0.0,0.25,0.25,0.25,0.25,0,0,0,1.0,0.3333,0.5,0.75,1.5,-0.0309,-0.0127
366,3s,Jh,0.4424,0.5596,0.0833,0.75,0,0,0.6667,0.25,0.25,1,0.0,0.4,0.2917,0,1.0,0.9167,0.4167,0.0833,0.6667,0.3333,1.0,0.0,0.25,0.25,0.25,0.25,0,0,0,1.0,0.3333,0.5,0.75,1.5,-0.024,-0.0163
367,3s,Js,0.4681,0.5761,0.0833,0.75,0,1,0.6667,0.25,0.25,1,0.0,0.6,0.2917,0,1.0,0.9167,0.4167,0.0833,0.6667,0.3333,1.0,0.0,0.25,0.25,0.25,0.25,0,0,0,1.0,0.3333,0.5,0.75,1.5,-0.0254,-0.0168
368,3s,Qc,0.5402,0.4553,0.0833,0.8333,0,0,0.75,0.25,0.25,1,0.0,0.4,0.3042,0,1.0,0.9167,0.4167,0.0833,0.6667,0.3333,1.0,0.0,0.25,0.25,0.25,0.25,0,0,0,1.0,0.3333,0.5,0.75,1.5,-0.0259,-0.0104
369,3s,Qd,0.402,0.5896,0.0833,0.8333,0,0,0.75,0.25,0.25,1,0.0,0.4,0.3042,0,1.0,0.9167,0.4167,0.0833,0.6667,0.3333,1.0,0.0,0.25,0.25,0.25,0.25,0,0,0,1.0,0.3333,0.5,0.75,1.5,-0.0193,-0.0135
370,3s,Qh,0.4171,0.544,0.0833,0.8333,0,0,0.75,0.25,0.25,1,0.0,0.4,0.3042,0,1.0,0.9167,0.4167,0.0833,0.6667,0.3333,1.0,0.0,0.25,0.25,0.25,0.25,0,0,0,1.0,0.3333,0.5,0.75,1.5,-0.02,-0.0125
371,3s,Qs,0.4977,0.5516,0.0833,0.8333,0,1,0.75,0.25,0.25,1,0.0,0.6,0.3042,0,1.0,0.9167,0.4167,0.0833,0.6667,0.3333,1.0,0.0,0.25,0.25,0.25,0.25,0,0,0,1.0,0.3333,0.5,0.75,1.5,-0.0238,-0.0126
372,3s,Kc,0.5381,0.5292,0.0833,0.9167,0,0,0.8333,0.25,0.25,1,0.0,0.4,0.85,0,1.0,0.9167,0.4167,0.0833,0.6667,0.3333,1.0,0.0,0.25,0.25,0.25,0.25,0,0,0,1.0,0.3333,0.5,0.75,1.5,0.1211,0.1323
373,3s,Kd,0.0,0.0,0.0833,0.9167,0,0,0.8333,0.25,0.25,1,0.0,0.4,0.0,1,1.0,0.9167,0.4167,0.0833,0.6667,0.3333,1.0,0.0,0.25,0.25,0.25,0.25,0,0,0,1.0,0.3333,0.5,0.75,1.5,0.0,0.0
374,3s,Kh,0.4982,0.5586,0.0833,0.9167,0,0,0.8333,0.25,0.25,1,0.0,0.4,0.85,0,1.0,0.9167,0.4167,0.0833,0.6667,0.3333,1.0,0.0,0.25,0.25,0.25,0.25,0,0,0,1.0,0.3333,0.5,0.75,1.5,0.1121,0.1396
375,3s,Ks,0.4186,0.4443,0.0833,0.9167,0,1,0.8333,0.25,0.25,1,0.0,0.6,0.85,0,1.0,0.9167,0.4167,0.0833,0.6667,0.3333,1.0,0.0,0.25,0.25,0.25,0.25,0,0,0,1.0,0.3333,0.5,0.75,1.5,0.0942,0.1111
376,3s,Ac,0.58,0.5029,0.0833,1.0,0,0,0.9167,0.25,0.25,1,0.0,0.4,0.8792,0,1.0,0.9167,0.4167,0.0833,0.6667,0.3333,1.0,0.0,0.25,0.25,0.25,0.25,0,0,0,1.0,0.3333,0.5,0.75,1.5,0.139,0.1331
377,3s,Ad,0.558,0.5363,0.0833,1.0,0,0,0.9167,0.25,0.25,1,0.0,0.4,0.8792,0,1.0,0.9167,0.4167,0.0833,0.6667,0.3333,1.0,0.0,0.25,0.25,0.25,0.25,0,0,0,1.0,0.3333,0.5,0.75,1.5,0.1337,0.1419
378,3s,Ah,0.0,0.0,0.0833,1.0,0,0,0.9167,0.25,0.25,1,0.0,0.4,0.0,1,1.0,0.9167,0.4167,0.0833,0.6667,0.3333,1.0,0.0,0.25,0.25,0.25,0.25,0,0,0,1.0,0.3333,0.5,0.75,1.5,0.0,0.0
379,3s,As,0.5479,0.5268,0.0833,1.0,0,1,0.9167,0.25,0.25,1,0.0,0.6,0.8792,0,1.0,0.9167,0.4167,0.0833,0.6667,0.3333,1.0,0.0,0.25,0.25,0.25,0.25,0,0,0,1.0,0.3333,0.5,0.75,1.5,0.1313,0.1394
380,4c,4d,0.3492,0.2662,0.1667,0.1667,1,0,0.0,0.25,0.25,0,0.0,0.4,0.3,0,1.0,0.9167,0.4167,0.0833,0.6667,0.3333,1.0,0.0,0.25,0.25,0.25,0.25,0,0,0,1.0,0.3333,0.5,0.75,1.5,-0.0175,-0.0067
381,4c,4h,0.3406,0.2542,0.1667,0.1667,1,0,0.0,0.25,0.25,0,0.0,0.4,0.3,0,1.0,0.9167,0.4167,0.0833,0.6667,0.3333,1.0,0.0,0.25,0.25,0.25,0.25,0,0,0,1.0,0.3333,0.5,0.75,1.5,-0.017,-0.0064
382,4c,4s,0.2503,0.2241,0.1667,0.1667,1,0,0.0,0.25,0.25,0,0.0,0.4,0.3,0,1.0,0.9167,0.4167,0.0833,0.6667,0.3333,1.0,0.0,0.25,0.25,0.25,0.25,0,0,0,1.0,0.3333,0.5,0.75,1.5,-0.0125,-0.0056
383,4c,5c,0.1469,0.1322,0.1667,0.25,0,1,0.0833,0.25,0.25,0,0.0,0.6,0.0625,0,1.0,0.9167,0.4167,0.0833,0.6667,0.3333,1.0,0.0,0.25,0.25,0.25,0.25,0,0,0,1.0,0.3333,0.5,0.75,1.5,-0.0248,-0.019
384,4c,5d,0.2155,0.2608,0.1667,0.25,0,0,0.0833,0.25,0.25,0,0.0,0.4,0.0625,0,1.0,0.9167,0.4167,0.0833,0.6667,0.3333,1.0,0.0,0.25,0.25,0.25,0.25,0,0,0,1.0,0.3333,0.5,0.75,1.5,-0.0364,-0.0375
385,4c,5h,0.1454,0.1516,0.1667,0.25,0,0,0.0833,0.25,0.25,0,0.0,0.4,0.0625,0,1.0,0.9167,0.4167,0.0833,0.6667,0.3333,1.0,0.0,0.25,0.25,0.25,0.25,0,0,0,1.0,0.3333,0.5,0.75,1.5,-0.0245,-0.0218
386,4c,5s,0.2052,0.2533,0.1667,0.25,0,0,0.0833,0.25,0.25,0,0.0,0.4,0.0625,0,1.0,0.9167,0.4167,0.0833,0.6667,0.3333,1.0,0.0,0.25,0.25,0.25,0.25,0,0,0,1.0,0.3333,0.5,0.75,1.5,-0.0346,-0.0364
387,4c,6c,0.3453,0.2549,0.1667,0.3333,0,1,0.1667,0.25,0.25,0,0.0,0.6,0.075,0,1.0,0.9167,0.4167,0.0833,0.6667,0.3333,1.0,0.0,0.25,0.25,0.25,0.25,0,0,0,1.0,0.3333,0.5,0.75,1.5,-0.0561,-0.0351
388,4c,6d,0.2066,0.1701,0.1667,0.3333,0,0,0.1667,0.25,0.25,0,0.0,0.4,0.075,0,1.0,0.9167,0.4167,0.0833,0.6667,0.3333,1.0,0.0,0.25,0.25,0.25,0.25,0,0,0,1.0,0.3333,0.5,0.75,1.5,-0.0336,-0.0234
389,4c,6h,0.1888,0.1955,0.1667,0.3333,0,0,0.1667,0.25,0.25,0,0.0,0.4,0.075,0,1.0,0.9167,0.4167,0.0833,0.6667,0.3333,1.0,0.0,0.25,0.25,0.25,0.25,0,0,0,1.0,0.3333,0.5,0.75,1.5,-0.0307,-0.0269
390,4c,6s,0.1859,0.1528,0.1667,0.3333,0,0,0.1667,0.25,0.25,0,0.0,0.4,0.075,0,1.0,0.9167,0.4167,0.0833,0.6667,0.3333,1.0,0.0,0.25,0.25,0.25,0.25,0,0,0,1.0,0.3333,0.5,0.75,1.5,-0.0302,-0.021
391,4c,7c,0.2985,0.2465,0.1667,0.4167,0,1,0.25,0.25,0.25,1,0.0,0.6,0.3208,0,1.0,0.9167,0.4167,0.0833,0.6667,0.3333,1.0,0.0,0.25,0.25,0.25,0.25,0,0,0,1.0,0.3333,0.5,0.75,1.5,-0.0118,-0.0036
392,4c,7d,0.3865,0.3023,0.1667,0.4167,0,0,0.25,0.25,0.25,1,0.0,0.4,0.3208,0,1.0,0.9167,0.4167,0.0833,0.6667,0.3333,1.0,0.0,0.25,0.25,0.25,0.25,0,0,0,1.0,0.3333,0.5,0.75,1.5,-0.0153,-0.0044
393,4c,7h,0.3312,0.2169,0.1667,0.4167,0,0,0.25,0.25,0.25,1,0.0,0.4,0.3208,0,1.0,0.9167,0.4167,0.0833,0.6667,0.3333,1.0,0.0,0.25,0.25,0.25,0.25,0,0,0,1.0,0.3333,0.5,0.75,1.5,-0.0131,-0.0032
394,4c,7s,0.0,0.0,0.1667,0.4167,0,0,0.25,0.25,0.25,1,0.0,0.4,0.0,1,1.0,0.9167,0.4167,0.0833,0.6667,0.3333,1.0,0.0,0.25,0.25,0.25,0.25,0,0,0,1.0,0.3333,0.5,0.75,1.5,0.0,0.0
395,4c,8c,0.407,0.3315,0.1667,0.5,0,1,0.3333,0.25,0.25,0,0.0,0.6,0.1,0,1.0,0.9167,0.4167,0.0833,0.6667,0.3333,1.0,0.0,0.25,0.25,0.25,0.25,0,0,0,1.0,0.3333,0.5,0.75,1.5,-0.0611,-0.0414
396,4c,8d,0.4079,0.3481,0.1667,0.5,0,0,0.3333,0.25,0.25,0,0.0,0.4,0.1,0,1.0,0.9167,0.4167,0.0833,0.6667,0.3333,1.0,0.0,0.25,0.25,0.25,0.25,0,0,0,1.0,0.3333,0.5,0.75,1.5,-0.0612,-0.0435
397,4c,8h,0.3272,0.3214,0.1667,0.5,0,0,0.3333,0.25,0.25,0,0.0,0.4,0.1,0,1.0,0.9167,0.4167,0.0833,0.6667,0.3333,1.0,0.0,0.25,0.25,0.25,0.25,0,0,0,1.0,0.3333,0.5,0.75,1.5,-0.0491,-0.0402
398,4c,8s,0.2702,0.2436,0.1667,0.5,0,0,0.3333,0.25,0.25,0,0.0,0.4,0.1,0,1.0,0.9167,0.4167,0.0833,0.6667,0.3333,1.0,0.0,0.25,0.25,0.25,0.25,0,0,0,1.0,0.3333,0.5,0.75,1.5,-0.0405,-0.0305
399,4c,9c,0.4632,0.3705,0.1667,0.5833,0,1,0.4167,0.25,0.25,0,0.0,0.6,0.1125,0,1.0,0.9167,0.4167,0.0833,0.6667,0.3333,1.0,0.0,0.25,0.25,0.25,0.25,0,0,0,1.0,0.3333,0.5,0.75,1.5,-0.0666,-0.044
400,4c,9d,0.4394,0.3551,0.1667,0.5833,0,0,0.4167,0.25,0.25,0,0.0,0.4,0.1125,0,1.0,0.9167,0.4167,0.0833,0.6667,0.3333,1.0,0.0,0.25,0.25,0.25,0.25,0,0,0,1.0,0.3333,0.5,0.75,1.5,-0.0632,-0.0422
401,4c,9h,0.2898,0.4009,0.1667,0.5833,0,0,0.4167,0.25,0.25,0,0.0,0.4,0.1125,0,1.0,0.9167,0.4167,0.0833,0.6667,0.3333,1.0,0.0,0.25,0.25,0.25,0.25,0,0,0,1.0,0.3333,0.5,0.75,1.5,-0.0417,-0.0476
402,4c,9s,0.2857,0.3048,0.1667,0.5833,0,0,0.4167,0.25,0.25,0,0.0,0.4,0.1125,0,1.0,0.9167,0.4167,0.0833,0.6667,0.3333,1.0,0.0,0.25,0.25,0.25,0.25,0,0,0,1.0,0.3333,0.5,0.75,1.5,-0.0411,-0.0362
403,4c,Tc,0.5126,0.4608,0.1667,0.6667,0,1,0.5,0.25,0.25,0,0.0,0.6,0.125,0,1.0,0.9167,0.4167,0.0833,0.6667,0.3333,1.0,0.0,0.25,0.25,0.25,0.25,0,0,0,1.0,0.3333,0.5,0.75,1.5,-0.0705,-0.0518
404,4c,Td,0.5988,0.4237,0.1667,0.6667,0,0,0.5,0.25,0.25,0,0.0,0.4,0.125,0,1.0,0.9167,0.4167,0.0833,0.6667,0.3333,1.0,0.0,0.25,0.25,0.25,0.25,0,0,0,1.0,0.3333,0.5,0.75,1.5,-0.0823,-0.0477
405,4c,Th,0.5529,0.5213,0.1667,0.6667,0,0,0.5,0.25,0.25,0,0.0,0.4,0.125,0,1.0,0.9167,0.4167,0.0833,0.6667,0.3333,1.0,0.0,0.25,0.25,0.25,0.25,0,0,0,1.0,0.3333,0.5,0.75,1.5,-0.076,-0.0586
406,4c,Ts,0.5581,0.4451,0.1667,0.6667,0,0,0.5,0.25,0.25,0,0.0,0.4,0.125,0,1.0,0.9167,0.4167,0.0833,0.6667,0.3333,1.0,0.0,0.25,0.25,0.25,0.25,0,0,0,1.0,0.3333,0.5,0.75,1.5,-0.0767,-0.0501
407,4c,Jc,0.5045,0.4901,0.1667,0.75,0,1,0.5833,0.25,0.25,0,0.0,0.6,0.1375,0,1.0,0.9167,0.4167,0.0833,0.6667,0.3333,1.0,0.0,0.25,0.25,0.25,0.25,0,0,0,1.0,0.3333,0.5,0.75,1.5,-0.0662,-0.0521
408,4c,Jd,0.4885,0.572,0.1667,0.75,0,0,0.5833,0.25,0.25,0,0.0,0.4,0.1375,0,1.0,0.9167,0.4167,0.0833,0.6667,0.3333,1.0,0.0,0.25,0.25,0.25,0.25,0,0,0,1.0,0.3333,0.5,0.75,1.5,-0.0641,-0.0608
409,4c,Jh,0.598,0.4611,0.1667,0.75,0,0,0.5833,0.25,0.25,0,0.0,0.4,0.1375,0,1.0,0.9167,0.4167,0.0833,0.6667,0.3333,1.0,0.0,0.25,0.25,0.25,0.25,0,0,0,1.0,0.3333,0.5,0.75,1.5,-0.0785,-0.049
410,4c,Js,0.5242,0.5219,0.1667,0.75,0,0,0.5833,0.25,0.25,0,0.0,0.4,0.1375,0,1.0,0.9167,0.4167,0.0833,0.6667,0.3333,1.0,0.0,0.25,0.25,0.25,0.25,0,0,0,1.0,0.3333,0.5,0.75,1.5,-0.0688,-0.0555
411,4c,Qc,0.548,0.5895,0.1667,0.8333,0,1,0.6667,0.25,0.25,0,0.0,0.6,0.15,0,1.0,0.9167,0.4167,0.0833,0.6667,0.3333,1.0,0.0,0.25,0.25,0.25,0.25,0,0,0,1.0,0.3333,0.5,0.75,1.5,-0.0685,-0.059
412,4c,Qd,0.4416,0.4422,0.1667,0.8333,0,0,0.6667,0.25,0.25,0,0.0,0.4,0.15,0,1.0,0.9167,0.4167,0.0833,0.6667,0.3333,1.0,0.0,0.25,0.25,0.25,0.25,0,0,0,1.0,0.3333,0.5,0.75,1.5,-0.0552,-0.0442
413,4c,Qh,0.5321,0.4314,0.1667,0.8333,0,0,0.6667,0.25,0.25,0,0.0,0.4,0.15,0,1.0,0.9167,0.4167,0.0833,0.6667,0.3333,1.0,0.0,0.25,0.25,0.25,0.25,0,0,0,1.0,0.3333,0.5,0.75,1.5,-0.0665,-0.0431
414,4c,Qs,0.4348,0.415,0.1667,0.8333,0,0,0.6667,0.25,0.25,0,0.0,0.4,0.15,0,1.0,0.9167,0.4167,0.0833,0.6667,0.3333,1.0,0.0,0.25,0.25,0.25,0.25,0,0,0,1.0,0.3333,0.5,0.75,1.5,-0.0543,-0.0415
415,4c,Kc,0.4422,0.5318,0.1667,0.9167,0,1,0.75,0.25,0.25,1,0.0,0.6,0.4958,0,1.0,0.9167,0.4167,0.0833,0.6667,0.3333,1.0,0.0,0.25,0.25,0.25,0.25,0,0,0,1.0,0.3333,0.5,0.75,1.5,0.0212,0.0388
416,4c,Kd,0.0,0.0,0.1667,0.9167,0,0,0.75,0.25,0.25,1,0.0,0.4,0.0,1,1.0,0.9167,0.4167,0.0833,0.6667,0.3333,1.0,0.0,0.25,0.25,0.25,0.25,0,0,0,1.0,0.3333,0.5,0.75,1.5,0.0,0.0
417,4c,Kh,0.5604,0.4999,0.1667,0.9167,0,0,0.75,0.25,0.25,1,0.0,0.4,0.4958,0,1.0,0.9167,0.4167,0.0833,0.6667,0.3333,1.0,0.0,0.25,0.25,0.25,0.25,0,0,0,1.0,0.3333,0.5,0.75,1.5,0.0269,0.0365
418,4c,Ks,0.488,0.5831,0.1667,0.9167,0,0,0.75,0.25,0.25,1,0.0,0.4,0.4958,0,1.0,0.9167,0.4167,0.0833,0.6667,0.3333,1.0,0.0,0.25,0.25,0.25,0.25,0,0,0,1.0,0.3333,0.5,0.75,1.5,0.0234,0.0425
419,4c,Ac,0.6239,0.5741,0.1667,1.0,0,1,0.8333,0.25,0.25,1,0.0,0.6,0.525,0,1.0,0.9167,0.4167,0.0833,0.6667,0.3333,1.0,0.0,0.25,0.25,0.25,0.25,0,0,0,1.0,0.3333,0.5,0.75,1.5,0.039,0.0502
420,4c,Ad,0.6208,0.6681,0.1667,1.0,0,0,0.8333,0.25,0.25,1,0.0,0.4,0.525,0,1.0,0.9167,0.4167,0.0833,0.6667,0.3333,1.0,0.0,0.25,0.25,0.25,0.25,0,0,0,1.0,0.3333,0.5,0.75,1.5,0.0388,0.0585
421,4c,Ah,0.0,0.0,0.1667,1.0,0,0,0.8333,0.25,0.25,1,0.0,0.4,0.0,1,1.0,0.9167,0.4167,0.0833,0.6667,0.3333,1.0,0.0,0.25,0.25,0.25,0.25,0,0,0,1.0,0.3333,0.5,0.75,1.5,0.0,0.0
422,4c,As,0.6409,0.6083,0.1667,1.0,0,0,0.8333,0.25,0.25,1,0.0,0.4,0.525,0,1.0,0.9167,0.4167,0.0833,0.6667,0.3333,1.0,0.0,0.25,0.25,0.25,0.25,0,0,0,1.0,0.3333,0.5,0.75,1.5,0.0401,0.0532
423,4d,4h,0.3322,0.3867,0.1667,0.1667,1,0,0.0,0.25,0.25,0,0.0,0.4,0.3,0,1.0,0.9167,0.4167,0.0833,0.6667,0.3333,1.0,0.0,0.25,0.25,0.25,0.25,0,0,0,1.0,0.3333,0.5,0.75,1.5,-0.0166,-0.0097
424,4d,4s,0.285,0.3089,0.1667,0.1667,1,0,0.0,0.25,0.25,0,0.0,0.4,0.3,0,1.0,0.9167,0.4167,0.0833,0.6667,0.3333,1.0,0.0,0.25,0.25,0.25,0.25,0,0,0,1.0,0.3333,0.5,0.75,1.5,-0.0143,-0.0077
425,4d,5c,0.2379,0.29,0.1667,0.25,0,0,0.0833,0.25,0.25,0,0.0,0.4,0.0625,0,1.0,0.9167,0.4167,0.0833,0.6667,0.3333,1.0,0.0,0.25,0.25,0.25,0.25,0,0,0,1.0,0.3333,0.5,0.75,1.5,-0.0401,-0.0417
426,4d,5d,0.2737,0.1226,0.1667,0.25,0,1,0.0833,0.25,0.25,0,0.0,0.6,0.0625,0,1.0,0.9167,0.4167,0.0833,0.6667,0.3333,1.0,0.0,0.25,0.25,0.25,0.25,0,0,0,1.0,0.3333,0.5,0.75,1.5,-0.0462,-0.0176
427,4d,5h,0.1415,0.1699,0.1667,0.25,0,0,0.0833,0.25,0.25,0,0.0,0.4,0.0625,0,1.0,0.9167,0.4167,0.0833,0.6667,0.3333,1.0,0.0,0.25,0.25,0.25,0.25,0,0,0,1.0,0.3333,0.5,0.75,1.5,-0.0239,-0.0244
428,4d,5s,0.2581,0.2222,0.1667,0.25,0,0,0.0833,0.25,0.25,0,0.0,0.4,0.0625,0,1.0,0.9167,0.4167,0.0833,0.6667,0.3333,1.0,0.0,0.25,0.25,0.25,0.25,0,0,0,1.0,0.3333,0.5,0.75,1.5,-0.0436,-0.0319
429,4d,6c,0.2077,0.1749,0.1667,0.3333,0,0,0.1667,0.25,0.25,0,0.0,0.4,0.075,0,1.0,0.9167,0.4167,0.0833,0.6667,0.3333,1.0,0.0,0.25,0.25,0.25,0.25,0,0,0,1.0,0.3333,0.5,0.75,1.5,-0.0338,-0.024
430,4d,6d,0.2877,0.2899,0.1667,0.3333,0,1,0.1667,0.25,0.25,0,0.0,0.6,0.075,0,1.0,0.9167,0.4167,0.0833,0.6667,0.3333,1.0,0.0,0.25,0.25,0.25,0.25,0,0,0,1.0,0.3333,0.5,0.75,1.5,-0.0468,-0.0399
431,4d,6h,0.3385,0.2501,0.1667,0.3333,0,0,0.1667,0.25,0.25,0,0.0,0.4,0.075,0,1.0,0.9167,0.4167,0.0833,0.6667,0.3333,1.0,0.0,0.25,0.25,0.25,0.25,0,0,0,1.0,0.3333,0.5,0.75,1.5,-0.055,-0.0344
432,4d,6s,0.2488,0.1661,0.1667,0.3333,0,0,0.1667,0.25,0.25,0,0.0,0.4,0.075,0,1.0,0.9167,0.4167,0.0833,0.6667,0.3333,1.0,0.0,0.25,0.25,0.25,0.25,0,0,0,1.0,0.3333,0.5,0.75,1.5,-0.0404,-0.0228
433,4d,7c,0.1996,0.2781,0.1667,0.4167,0,0,0.25,0.25,0.25,1,0.0,0.4,0.3208,0,1.0,0.9167,0.4167,0.0833,0.6667,0.3333,1.0,0.0,0.25,0.25,0.25,0.25,0,0,0,1.0,0.3333,0.5,0.75,1.5,-0.0079,-0.0041
434,4d,7d,0.2561,0.2417,0.1667,0.4167,0,1,0.25,0.25,0.25,1,0.0,0.6,0.3208,0,1.0,0.9167,0.4167,0.0833,0.6667,0.3333,1.0,0.0,0.25,0.25,0.25,0.25,0,0,0,1.0,0.3333,0.5,0.75,1.5,-0.0101,-0.0035
435,4d,7h,0.2099,0.384,0.1667,0.4167,0,0,0.25,0.25,0.25,1,0.0,0.4,0.3208,0,1.0,0.9167,0.4167,0.0833,0.6667,0.3333,1.0,0.0,0.25,0.25,0.25,0.25,0,0,0,1.0,0.3333,0.5,0.75,1.5,-0.0083,-0.0056
436,4d,7s,0.0,0.0,0.1667,0.4167,0,0,0.25,0.25,0.25,1,0.0,0.4,0.0,1,1.0,0.9167,0.4167,0.0833,0.6667,0.3333,1.0,0.0,0.25,0.25,0.25,0.25,0,0,0,1.0,0.3333,0.5,0.75,1.5,0.0,0.0
437,4d,8c,0.4005,0.3484,0.1667,0.5,0,0,0.3333,0.25,0.25,0,0.0,0.4,0.1,0,1.0,0.9167,0.4167,0.0833,0.6667,0.3333,1.0,0.0,0.25,0.25,0.25,0.25,0,0,0,1.0,0.3333,0.5,0.75,1.5,-0.0601,-0.0435
438,4d,8d,0.4235,0.4332,0.1667,0.5,0,1,0.3333,0.25,0.25,0,0.0,0.6,0.1,0,1.0,0.9167,0.4167,0.0833,0.6667,0.3333,1.0,0.0,0.25,0.25,0.25,0.25,0,0,0,1.0,0.3333,0.5,0.75,1.5,-0.0635,-0.0542
439,4d,8h,0.3678,0.2872,0.1667,0.5,0,0,0.3333,0.25,0.25,0,0.0,0.4,0.1,0,1.0,0.9167,0.4167,0.0833,0.6667,0.3333,1.0,0.0,0.25,0.25,0.25,0.25,0,0,0,1.0,0.3333,0.5,0.75,1.5,-0.0552,-0.0359
440,4d,8s,0.2414,0.3846,0.1667,0.5,0,0,0.3333,0.25,0.25,0,0.0,0.4,0.1,0,1.0,0.9167,0.4167,0.0833,0.6667,0.3333,1.0,0.0,0.25,0.25,0.25,0.25,0,0,0,1.0,0.3333,0.5,0.75,1.5,-0.0362,-0.0481
441,4d,9c,0.3691,0.4053,0.1667,0.5833,0,0,0.4167,0.25,0.25,0,0.0,0.4,0.1125,0,1.0,0.9167,0.4167,0.0833,0.6667,0.3333,1.0,0.0,0.25,0.25,0.25,0.25,0,0,0,1.0,0.3333,0.5,0.75,1.5,-0.0531,-0.0481
442,4d,9d,0.4582,0.3113,0.1667,0.5833,0,1,0.4167,0.25,0.25,0,0.0,0.6,0.1125,0,1.0,0.9167,0.4167,0.0833,0.6667,0.3333,1.0,0.0,0.25,0.25,0.25,0.25,0,0,0,1.0,0.3333,0.5,0.75,1.5,-0.0659,-0.037
443,4d,9h,0.3921,0.402,0.1667,0.5833,0,0,0.4167,0.25,0.25,0,0.0,0.4,0.1125,0,1.0,0.9167,0.4167,0.0833,0.6667,0.3333,1.0,0.0,0.25,0.25,0.25,0.25,0,0,0,1.0,0.3333,0.5,0.75,1.5,-0.0564,-0.0477
444,4d,9s,0.3733,0.2932,0.1667,0.5833,0,0,0.4167,0.25,0.25,0,0.0,0.4,0.1125,0,1.0,0.9167,0.4167,0.0833,0.6667,0.3333,1.0,0.0,0.25,0.25,0.25,0.25,0,0,0,1.0,0.3333,0.5,0.75,1.5,-0.0537,-0.0348
445,4d,Tc,0.4696,0.4667,0.1667,0.6667,0,0,0.5,0.25,0.25,0,0.0,0.4,0.125,0,1.0,0.9167,0.4167,0.0833,0.6667,0.3333,1.0,0.0,0.25,0.25,0.25,0.25,0,0,0,1.0,0.3333,0.5,0.75,1.5,-0.0646,-0.0525
446,4d,Td,0.534,0.5715,0.1667,0.6667,0,1,0.5,0.25,0.25,0,0.0,0.6,0.125,0,1.0,0.9167,0.4167,0.0833,0.6667,0.3333,1.0,0.0,0.25,0.25,0.25,0.25,0,0,0,1.0,0.3333,0.5,0.75,1.5,-0.0734,-0.0643
447,4d,Th,0.466,0.5387,0.1667,0.6667,0,0,0.5,0.25,0.25,0,0.0,0.4,0.125,0,1.0,0.9167,0.4167,0.0833,0.6667,0.3333,1.0,0.0,0.25,0.25,0.25,0.25,0,0,0,1.0,0.3333,0.5,0.75,1.5,-0.0641,-0.0606
448,4d,Ts,0.4576,0.589,0.1667,0.6667,0,0,0.5,0.25,0.25,0,0.0,0.4,0.125,0,1.0,0.9167,0.4167,0.0833,0.6667,0.3333,1.0,0.0,0.25,0.25,0.25,0.25,0,0,0,1.0,0.3333,0.5,0.75,1.5,-0.0629,-0.0663
449,4d,Jc,0.5627,0.51,0.1667,0.75,0,0,0.5833,0.25,0.25,0,0.0,0.4,0.1375,0,1.0,0.9167,0.4167,0.0833,0.6667,0.3333,1.0,0.0,0.25,0.25,0.25,0.25,0,0,0,1.0,0.3333,0.5,0.75,1.5,-0.0739,-0.0542
450,4d,Jd,0.491,0.4629,0.1667,0.75,0,1,0.5833,0.25,0.25,0,0.0,0.6,0.1375,0,1.0,0.9167,0.4167,0.0833,0.6667,0.3333,1.0,0.0,0.25,0.25,0.25,0.25,0,0,0,1.0,0.3333,0.5,0.75,1.5,-0.0644,-0.0492
451,4d,Jh,0.4647,0.594,0.1667,0.75,0,0,0.5833,0.25,0.25,0,0.0,0.4,0.1375,0,1.0,0.9167,0.4167,0.0833,0.6667,0.3333,1.0,0.0,0.25,0.25,0.25,0.25,0,0,0,1.0,0.3333,0.5,0.75,1.5,-0.061,-0.0631
452,4d,Js,0.4808,0.5029,0.1667,0.75,0,0,0.5833,0.25,0.25,0,0.0,0.4,0.1375,0,1.0,0.9167,0.4167,0.0833,0.6667,0.3333,1.0,0.0,0.25,0.25,0.25,0.25,0,0,0,1.0,0.3333,0.5,0.75,1.5,-0.0631,-0.0534
453,4d,Qc,0.5976,0.5315,0.1667,0.8333,0,0,0.6667,0.25,0.25,0,0.0,0.4,0.15,0,1.0,0.9167,0.4167,0.0833,0.6667,0.3333,1.0,0.0,0.25,0.25,0.25,0.25,0,0,0,1.0,0.3333,0.5,0.75,1.5,-0.0747,-0.0532
454,4d,Qd,0.5085,0.4826,0.1667,0.8333,0,1,0.6667,0.25,0.25,0,0.0,0.6,0.15,0,1.0,0.9167,0.4167,0.0833,0.6667,0.3333,1.0,0.0,0.25,0.25,0.25,0.25,0,0,0,1.0,0.3333,0.5,0.75,1.5,-0.0636,-0.0483
455,4d,Qh,0.4375,0.4724,0.1667,0.8333,0,0,0.6667,0.25,0.25,0,0.0,0.4,0.15,0,1.0,0.9167,0.4167,0.0833,0.6667,0.3333,1.0,0.0,0.25,0.25,0.25,0.25,0,0,0,1.0,0.3333,0.5,0.75,1.5,-0.0547,-0.0472
456,4d,Qs,0.5513,0.5251,0.1667,0.8333,0,0,0.6667,0.25,0.25,0,0.0,0.4,0.15,0,1.0,0.9167,0.4167,0.0833,0.6667,0.3333,1.0,0.0,0.25,0.25,0.25,0.25,0,0,0,1.0,0.3333,0.5,0.75,1.5,-0.0689,-0.0525
457,4d,Kc,0.5937,0.4824,0.1667,0.9167,0,0,0.75,0.25,0.25,1,0.0,0.4,0.4958,0,1.0,0.9167,0.4167,0.0833,0.6667,0.3333,1.0,0.0,0.25,0.25,0.25,0.25,0,0,0,1.0,0.3333,0.5,0.75,1.5,0.0284,0.0352
458,4d,Kd,0.0,0.0,0.1667,0.9167,0,1,0.75,0.25,0.25,1,0.0,0.6,0.0,1,1.0,0.9167,0.4167,0.0833,0.6667,0.3333,1.0,0.0,0.25,0.25,0.25,0.25,0,0,0,1.0,0.3333,0.5,0.75,1.5,0.0,0.0
459,4d,Kh,0.5515,0.6272,0.1667,0.9167,0,0,0.75,0.25,0.25,1,0.0,0.4,0.4958,0,1.0,0.9167,0.4167,0.0833,0.6667,0.3333,1.0,0.0,0.25,0.25,0.25,0.25,0,0,0,1.0,0.3333,0.5,0.75,1.5,0.0264,0.0457
460,4d,Ks,0.5293,0.5813,0.1667,0.9167,0,0,0.75,0.25,0.25,1,0.0,0.4,0.4958,0,1.0,0.9167,0.4167,0.0833,0.6667,0.3333,1.0,0.0,0.25,0.25,0.25,0.25,0,0,0,1.0,0.3333,0.5,0.75,1.5,0.0254,0.0424
461,4d,Ac,0.5076,0.678,0.1667,1.0,0,0,0.8333,0.25,0.25,1,0.0,0.4,0.525,0,1.0,0.9167,0.4167,0.0833,0.6667,0.3333,1.0,0.0,0.25,0.25,0.25,0.25,0,0,0,1.0,0.3333,0.5,0.75,1.5,0.0317,0.0593
462,4d,Ad,0.6051,0.5312,0.1667,1.0,0,1,0.8333,0.25,0.25,1,0.0,0.6,0.525,0,1.0,0.9167,0.4167,0.0833,0.6667,0.3333,1.0,0.0,0.25,0.25,0.25,0.25,0,0,0,1.0,0.3333,0.5,0.75,1.5,0.0378,0.0465
463,4d,Ah,0.0,0.0,0.1667,1.0,0,0,0.8333,0.25,0.25,1,0.0,0.4,0.0,1,1.0,0.9167,0.4167,0.0833,0.6667,0.3333,1.0,0.0,0.25,0.25,0.25,0.25,0,0,0,1.0,0.3333,0.5,0.75,1.5,0.0,0.0
464,4d,As,0.515,0.5935,0.1667,1.0,0,0,0.8333,0.25,0.25,1,0.0,0.4,0.525,0,1.0,0.9167,0.4167,0.0833,0.6667,0.3333,1.0,0.0,0.25,0.25,0.25,0.25,0,0,0,1.0,0.3333,0.5,0.75,1.5,0.0322,0.0519
465,4h,4s,0.3105,0.2186,0.1667,0.1667,1,0,0.0,0.25,0.25,0,0.0,0.4,0.3,0,1.0,0.9167,0.4167,0.0833,0.6667,0.3333,1.0,0.0,0.25,0.25,0.25,0.25,0,0,0,1.0,0.3333,0.5,0.75,1.5,-0.0155,-0.0055
466,4h,5c,0.3068,0.2909,0.1667,0.25,0,0,0.0833,0.25,0.25,0,0.0,0.4,0.0625,0,1.0,0.9167,0.4167,0.0833,0.6667,0.3333,1.0,0.0,0.25,0.25,0.25,0.25,0,0,0,1.0,0.3333,0.5,0.75,1.5,-0.0518,-0.0418
467,4h,5d,0.2006,0.1318,0.1667,0.25,0,0,0.0833,0.25,0.25,0,0.0,0.4,0.0625,0,1.0,0.9167,0.4167,0.0833,0.6667,0.3333,1.0,0.0,0.25,0.25,0.25,0.25,0,0,0,1.0,0.3333,0.5,0.75,1.5,-0.0339,-0.019
468,4h,5h,0.2748,0.208,0.1667,0.25,0,1,0.0833,0.25,0.25,0,0.0,0.6,0.0625,0,1.0,0.9167,0.4167,0.0833,0.6667,0.3333,1.0,0.0,0.25,0.25,0.25,0.25,0,0,0,1.0,0.3333,0.5,0.75,1.5,-0.0464,-0.0299
469,4h,5s,0.2517,0.2101,0.1667,0.25,0,0,0.0833,0.25,0.25,0,0.0,0.4,0.0625,0,1.0,0.9167,0.4167,0.0833,0.6667,0.3333,1.0,0.0,0.25,0.25,0.25,0.25,0,0,0,1.0,0.3333,0.5,0.75,1.5,-0.0425,-0.0302
470,4h,6c,0.2047,0.3169,0.1667,0.3333,0,0,0.1667,0.25,0.25,0,0.0,0.4,0.075,0,1.0,0.9167,0.4167,0.0833,0.6667,0.3333,1.0,0.0,0.25,0.25,0.25,0.25,0,0,0,1.0,0.3333,0.5,0.75,1.5,-0.0333,-0.0436
471,4h,6d,0.346,0.1987,0.1667,0.3333,0,0,0.1667,0.25,0.25,0,0.0,0.4,0.075,0,1.0,0.9167,0.4167,0.0833,0.6667,0.3333,1.0,0.0,0.25,0.25,0.25,0.25,0,0,0,1.0,0.3333,0.5,0.75,1.5,-0.0562,-0.0273
472,4h,6h,0.2603,0.2267,0.1667,0.3333,0,1,0.1667,0.25,0.25,0,0.0,0.6,0.075,0,1.0,0.9167,0.4167,0.0833,0.6667,0.3333,1.0,0.0,0.25,0.25,0.25,0.25,0,0,0,1.0,0.3333,0.5,0.75,1.5,-0.0423,-0.0312
473,4h,6s,0.3344,0.2516,0.1667,0.3333,0,0,0.1667,0.25,0.25,0,0.0,0.4,0.075,0,1.0,0.9167,0.4167,0.0833,0.6667,0.3333,1.0,0.0,0.25,0.25,0.25,0.25,0,0,0,1.0,0.3333,0.5,0.75,1.5,-0.0543,-0.0346
474,4h,7c,0.3675,0.3645,0.1667,0.4167,0,0,0.25,0.25,0.25,1,0.0,0.4,0.3208,0,1.0,0.9167,0.4167,0.0833,0.6667,0.3333,1.0,0.0,0.25,0.25,0.25,0.25,0,0,0,1.0,0.3333,0.5,0.75,1.5,-0.0145,-0.0053
475,4h,7d,0.2469,0.3497,0.1667,0.4167,0,0,0.25,0.25,0.25,1,0.0,0.4,0.3208,0,1.0,0.9167,0.4167,0.0833,0.6667,0.3333,1.0,0.0,0.25,0.25,0.25,0.25,0,0,0,1.0,0.3333,0.5,0.75,1.5,-0.0098,-0.0051
476,4h,7h,0.2747,0.3785,0.1667,0.4167,0,1,0.25,0.25,0.25,1,0.0,0.6,0.3208,0,1.0,0.9167,0.4167,0.0833,0.6667,0.3333,1.0,0.0,0.25,0.25,0.25,0.25,0,0,0,1.0,0.3333,0.5,0.75,1.5,-0.0109,-0.0055
477,4h,7s,0.0,0.0,0.1667,0.4167,0,0,0.25,0.25,0.25,1,0.0,0.4,0.0,1,1.0,0.9167,0.4167,0.0833,0.6667,0.3333,1.0,0.0,0.25,0.25,0.25,0.25,0,0,0,1.0,0.3333,0.5,0.75,1.5,0.0,0.0
478,4h,8c,0.3349,0.3974,0.1667,0.5,0,0,0.3333,0.25,0.25,0,0.0,0.4,0.1,0,1.0,0.9167,0.4167,0.0833,0.6667,0.3333,1.0,0.0,0.25,0.25,0.25,0.25,0,0,0,1.0,0.3333,0.5,0.75,1.5,-0.0502,-0.0497
479,4h,8d,0.2899,0.293,0.1667,0.5,0,0,0.3333,0.25,0.25,0,0.0,0.4,0.1,0,1.0,0.9167,0.4167,0.0833,0.6667,0.3333,1.0,0.0,0.25,0.25,0.25,0.25,0,0,0,1.0,0.3333,0.5,0.75,1.5,-0.0435,-0.0366
480,4h,8h,0.3507,0.4331,0.1667,0.5,0,1,0.3333,0.25,0.25,0,0.0,0.6,0.1,0,1.0,0.9167,0.4167,0.0833,0.6667,0.3333,1.0,0.0,0.25,0.25,0.25,0.25,0,0,0,1.0,0.3333,0.5,0.75,1.5,-0.0526,-0.0541
481,4h,8s,0.3313,0.2631,0.1667,0.5,0,0,0.3333,0.25,0.25,0,0.0,0.4,0.1,0,1.0,0.9167,0.4167,0.0833,0.6667,0.3333,1.0,0.0,0.25,0.25,0.25,0.25,0,0,0,1.0,0.3333,0.5,0.75,1.5,-0.0497,-0.0329
482,4h,9c,0.3827,0.344,0.1667,0.5833,0,0,0.4167,0.25,0.25,0,0.0,0.4,0.1125,0,1.0,0.9167,0.4167,0.0833,0.6667,0.3333,1.0,0.0,0.25,0.25,0.25,0.25,0,0,0,1.0,0.3333,0.5,0.75,1.5,-0.055,-0.0409
483,4h,9d,0.3854,0.3837,0.1667,0.5833,0,0,0.4167,0.25,0.25,0,0.0,0.4,0.1125,0,1.0,0.9167,0.4167,0.0833,0.6667,0.3333,1.0,0.0,0.25,0.25,0.25,0.25,0,0,0,1.0,0.3333,0.5,0.75,1.5,-0.0554,-0.0456
484,4h,9h,0.3661,0.3394,0.1667,0.5833,0,1,0.4167,0.25,0.25,0,0.0,0.6,0.1125,0,1.0,0.9167,0.4167,0.0833,0.6667,0.3333,1.0,0.0,0.25,0.25,0.25,0.25,0,0,0,1.0,0.3333,0.5,0.75,1.5,-0.0526,-0.0403
485,4h,9s,0.3127,0.4145,0.1667,0.5833,0,0,0.4167,0.25,0.25,0,0.0,0.4,0.1125,0,1.0,0.9167,0.4167,0.0833,0.6667,0.3333,1.0,0.0,0.25,0.25,0.25,0.25,0,0,0,1.0,0.3333,0.5,0.75,1.5,-0.045,-0.0492
486,4h,Tc,0.5144,0.4467,0.1667,0.6667,0,0,0.5,0.25,0.25,0,0.0,0.4,0.125,0,1.0,0.9167,0.4167,0.0833,0.6667,0.3333,1.0,0.0,0.25,0.25,0.25,0.25,0,0,0,1.0,0.3333,0.5,0.75,1.5,-0.0707,-0.0503
487,4h,Td,0.5551,0.4087,0.1667,0.6667,0,0,0.5,0.25,0.25,0,0.0,0.4,0.125,0,1.0,0.9167,0.4167,0.0833,0.6667,0.3333,1.0,0.0,0.25,0.25,0.25,0.25,0,0,0,1.0,0.3333,0.5,0.75,1.5,-0.0763,-0.046
488,4h,Th,0.5489,0.541,0.1667,0.6667,0,1,0.5,0.25,0.25,0,0.0,0.6,0.125,0,1.0,0.9167,0.4167,0.0833,0.6667,0.3333,1.0,0.0,0.25,0.25,0.25,0.25,0,0,0,1.0,0.3333,0.5,0.75,1.5,-0.0755,-0.0609
489,4h,Ts,0.5623,0.4772,0.1667,0.6667,0,0,0.5,0.25,0.25,0,0.0,0.4,0.125,0,1.0,0.9167,0.4167,0.0833,0.6667,0.3333,1.0,0.0,0.25,0.25,0.25,0.25,0,0,0,1.0,0.3333,0.5,0.75,1.5,-0.0773,-0.0537
490,4h,Jc,0.5327,0.5641,0.1667,0.75,0,0,0.5833,0.25,0.25,0,0.0,0.4,0.1375,0,1.0,0.9167,0.4167,0.0833,0.6667,0.3333,1.0,0.0,0.25,0.25,0.25,0.25,0,0,0,1.0,0.3333,0.5,0.75,1.5,-0.0699,-0.0599
491,4h,Jd,0.5962,0.4991,0.1667,0.75,0,0,0.5833,0.25,0.25,0,0.0,0.4,0.1375,0,1.0,0.9167,0.4167,0.0833,0.6667,0.3333,1.0,0.0,0.25,0.25,0.25,0.25,0,0,0,1.0,0.3333,0.5,0.75,1.5,-0.0782,-0.053
492,4h,Jh,0.4074,0.5005,0.1667,0.75,0,1,0.5833,0.25,0.25,0,0.0,0.6,0.1375,0,1.0,0.9167,0.4167,0.0833,0.6667,0.3333,1.0,0.0,0.25,0.25,0.25,0.25,0,0,0,1.0,0.3333,0.5,0.75,1.5,-0.0535,-0.0532
493,4h,Js,0.518,0.5739,0.1667,0.75,0,0,0.5833,0.25,0.25,0,0.0,0.4,0.1375,0,1.0,0.9167,0.4167,0.0833,0.6667,0.3333,1.0,0.0,0.25,0.25,0.25,0.25,0,0,0,1.0,0.3333,0.5,0.75,1.5,-0.068,-0.061
494,4h,Qc,0.5748,0.4881,0.1667,0.8333,0,0,0.6667,0.25,0.25,0,0.0,0.4,0.15,0,1.0,0.9167,0.4167,0.0833,0.6667,0.3333,1.0,0.0,0.25,0.25,0.25,0.25,0,0,0,1.0,0.3333,0.5,0.75,1.5,-0.0719,-0.0488
495,4h,Qd,0.5052,0.4914,0.1667,0.8333,0,0,0.6667,0.25,0.25,0,0.0,0.4,0.15,0,1.0,0.9167,0.4167,0.0833,0.6667,0.3333,1.0,0.0,0.25,0.25,0.25,0.25,0,0,0,1.0,0.3333,0.5,0.75,1.5,-0.0631,-0.0491
496,4h,Qh,0.5445,0.482,0.1667,0.8333,0,1,0.6667,0.25,0.25,0,0.0,0.6,0.15,0,1.0,0.9167,0.4167,0.0833,0.6667,0.3333,1.0,0.0,0.25,0.25,0.25,0.25,0,0,0,1.0,0.3333,0.5,0.75,1.5,-0.0681,-0.0482
497,4h,Qs,0.531,0.4309,0.1667,0.8333,0,0,0.6667,0.25,0.25,0,0.0,0.4,0.15,0,1.0,0.9167,0.4167,0.0833,0.6667,0.3333,1.0,0.0,0.25,0.25,0.25,0.25,0,0,0,1.0,0.3333,0.5,0.75,1.5,-0.0664,-0.0431
498,4h,Kc,0.5356,0.6355,0.1667,0.9167,0,0,0.75,0.25,0.25,1,0.0,0.4,0.4958,0,1.0,0.9167,0.4167,0.0833,0.6667,0.3333,1.0,0.0,0.25,0.25,0.25,0.25,0,0,0,1.0,0.3333,0.5,0.75,1.5,0.0257,0.0463
499,4h,Kd,0.0,0.0,0.1667,0.9167,0,0,0.75,0.25,0.25,1,0.0,0.4,0.0,1,1.0,0.9167,0.4167,0.0833,0.6667,0.3333,1.0,0.0,0.25,0.25,0.25,0.25,0,0,0,1.0,0.3333,0.5,0.75,1.5,0.0,0.0
500,4h,Kh,0.5094,0.5802,0.1667,0.9167,0,1,0.75,0.25,0.25,1,0.0,0.6,0.4958,0,1.0,0.9167,0.4167,0.0833,0.6667,0.3333,1.0,0.0,0.25,0.25,0.25,0.25,0,0,0,1.0,0.3333,0.5,0.75,1.5,0.0244,0.0423
501,4h,Ks,0.5716,0.612,0.1667,0.9167,0,0,0.75,0.25,0.25,1,0.0,0.4,0.4958,0,1.0,0.9167,0.4167,0.0833,0.6667,0.3333,1.0,0.0,0.25,0.25,0.25,0.25,0,0,0,1.0,0.3333,0.5,0.75,1.5,0.0274,0.0446
502,4h,Ac,0.6538,0.6552,0.1667,1.0,0,0,0.8333,0.25,0.25,1,0.0,0.4,0.525,0,1.0,0.9167,0.4167,0.0833,0.6667,0.3333,1.0,0.0,0.25,0.25,0.25,0.25,0,0,0,1.0,0.3333,0.5,0.75,1.5,0.0409,0.0573
503,4h,Ad,0.5593,0.5467,0.1667,1.0,0,0,0.8333,0.25,0.25,1,0.0,0.4,0.525,0,1.0,0.9167,0.4167,0.0833,0.6667,0.3333,1.0,0.0,0.25,0.25,0.25,0.25,0,0,0,1.0,0.3333,0.5,0.75,1.5,0.035,0.0478
504,4h,Ah,0.0,0.0,0.1667,1.0,0,1,0.8333,0.25,0.25,1,0.0,0.6,0.0,1,1.0,0.9167,0.4167,0.0833,0.6667,0.3333,1.0,0.0,0.25,0.25,0.25,0.25,0,0,0,1.0,0.3333,0.5,0.75,1.5,0.0,0.0
505,4h,As,0.6271,0.6352,0.1667,1.0,0,0,0.8333,0.25,0.25,1,0.0,0.4,0.525,0,1.0,0.9167,0.4167,0.0833,0.6667,0.3333,1.0,0.0,0.25,0.25,0.25,0.25,0,0,0,1.0,0.3333,0.5,0.75,1.5,0.0392,0.0556
506,4s,5c,0.2828,0.1155,0.1667,0.25,0,0,0.0833,0.25,0.25,0,0.0,0.4,0.0625,0,1.0,0.9167,0.4167,0.0833,0.6667,0.3333,1.0,0.0,0.25,0.25,0.25,0.25,0,0,0,1.0,0.3333,0.5,0.75,1.5,-0.0477,-0.0166
507,4s,5d,0.122,0.2346,0.1667,0.25,0,0,0.0833,0.25,0.25,0,0.0,0.4,0.0625,0,1.0,0.9167,0.4167,0.0833,0.6667,0.3333,1.0,0.0,0.25,0.25,0.25,0.25,0,0,0,1.0,0.3333,0.5,0.75,1.5,-0.0206,-0.0337
508,4s,5h,0.2925,0.3078,0.1667,0.25,0,0,0.0833,0.25,0.25,0,0.0,0.4,0.0625,0,1.0,0.9167,0.4167,0.0833,0.6667,0.3333,1.0,0.0,0.25,0.25,0.25,0.25,0,0,0,1.0,0.3333,0.5,0.75,1.5,-0.0494,-0.0442
509,4s,5s,0.2577,0.1951,0.1667,0.25,0,1,0.0833,0.25,0.25,0,0.0,0.6,0.0625,0,1.0,0.9167,0.4167,0.0833,0.6667,0.3333,1.0,0.0,0.25,0.25,0.25,0.25,0,0,0,1.0,0.3333,0.5,0.75,1.5,-0.0435,-0.028
510,4s,6c,0.1697,0.2767,0.1667,0.3333,0,0,0.1667,0.25,0.25,0,0.0,0.4,0.075,0,1.0,0.9167,0.4167,0.0833,0.6667,0.3333,1.0,0.0,0.25,0.25,0.25,0.25,0,0,0,1.0,0.3333,0.5,0.75,1.5,-0.0276,-0.0381
511,4s,6d,0.3245,0.2387,0.1667,0.3333,0,0,0.1667,0.25,0.25,0,0.0,0.4,0.075,0,1.0,0.9167,0.4167,0.0833,0.6667,0.3333,1.0,0.0,0.25,0.25,0.25,0.25,0,0,0,1.0,0.3333,0.5,0.75,1.5,-0.0527,-0.0328
512,4s,6h,0.2888,0.3307,0.1667,0.3333,0,0,0.1667,0.25,0.25,0,0.0,0.4,0.075,0,1.0,0.9167,0.4167,0.0833,0.6667,0.3333,1.0,0.0,0.25,0.25,0.25,0.25,0,0,0,1.0,0.3333,0.5,0.75,1.5,-0.0469,-0.0455
513,4s,6s,0.1592,0.3092,0.1667,0.3333,0,1,0.1667,0.25,0.25,0,0.0,0.6,0.075,0,1.0,0.9167,0.4167,0.0833,0.6667,0.3333,1.0,0.0,0.25,0.25,0.25,0.25,0,0,0,1.0,0.3333,0.5,0.75,1.5,-0.0259,-0.0425
514,4s,7c,0.2503,0.2666,0.1667,0.4167,0,0,0.25,0.25,0.25,1,0.0,0.4,0.3208,0,1.0,0.9167,0.4167,0.0833,0.6667,0.3333,1.0,0.0,0.25,0.25,0.25,0.25,0,0,0,1.0,0.3333,0.5,0.75,1.5,-0.0099,-0.0039
515,4s,7d,0.2208,0.2979,0.1667,0.4167,0,0,0.25,0.25,0.25,1,0.0,0.4,0.3208,0,1.0,0.9167,0.4167,0.0833,0.6667,0.3333,1.0,0.0,0.25,0.25,0.25,0.25,0,0,0,1.0,0.3333,0.5,0.75,1.5,-0.0087,-0.0043
516,4s,7h,0.3049,0.3502,0.1667,0.4167,0,0,0.25,0.25,0.25,1,0.0,0.4,0.3208,0,1.0,0.9167,0.4167,0.0833,0.6667,0.3333,1.0,0.0,0.25,0.25,0.25,0.25,0,0,0,1.0,0.3333,0.5,0.75,1.5,-0.0121,-0.0051
517,4s,7s,0.0,0.0,0.1667,0.4167,0,1,0.25,0.25,0.25,1,0.0,0.6,0.0,1,1.0,0.9167,0.4167,0.0833,0.6667,0.3333,1.0,0.0,0.25,0.25,0.25,0.25,0,0,0,1.0,0.3333,0.5,0.75,1.5,0.0,0.0
518,4s,8c,0.2673,0.2491,0.1667,0.5,0,0,0.3333,0.25,0.25,0,0.0,0.4,0.1,0,1.0,0.9167,0.4167,0.0833,0.6667,0.3333,1.0,0.0,0.25,0.25,0.25,0.25,0,0,0,1.0,0.3333,0.5,0.75,1.5,-0.0401,-0.0311
519,4s,8d,0.4075,0.3573,0.1667,0.5,0,0,0.3333,0.25,0.25,0,0.0,0.4,0.1,0,1.0,0.9167,0.4167,0.0833,0.6667,0.3333,1.0,0.0,0.25,0.25,0.25,0.25,0,0,0,1.0,0.3333,0.5,0.75,1.5,-0.0611,-0.0447
520,4s,8h,0.2815,0.4159,0.1667,0.5,0,0,0.3333,0.25,0.25,0,0.0,0.4,0.1,0,1.0,0.9167,0.4167,0.0833,0.6667,0.3333,1.0,0.0,0.25,0.25,0.25,0.25,0,0,0,1.0,0.3333,0.5,0.75,1.5,-0.0422,-0.052
521,4s,8s,0.262,0.3256,0.1667,0.5,0,1,0.3333,0.25,0.25,0,0.0,0.6,0.1,0,1.0,0.9167,0.4167,0.0833,0.6667,0.3333,1.0,0.0,0.25,0.25,0.25,0.25,0,0,0,1.0,0.3333,0.5,0.75,1.5,-0.0393,-0.0407
522,4s,9c,0.3258,0.3261,0.1667,0.5833,0,0,0.4167,0.25,0.25,0,0.0,0.4,0.1125,0,1.0,0.9167,0.4167,0.0833,0.6667,0.3333,1.0,0.0,0.25,0.25,0.25,0.25,0,0,0,1.0,0.3333,0.5,0.75,1.5,-0.0468,-0.0387
523,4s,9d,0.2769,0.4359,0.1667,0.5833,0,0,0.4167,0.25,0.25,0,0.0,0.4,0.1125,0,1.0,0.9167,0.4167,0.0833,0.6667,0.3333,1.0,0.0,0.25,0.25,0.25,0.25,0,0,0,1.0,0.3333,0.5,0.75,1.5,-0.0398,-0.0518
524,4s,9h,0.4552,0.4105,0.1667,0.5833,0,0,0.4167,0.25,0.25,0,0.0,0.4,0.1125,0,1.0,0.9167,0.4167,0.0833,0.6667,0.3333,1.0,0.0,0.25,0.25,0.25,0.25,0,0,0,1.0,0.3333,0.5,0.75,1.5,-0.0654,-0.0487
525,4s,9s,0.3066,0.3633,0.1667,0.5833,0,1,0.4167,0.25,0.25,0,0.0,0.6,0.1125,0,1.0,0.9167,0.4167,0.0833,0.6667,0.3333,1.0,0.0,0.25,0.25,0.25,0.25,0,0,0,1.0,0.3333,0.5,0.75,1.5,-0.0441,-0.0431
526,4s,Tc,0.4691,0.5175,0.1667,0.6667,0,0,0.5,0.25,0.25,0,0.0,0.4,0.125,0,1.0,0.9167,0.4167,0.0833,0.6667,0.3333,1.0,0.0,0.25,0.25,0.25,0.25,0,0,0,1.0,0.3333,0.5,0.75,1.5,-0.0645,-0.0582
527,4s,Td,0.5278,0.4849,0.1667,0.6667,0,0,0.5,0.25,0.25,0,0.0,0.4,0.125,0,1.0,0.9167,0.4167,0.0833,0.6667,0.3333,1.0,0.0,0.25,0.25,0.25,0.25,0,0,0,1.0,0.3333,0.5,0.75,1.5,-0.0726,-0.0545
528,4s,Th,0.45,0.5691,0.1667,0.6667,0,0,0.5,0.25,0.25,0,0.0,0.4,0.125,0,1.0,0.9167,0.4167,0.0833,0.6667,0.3333,1.0,0.0,0.25,0.25,0.25,0.25,0,0,0,1.0,0.3333,0.5,0.75,1.5,-0.0619,-0.064
529,4s,Ts,0.4398,0.4769,0.1667,0.6667,0,1,0.5,0.25,0.25,0,0.0,0.6,0.125,0,1.0,0.9167,0.4167,0.0833,0.6667,0.3333,1.0,0.0,0.25,0.25,0.25,0.25,0,0,0,1.0,0.3333,0.5,0.75,1.5,-0.0605,-0.0537
530,4s,Jc,0.4966,0.4474,0.1667,0.75,0,0,0.5833,0.25,0.25,0,0.0,0.4,0.1375,0,1.0,0.9167,0.4167,0.0833,0.6667,0.3333,1.0,0.0,0.25,0.25,0.25,0.25,0,0,0,1.0,0.3333,0.5,0.75,1.5,-0.0652,-0.0475
531,4s,Jd,0.5144,0.515,0.1667,0.75,0,0,0.5833,0.25,0.25,0,0.0,0.4,0.1375,0,1.0,0.9167,0.4167,0.0833,0.6667,0.3333,1.0,0.0,0.25,0.25,0.25,0.25,0,0,0,1.0,0.3333,0.5,0.75,1.5,-0.0675,-0.0547
532,4s,Jh,0.5985,0.459,0.1667,0.75,0,0,0.5833,0.25,0.25,0,0.0,0.4,0.1375,0,1.0,0.9167,0.4167,0.0833,0.6667,0.3333,1.0,0.0,0.25,0.25,0.25,0.25,0,0,0,1.0,0.3333,0.5,0.75,1.5,-0.0786,-0.0488
533,4s,Js,0.5956,0.5316,0.1667,0.75,0,1,0.5833,0.25,0.25,0,0.0,0.6,0.1375,0,1.0,0.9167,0.4167,0.0833,0.6667,0.3333,1.0,0.0,0.25,0.25,0.25,0.25,0,0,0,1.0,0.3333,0.5,0.75,1.5,-0.0782,-0.0565
534,4s,Qc,0.4549,0.5132,0.1667,0.8333,0,0,0.6667,0.25,0.25,0,0.0,0.4,0.15,0,1.0,0.9167,0.4167,0.0833,0.6667,0.3333,1.0,0.0,0.25,0.25,0.25,0.25,0,0,0,1.0,0.3333,0.5,0.75,1.5,-0.0569,-0.0513
535,4s,Qd,0.5372,0.5489,0.1667,0.8333,0,0,0.6667,0.25,0.25,0,0.0,0.4,0.15,0,1.0,0.9167,0.4167,0.0833,0.6667,0.3333,1.0,0.0,0.25,0.25,0.25,0.25,0,0,0,1.0,0.3333,0.5,0.75,1.5,-0.0671,-0.0549
536,4s,Qh,0.4098,0.5213,0.1667,0.8333,0,0,0.6667,0.25,0.25,0,0.0,0.4,0.15,0,1.0,0.9167,0.4167,0.0833,0.6667,0.3333,1.0,0.0,0.25,0.25,0.25,0.25,0,0,0,1.0,0.3333,0.5,0.75,1.5,-0.0512,-0.0521
537,4s,Qs,0.4993,0.5808,0.1667,0.8333,0,1,0.6667,0.25,0.25,0,0.0,0.6,0.15,0,1.0,0.9167,0.4167,0.0833,0.6667,0.3333,1.0,0.0,0.25,0.25,0.25,0.25,0,0,0,1.0,0.3333,0.5,0.75,1.5,-0.0624,-0.0581
538,4s,Kc,0.4989,0.6014,0.1667,0.9167,0,0,0.75,0.25,0.25,1,0.0,0.4,0.4958,0,1.0,0.9167,0.4167,0.0833,0.6667,0.3333,1.0,0.0,0.25,0.25,0.25,0.25,0,0,0,1.0,0.3333,0.5,0.75,1.5,0.0239,0.0439
539,4s,Kd,0.0,0.0,0.1667,0.9167,0,0,0.75,0.25,0.25,1,0.0,0.4,0.0,1,1.0,0.9167,0.4167,0.0833,0.6667,0.3333,1.0,0.0,0.25,0.25,0.25,0.25,0,0,0,1.0,0.3333,0.5,0.75,1.5,0.0,0.0
540,4s,Kh,0.5631,0.5121,0.1667,0.9167,0,0,0.75,0.25,0.25,1,0.0,0.4,0.4958,0,1.0,0.9167,0.4167,0.0833,0.6667,0.3333,1.0,0.0,0.25,0.25,0.25,0.25,0,0,0,1.0,0.3333,0.5,0.75,1.5,0.027,0.0373
541,4s,Ks,0.569,0.5658,0.1667,0.9167,0,1,0.75,0.25,0.25,1,0.0,0.6,0.4958,0,1.0,0.9167,0.4167,0.0833,0.6667,0.3333,1.0,0.0,0.25,0.25,0.25,0.25,0,0,0,1.0,0.3333,0.5,0.75,1.5,0.0273,0.0413
542,4s,Ac,0.6189,0.6275,0.1667,1.0,0,0,0.8333,0.25,0.25,1,0.0,0.4,0.525,0,1.0,0.9167,0.4167,0.0833,0.6667,0.3333,1.0,0.0,0.25,0.25,0.25,0.25,0,0,0,1.0,0.3333,0.5,0.75,1.5,0.0387,0.0549
543,4s,Ad,0.6152,0.651,0.1667,1.0,0,0,0.8333,0.25,0.25,1,0.0,0.4,0.525,0,1.0,0.9167,0.4167,0.0833,0.6667,0.3333,1.0,0.0,0.25,0.25,0.25,0.25,0,0,0,1.0,0.3333,0.5,0.75,1.5,0.0384,0.057
544,4s,Ah,0.0,0.0,0.1667,1.0,0,0,0.8333,0.25,0.25,1,0.0,0.4,0.0,1,1.0,0.9167,0.4167,0.0833,0.6667,0.3333,1.0,0.0,0.25,0.25,0.25,0.25,0,0,0,1.0,0.3333,0.5,0.75,1.5,0.0,0.0
545,4s,As,0.609,0.664,0.1667,1.0,0,1,0.8333,0.25,0.25,1,0.0,0.6,0.525,0,1.0,0.9167,0.4167,0.0833,0.6667,0.3333,1.0,0.0,0.25,0.25,0.25,0.25,0,0,0,1.0,0.3333,0.5,0.75,1.5,0.0381,0.0581
546,5c,5d,0.3293,0.2618,0.25,0.25,1,0,0.0,0.25,0.25,0,0.0,0.4,0.35,0,1.0,0.9167,0.4167,0.0833,0.6667,0.3333,1.0,0.0,0.25,0.25,0.25,0.25,0,0,0,1.0,0.3333,0.5,0.75,1.5,-0.0082,0.0
547,5c,5h,0.2882,0.3159,0.25,0.25,1,0,0.0,0.25,0.25,0,0.0,0.4,0.35,0,1.0,0.9167,0.4167,0.0833,0.6667,0.3333,1.0,0.0,0.25,0.25,0.25,0.25,0,0,0,1.0,0.3333,0.5,0.75,1.5,-0.0072,0.0
548,5c,5s,0.3465,0.218,0.25,0.25,1,0,0.0,0.25,0.25,0,0.0,0.4,0.35,0,1.0,0.9167,0.4167,0.0833,0.6667,0.3333,1.0,0.0,0.25,0.25,0.25,0.25,0,0,0,1.0,0.3333,0.5,0.75,1.5,-0.0087,0.0
549,5c,6c,0.2507,0.3412,0.25,0.3333,0,1,0.0833,0.25,0.25,0,0.0,0.6,0.0875,0,1.0,0.9167,0.4167,0.0833,0.6667,0.3333,1.0,0.0,0.25,0.25,0.25,0.25,0,0,0,1.0,0.3333,0.5,0.75,1.5,-0.0392,-0.0448
550,5c,6d,0.2268,0.2181,0.25,0.3333,0,0,0.0833,0.25,0.25,0,0.0,0.4,0.0875,0,1.0,0.9167,0.4167,0.0833,0.6667,0.3333,1.0,0.0,0.25,0.25,0.25,0.25,0,0,0,1.0,0.3333,0.5,0.75,1.5,-0.0354,-0.0286
551,5c,6h,0.2995,0.386,0.25,0.3333,0,0,0.0833,0.25,0.25,0,0.0,0.4,0.0875,0,1.0,0.9167,0.4167,0.0833,0.6667,0.3333,1.0,0.0,0.25,0.25,0.25,0.25,0,0,0,1.0,0.3333,0.5,0.75,1.5,-0.0468,-0.0507
552,5c,6s,0.2978,0.3744,0.25,0.3333,0,0,0.0833,0.25,0.25,0,0.0,0.4,0.0875,0,1.0,0.9167,0.4167,0.0833,0.6667,0.3333,1.0,0.0,0.25,0.25,0.25,0.25,0,0,0,1.0,0.3333,0.5,0.75,1.5,-0.0465,-0.0491
553,5c,7c,0.3994,0.2847,0.25,0.4167,0,1,0.1667,0.25,0.25,1,0.0,0.6,0.3333,0,1.0,0.9167,0.4167,0.0833,0.6667,0.3333,1.0,0.0,0.25,0.25,0.25,0.25,0,0,0,1.0,0.3333,0.5,0.75,1.5,-0.0133,-0.0024
554,5c,7d,0.3983,0.3297,0.25,0.4167,0,0,0.1667,0.25,0.25,1,0.0,0.4,0.3333,0,1.0,0.9167,0.4167,0.0833,0.6667,0.3333,1.0,0.0,0.25,0.25,0.25,0.25,0,0,0,1.0,0.3333,0.5,0.75,1.5,-0.0133,-0.0027
555,5c,7h,0.3946,0.3826,0.25,0.4167,0,0,0.1667,0.25,0.25,1,0.0,0.4,0.3333,0,1.0,0.9167,0.4167,0.0833,0.6667,0.3333,1.0,0.0,0.25,0.25,0.25,0.25,0,0,0,1.0,0.3333,0.5,0.75,1.5,-0.0132,-0.0032
556,5c,7s,0.0,0.0,0.25,0.4167,0,0,0.1667,0.25,0.25,1,0.0,0.4,0.0,1,1.0,0.9167,0.4167,0.0833,0.6667,0.3333,1.0,0.0,0.25,0.25,0.25,0.25,0,0,0,1.0,0.3333,0.5,0.75,1.5,0.0,0.0
557,5c,8c,0.3427,0.298,0.25,0.5,0,1,0.25,0.25,0.25,0,0.0,0.6,0.1125,0,1.0,0.9167,0.4167,0.0833,0.6667,0.3333,1.0,0.0,0.25,0.25,0.25,0.25,0,0,0,1.0,0.3333,0.5,0.75,1.5,-0.0493,-0.0354
558,5c,8d,0.4676,0.3032,0.25,0.5,0,0,0.25,0.25,0.25,0,0.0,0.4,0.1125,0,1.0,0.9167,0.4167,0.0833,0.6667,0.3333,1.0,0.0,0.25,0.25,0.25,0.25,0,0,0,1.0,0.3333,0.5,0.75,1.5,-0.0672,-0.036
559,5c,8h,0.4683,0.447,0.25,0.5,0,0,0.25,0.25,0.25,0,0.0,0.4,0.1125,0,1.0,0.9167,0.4167,0.0833,0.6667,0.3333,1.0,0.0,0.25,0.25,0.25,0.25,0,0,0,1.0,0.3333,0.5,0.75,1.5,-0.0673,-0.0531
560,5c,8s,0.4198,0.471,0.25,0.5,0,0,0.25,0.25,0.25,0,0.0,0.4,0.1125,0,1.0,0.9167,0.4167,0.0833,0.6667,0.3333,1.0,0.0,0.25,0.25,0.25,0.25,0,0,0,1.0,0.3333,0.5,0.75,1.5,-0.0604,-0.0559
561,5c,9c,0.5101,0.4776,0.25,0.5833,0,1,0.3333,0.25,0.25,0,0.0,0.6,0.125,0,1.0,0.9167,0.4167,0.0833,0.6667,0.3333,1.0,0.0,0.25,0.25,0.25,0.25,0,0,0,1.0,0.3333,0.5,0.75,1.5,-0.0701,-0.0537
562,5c,9d,0.3898,0.4748,0.25,0.5833,0,0,0.3333,0.25,0.25,0,0.0,0.4,0.125,0,1.0,0.9167,0.4167,0.0833,0.6667,0.3333,1.0,0.0,0.25,0.25,0.25,0.25,0,0,0,1.0,0.3333,0.5,0.75,1.5,-0.0536,-0.0534
563,5c,9h,0.3195,0.424,0.25,0.5833,0,0,0.3333,0.25,0.25,0,0.0,0.4,0.125,0,1.0,0.9167,0.4167,0.0833,0.6667,0.3333,1.0,0.0,0.25,0.25,0.25,0.25,0,0,0,1.0,0.3333,0.5,0.75,1.5,-0.0439,-0.0477
564,5c,9s,0.4076,0.4512,0.25,0.5833,0,0,0.3333,0.25,0.25,0,0.0,0.4,0.125,0,1.0,0.9167,0.4167,0.0833,0.6667,0.3333,1.0,0.0,0.25,0.25,0.25,0.25,0,0,0,1.0,0.3333,0.5,0.75,1.5,-0.056,-0.0508
565,5c,Tc,0.5345,0.5169,0.25,0.6667,0,1,0.4167,0.25,0.25,0,0.0,0.6,0.1375,0,1.0,0.9167,0.4167,0.0833,0.6667,0.3333,1.0,0.0,0.25,0.25,0.25,0.25,0,0,0,1.0,0.3333,0.5,0.75,1.5,-0.0701,-0.0549
566,5c,Td,0.5645,0.5881,0.25,0.6667,0,0,0.4167,0.25,0.25,0,0.0,0.4,0.1375,0,1.0,0.9167,0.4167,0.0833,0.6667,0.3333,1.0,0.0,0.25,0.25,0.25,0.25,0,0,0,1.0,0.3333,0.5,0.75,1.5,-0.0741,-0.0625
567,5c,Th,0.4217,0.4468,0.25,0.6667,0,0,0.4167,0.25,0.25,0,0.0,0.4,0.1375,0,1.0,0.9167,0.4167,0.0833,0.6667,0.3333,1.0,0.0,0.25,0.25,0.25,0.25,0,0,0,1.0,0.3333,0.5,0.75,1.5,-0.0553,-0.0475
568,5c,Ts,0.405,0.5768,0.25,0.6667,0,0,0.4167,0.25,0.25,0,0.0,0.4,0.1375,0,1.0,0.9167,0.4167,0.0833,0.6667,0.3333,1.0,0.0,0.25,0.25,0.25,0.25,0,0,0,1.0,0.3333,0.5,0.75,1.5,-0.0532,-0.0613
569,5c,Jc,0.5123,0.5831,0.25,0.75,0,1,0.5,0.25,0.25,0,0.0,0.6,0.15,0,1.0,0.9167,0.4167,0.0833,0.6667,0.3333,1.0,0.0,0.25,0.25,0.25,0.25,0,0,0,1.0,0.3333,0.5,0.75,1.5,-0.064,-0.0583
570,5c,Jd,0.4443,0.4126,0.25,0.75,0,0,0.5,0.25,0.25,0,0.0,0.4,0.15,0,1.0,0.9167,0.4167,0.0833,0.6667,0.3333,1.0,0.0,0.25,0.25,0.25,0.25,0,0,0,1.0,0.3333,0.5,0.75,1.5,-0.0555,-0.0413
571,5c,Jh,0.5648,0.5819,0.25,0.75,0,0,0.5,0.25,0.25,0,0.0,0.4,0.15,0,1.0,0.9167,0.4167,0.0833,0.6667,0.3333,1.0,0.0,0.25,0.25,0.25,0.25,0,0,0,1.0,0.3333,0.5,0.75,1.5,-0.0706,-0.0582
572,5c,Js,0.4604,0.4817,0.25,0.75,0,0,0.5,0.25,0.25,0,0.0,0.4,0.15,0,1.0,0.9167,0.4167,0.0833,0.6667,0.3333,1.0,0.0,0.25,0.25,0.25,0.25,0,0,0,1.0,0.3333,0.5,0.75,1.5,-0.0576,-0.0482
573,5c,Qc,0.4696,0.6309,0.25,0.8333,0,1,0.5833,0.25,0.25,0,0.0,0.6,0.1625,0,1.0,0.9167,0.4167,0.0833,0.6667,0.3333,1.0,0.0,0.25,0.25,0.25,0.25,0,0,0,1.0,0.3333,0.5,0.75,1.5,-0.0558,-0.0591
574,5c,Qd,0.5025,0.5402,0.25,0.8333,0,0,0.5833,0.25,0.25,0,0.0,0.4,0.1625,0,1.0,0.9167,0.4167,0.0833,0.6667,0.3333,1.0,0.0,0.25,0.25,0.25,0.25,0,0,0,1.0,0.3333,0.5,0.75,1.5,-0.0597,-0.0506
575,5c,Qh,0.4611,0.6191,0.25,0.8333,0,0,0.5833,0.25,0.25,0,0.0,0.4,0.1625,0,1.0,0.9167,0.4167,0.0833,0.6667,0.3333,1.0,0.0,0.25,0.25,0.25,0.25,0,0,0,1.0,0.3333,0.5,0.75,1.5,-0.0548,-0.058
576,5c,Qs,0.4688,0.5324,0.25,0.8333,0,0,0.5833,0.25,0.25,0,0.0,0.4,0.1625,0,1.0,0.9167,0.4167,0.0833,0.6667,0.3333,1.0,0.0,0.25,0.25,0.25,0.25,0,0,0,1.0,0.3333,0.5,0.75,1.5,-0.0557,-0.0499
577,5c,Kc,0.6174,0.632,0.25,0.9167,0,1,0.6667,0.25,0.25,1,0.0,0.6,0.5083,0,1.0,0.9167,0.4167,0.0833,0.6667,0.3333,1.0,0.0,0.25,0.25,0.25,0.25,0,0,0,1.0,0.3333,0.5,0.75,1.5,0.0334,0.05
578,5c,Kd,0.0,0.0,0.25,0.9167,0,0,0.6667,0.25,0.25,1,0.0,0.4,0.0,1,1.0,0.9167,0.4167,0.0833,0.6667,0.3333,1.0,0.0,0.25,0.25,0.25,0.25,0,0,0,1.0,0.3333,0.5,0.75,1.5,0.0,0.0
579,5c,Kh,0.6725,0.5672,0.25,0.9167,0,0,0.6667,0.25,0.25,1,0.0,0.4,0.5083,0,1.0,0.9167,0.4167,0.0833,0.6667,0.3333,1.0,0.0,0.25,0.25,0.25,0.25,0,0,0,1.0,0.3333,0.5,0.75,1.5,0.0364,0.0449
580,5c,Ks,0.6318,0.5142,0.25,0.9167,0,0,0.6667,0.25,0.25,1,0.0,0.4,0.5083,0,1.0,0.9167,0.4167,0.0833,0.6667,0.3333,1.0,0.0,0.25,0.25,0.25,0.25,0,0,0,1.0,0.3333,0.5,0.75,1.5,0.0342,0.0407
581,5c,Ac,0.608,0.5448,0.25,1.0,0,1,0.75,0.25,0.25,1,0.0,0.6,0.5375,0,1.0,0.9167,0.4167,0.0833,0.6667,0.3333,1.0,0.0,0.25,0.25,0.25,0.25,0,0,0,1.0,0.3333,0.5,0.75,1.5,0.0418,0.0511
582,5c,Ad,0.6229,0.6066,0.25,1.0,0,0,0.75,0.25,0.25,1,0.0,0.4,0.5375,0,1.0,0.9167,0.4167,0.0833,0.6667,0.3333,1.0,0.0,0.25,0.25,0.25,0.25,0,0,0,1.0,0.3333,0.5,0.75,1.5,0.0428,0.0569
583,5c,Ah,0.0,0.0,0.25,1.0,0,0,0.75,0.25,0.25,1,0.0,0.4,0.0,1,1.0,0.9167,0.4167,0.0833,0.6667,0.3333,1.0,0.0,0.25,0.25,0.25,0.25,0,0,0,1.0,0.3333,0.5,0.75,1.5,0.0,0.0
584,5c,As,0.7153,0.5315,0.25,1.0,0,0,0.75,0.25,0.25,1,0.0,0.4,0.5375,0,1.0,0.9167,0.4167,0.0833,0.6667,0.3333,1.0,0.0,0.25,0.25,0.25,0.25,0,0,0,1.0,0.3333,0.5,0.75,1.5,0.0492,0.0498
585,5d,5h,0.2741,0.2887,0.25,0.25,1,0,0.0,0.25,0.25,0,0.0,0.4,0.35,0,1.0,0.9167,0.4167,0.0833,0.6667,0.3333,1.0,0.0,0.25,0.25,0.25,0.25,0,0,0,1.0,0.3333,0.5,0.75,1.5,-0.0069,0.0
586,5d,5s,0.3901,0.3711,0.25,0.25,1,0,0.0,0.25,0.25,0,0.0,0.4,0.35,0,1.0,0.9167,0.4167,0.0833,0.6667,0.3333,1.0,0.0,0.25,0.25,0.25,0.25,0,0,0,1.0,0.3333,0.5,0.75,1.5,-0.0098,0.0
587,5d,6c,0.2115,0.3288,0.25,0.3333,0,0,0.0833,0.25,0.25,0,0.0,0.4,0.0875,0,1.0,0.9167,0.4167,0.0833,0.6667,0.3333,1.0,0.0,0.25,0.25,0.25,0.25,0,0,0,1.0,0.3333,0.5,0.75,1.5,-0.0331,-0.0432
588,5d,6d,0.3006,0.3872,0.25,0.3333,0,1,0.0833,0.25,0.25,0,0.0,0.6,0.0875,0,1.0,0.9167,0.4167,0.0833,0.6667,0.3333,1.0,0.0,0.25,0.25,0.25,0.25,0,0,0,1.0,0.3333,0.5,0.75,1.5,-0.047,-0.0508
589,5d,6h,0.2634,0.2713,0.25,0.3333,0,0,0.0833,0.25,0.25,0,0.0,0.4,0.0875,0,1.0,0.9167,0.4167,0.0833,0.6667,0.3333,1.0,0.0,0.25,0.25,0.25,0.25,0,0,0,1.0,0.3333,0.5,0.75,1.5,-0.0412,-0.0356
590,5d,6s,0.2296,0.2161,0.25,0.3333,0,0,0.0833,0.25,0.25,0,0.0,0.4,0.0875,0,1.0,0.9167,0.4167,0.0833,0.6667,0.3333,1.0,0.0,0.25,0.25,0.25,0.25,0,0,0,1.0,0.3333,0.5,0.75,1.5,-0.0359,-0.0284
591,5d,7c,0.4029,0.3243,0.25,0.4167,0,0,0.1667,0.25,0.25,1,0.0,0.4,0.3333,0,1.0,0.9167,0.4167,0.0833,0.6667,0.3333,1.0,0.0,0.25,0.25,0.25,0.25,0,0,0,1.0,0.3333,0.5,0.75,1.5,-0.0134,-0.0027
592,5d,7d,0.3659,0.3617,0.25,0.4167,0,1,0.1667,0.25,0.25,1,0.0,0.6,0.3333,0,1.0,0.9167,0.4167,0.0833,0.6667,0.3333,1.0,0.0,0.25,0.25,0.25,0.25,0,0,0,1.0,0.3333,0.5,0.75,1.5,-0.0122,-0.003
593,5d,7h,0.3528,0.2376,0.25,0.4167,0,0,0.1667,0.25,0.25,1,0.0,0.4,0.3333,0,1.0,0.9167,0.4167,0.0833,0.6667,0.3333,1.0,0.0,0.25,0.25,0.25,0.25,0,0,0,1.0,0.3333,0.5,0.75,1.5,-0.0118,-0.002
594,5d,7s,0.0,0.0,0.25,0.4167,0,0,0.1667,0.25,0.25,1,0.0,0.4,0.0,1,1.0,0.9167,0.4167,0.0833,0.6667,0.3333,1.0,0.0,0.25,0.25,0.25,0.25,0,0,0,1.0,0.3333,0.5,0.75,1.5,0.0,0.0
595,5d,8c,0.4324,0.3237,0.25,0.5,0,0,0.25,0.25,0.25,0,0.0,0.4,0.1125,0,1.0,0.9167,0.4167,0.0833,0.6667,0.3333,1.0,0.0,0.25,0.25,0.25,0.25,0,0,0,1.0,0.3333,0.5,0.75,1.5,-0.0622,-0.0384
596,5d,8d,0.3002,0.3879,0.25,0.5,0,1,0.25,0.25,0.25,0,0.0,0.6,0.1125,0,1.0,0.9167,0.4167,0.0833,0.6667,0.3333,1.0,0.0,0.25,0.25,0.25,0.25,0,0,0,1.0,0.3333,0.5,0.75,1.5,-0.0432,-0.0461
597,5d,8h,0.2887,0.428,0.25,0.5,0,0,0.25,0.25,0.25,0,0.0,0.4,0.1125,0,1.0,0.9167,0.4167,0.0833,0.6667,0.3333,1.0,0.0,0.25,0.25,0.25,0.25,0,0,0,1.0,0.3333,0.5,0.75,1.5,-0.0415,-0.0508
598,5d,8s,0.3164,0.3182,0.25,0.5,0,0,0.25,0.25,0.25,0,0.0,0.4,0.1125,0,1.0,0.9167,0.4167,0.0833,0.6667,0.3333,1.0,0.0,0.25,0.25,0.25,0.25,0,0,0,1.0,0.3333,0.5,0.75,1.5,-0.0455,-0.0378
599,5d,9c,0.4906,0.3824,0.25,0.5833,0,0,0.3333,0.25,0.25,0,0.0,0.4,0.125,0,1.0,0.9167,0.4167,0.0833,0.6667,0.3333,1.0,0.0,0.25,0.25,0.25,0.25,0,0,0,1.0,0.3333,0.5,0.75,1.5,-0.0675,-0.043
600,5d,9d,0.3462,0.4968,0.25,0.5833,0,1,0.3333,0.25,0.25,0,0.0,0.6,0.125,0,1.0,0.9167,0.4167,0.0833,0.6667,0.3333,1.0,0.0,0.25,0.25,0.25,0.25,0,0,0,1.0,0.3333,0.5,0.75,1.5,-0.0476,-0.0559
601,5d,9h,0.3172,0.4883,0.25,0.5833,0,0,0.3333,0.25,0.25,0,0.0,0.4,0.125,0,1.0,0.9167,0.4167,0.0833,0.6667,0.3333,1.0,0.0,0.25,0.25,0.25,0.25,0,0,0,1.0,0.3333,0.5,0.75,1.5,-0.0436,-0.0549
602,5d,9s,0.3456,0.3427,0.25,0.5833,0,0,0.3333,0.25,0.25,0,0.0,0.4,0.125,0,1.0,0.9167,0.4167,0.0833,0.6667,0.3333,1.0,0.0,0.25,0.25,0.25,0.25,0,0,0,1.0,0.3333,0.5,0.75,1.5,-0.0475,-0.0385
603,5d,Tc,0.4501,0.4349,0.25,0.6667,0,0,0.4167,0.25,0.25,0,0.0,0.4,0.1375,0,1.0,0.9167,0.4167,0.0833,0.6667,0.3333,1.0,0.0,0.25,0.25,0.25,0.25,0,0,0,1.0,0.3333,0.5,0.75,1.5,-0.0591,-0.0462
604,5d,Td,0.5322,0.4052,0.25,0.6667,0,1,0.4167,0.25,0.25,0,0.0,0.6,0.1375,0,1.0,0.9167,0.4167,0.0833,0.6667,0.3333,1.0,0.0,0.25,0.25,0.25,0.25,0,0,0,1.0,0.3333,0.5,0.75,1.5,-0.0699,-0.043
605,5d,Th,0.403,0.558,0.25,0.6667,0,0,0.4167,0.25,0.25,0,0.0,0.4,0.1375,0,1.0,0.9167,0.4167,0.0833,0.6667,0.3333,1.0,0.0,0.25,0.25,0.25,0.25,0,0,0,1.0,0.3333,0.5,0.75,1.5,-0.0529,-0.0593
606,5d,Ts,0.4476,0.4648,0.25,0.6667,0,0,0.4167,0.25,0.25,0,0.0,0.4,0.1375,0,1.0,0.9167,0.4167,0.0833,0.6667,0.3333,1.0,0.0,0.25,0.25,0.25,0.25,0,0,0,1.0,0.3333,0.5,0.75,1.5,-0.0587,-0.0494
607,5d,Jc,0.4348,0.4105,0.25,0.75,0,0,0.5,0.25,0.25,0,0.0,0.4,0.15,0,1.0,0.9167,0.4167,0.0833,0.6667,0.3333,1.0,0.0,0.25,0.25,0.25,0.25,0,0,0,1.0,0.3333,0.5,0.75,1.5,-0.0544,-0.041
608,5d,Jd,0.5483,0.5052,0.25,0.75,0,1,0.5,0.25,0.25,0,0.0,0.6,0.15,0,1.0,0.9167,0.4167,0.0833,0.6667,0.3333,1.0,0.0,0.25,0.25,0.25,0.25,0,0,0,1.0,0.3333,0.5,0.75,1.5,-0.0685,-0.0505
609,5d,Jh,0.5491,0.4952,0.25,0.75,0,0,0.5,0.25,0.25,0,0.0,0.4,0.15,0,1.0,0.9167,0.4167,0.0833,0.6667,0.3333,1.0,0.0,0.25,0.25,0.25,0.25,0,0,0,1.0,0.3333,0.5,0.75,1.5,-0.0686,-0.0495
610,5d,Js,0.5556,0.5026,0.25,0.75,0,0,0.5,0.25,0.25,0,0.0,0.4,0.15,0,1.0,0.9167,0.4167,0.0833,0.6667,0.3333,1.0,0.0,0.25,0.25,0.25,0.25,0,0,0,1.0,0.3333,0.5,0.75,1.5,-0.0695,-0.0503
611,5d,Qc,0.4635,0.5424,0.25,0.8333,0,0,0.5833,0.25,0.25,0,0.0,0.4,0.1625,0,1.0,0.9167,0.4167,0.0833,0.6667,0.3333,1.0,0.0,0.25,0.25,0.25,0.25,0,0,0,1.0,0.3333,0.5,0.75,1.5,-0.055,-0.0509
612,5d,Qd,0.6307,0.4503,0.25,0.8333,0,1,0.5833,0.25,0.25,0,0.0,0.6,0.1625,0,1.0,0.9167,0.4167,0.0833,0.6667,0.3333,1.0,0.0,0.25,0.25,0.25,0.25,0,0,0,1.0,0.3333,0.5,0.75,1.5,-0.0749,-0.0422
613,5d,Qh,0.5983,0.6151,0.25,0.8333,0,0,0.5833,0.25,0.25,0,0.0,0.4,0.1625,0,1.0,0.9167,0.4167,0.0833,0.6667,0.3333,1.0,0.0,0.25,0.25,0.25,0.25,0,0,0,1.0,0.3333,0.5,0.75,1.5,-0.071,-0.0577
614,5d,Qs,0.546,0.5333,0.25,0.8333,0,0,0.5833,0.25,0.25,0,0.0,0.4,0.1625,0,1.0,0.9167,0.4167,0.0833,0.6667,0.3333,1.0,0.0,0.25,0.25,0.25,0.25,0,0,0,1.0,0.3333,0.5,0.75,1.5,-0.0648,-0.05
615,5d,Kc,0.6761,0.4955,0.25,0.9167,0,0,0.6667,0.25,0.25,1,0.0,0.4,0.5083,0,1.0,0.9167,0.4167,0.0833,0.6667,0.3333,1.0,0.0,0.25,0.25,0.25,0.25,0,0,0,1.0,0.3333,0.5,0.75,1.5,0.0366,0.0392
616,5d,Kd,0.0,0.0,0.25,0.9167,0,1,0.6667,0.25,0.25,1,0.0,0.6,0.0,1,1.0,0.9167,0.4167,0.0833,0.6667,0.3333,1.0,0.0,0.25,0.25,0.25,0.25,0,0,0,1.0,0.3333,0.5,0.75,1.5,0.0,0.0
617,5d,Kh,0.5791,0.5637,0.25,0.9167,0,0,0.6667,0.25,0.25,1,0.0,0.4,0.5083,0,1.0,0.9167,0.4167,0.0833,0.6667,0.3333,1.0,0.0,0.25,0.25,0.25,0.25,0,0,0,1.0,0.3333,0.5,0.75,1.5,0.0314,0.0446
618,5d,Ks,0.6206,0.5814,0.25,0.9167,0,0,0.6667,0.25,0.25,1,0.0,0.4,0.5083,0,1.0,0.9167,0.4167,0.0833,0.6667,0.3333,1.0,0.0,0.25,0.25,0.25,0.25,0,0,0,1.0,0.3333,0.5,0.75,1.5,0.0336,0.046
619,5d,Ac,0.7069,0.5397,0.25,1.0,0,0,0.75,0.25,0.25,1,0.0,0.4,0.5375,0,1.0,0.9167,0.4167,0.0833,0.6667,0.3333,1.0,0.0,0.25,0.25,0.25,0.25,0,0,0,1.0,0.3333,0.5,0.75,1.5,0.0486,0.0506
620,5d,Ad,0.5412,0.6467,0.25,1.0,0,1,0.75,0.25,0.25,1,0.0,0.6,0.5375,0,1.0,0.9167,0.4167,0.0833,0.6667,0.3333,1.0,0.0,0.25,0.25,0.25,0.25,0,0,0,1.0,0.3333,0.5,0.75,1.5,0.0372,0.0606
621,5d,Ah,0.0,0.0,0.25,1.0,0,0,0.75,0.25,0.25,1,0.0,0.4,0.0,1,1.0,0.9167,0.4167,0.0833,0.6667,0.3333,1.0,0.0,0.25,0.25,0.25,0.25,0,0,0,1.0,0.3333,0.5,0.75,1.5,0.0,0.0
622,5d,As,0.5381,0.58,0.25,1.0,0,0,0.75,0.25,0.25,1,0.0,0.4,0.5375,0,1.0,0.9167,0.4167,0.0833,0.6667,0.3333,1.0,0.0,0.25,0.25,0.25,0.25,0,0,0,1.0,0.3333,0.5,0.75,1.5,0.037,0.0544
623,5h,5s,0.3266,0.3097,0.25,0.25,1,0,0.0,0.25,0.25,0,0.0,0.4,0.35,0,1.0,0.9167,0.4167,0.0833,0.6667,0.3333,1.0,0.0,0.25,0.25,0.25,0.25,0,0,0,1.0,0.3333,0.5,0.75,1.5,-0.0082,0.0
624,5h,6c,0.2567,0.3906,0.25,0.3333,0,0,0.0833,0.25,0.25,0,0.0,0.4,0.0875,0,1.0,0.9167,0.4167,0.0833,0.6667,0.3333,1.0,0.0,0.25,0.25,0.25,0.25,0,0,0,1.0,0.3333,0.5,0.75,1.5,-0.0401,-0.0513
625,5h,6d,0.2978,0.2824,0.25,0.3333,0,0,0.0833,0.25,0.25,0,0.0,0.4,0.0875,0,1.0,0.9167,0.4167,0.0833,0.6667,0.3333,1.0,0.0,0.25,0.25,0.25,0.25,0,0,0,1.0,0.3333,0.5,0.75,1.5,-0.0465,-0.0371
626,5h,6h,0.3128,0.2115,0.25,0.3333,0,1,0.0833,0.25,0.25,0,0.0,0.6,0.0875,0,1.0,0.9167,0.4167,0.0833,0.6667,0.3333,1.0,0.0,0.25,0.25,0.25,0.25,0,0,0,1.0,0.3333,0.5,0.75,1.5,-0.0489,-0.0278
627,5h,6s,0.332,0.3622,0.25,0.3333,0,0,0.0833,0.25,0.25,0,0.0,0.4,0.0875,0,1.0,0.9167,0.4167,0.0833,0.6667,0.3333,1.0,0.0,0.25,0.25,0.25,0.25,0,0,0,1.0,0.3333,0.5,0.75,1.5,-0.0519,-0.0475
628,5h,7c,0.3635,0.3871,0.25,0.4167,0,0,0.1667,0.25,0.25,1,0.0,0.4,0.3333,0,1.0,0.9167,0.4167,0.0833,0.6667,0.3333,1.0,0.0,0.25,0.25,0.25,0.25,0,0,0,1.0,0.3333,0.5,0.75,1.5,-0.0121,-0.0032
629,5h,7d,0.3775,0.2763,0.25,0.4167,0,0,0.1667,0.25,0.25,1,0.0,0.4,0.3333,0,1.0,0.9167,0.4167,0.0833,0.6667,0.3333,1.0,0.0,0.25,0.25,0.25,0.25,0,0,0,1.0,0.3333,0.5,0.75,1.5,-0.0126,-0.0023
630,5h,7h,0.3236,0.279,0.25,0.4167,0,1,0.1667,0.25,0.25,1,0.0,0.6,0.3333,0,1.0,0.9167,0.4167,0.0833,0.6667,0.3333,1.0,0.0,0.25,0.25,0.25,0.25,0,0,0,1.0,0.3333,0.5,0.75,1.5,-0.0108,-0.0023
631,5h,7s,0.0,0.0,0.25,0.4167,0,0,0.1667,0.25,0.25,1,0.0,0.4,0.0,1,1.0,0.9167,0.4167,0.0833,0.6667,0.3333,1.0,0.0,0.25,0.25,0.25,0.25,0,0,0,1.0,0.3333,0.5,0.75,1.5,0.0,0.0
632,5h,8c,0.3428,0.3657,0.25,0.5,0,0,0.25,0.25,0.25,0,0.0,0.4,0.1125,0,1.0,0.9167,0.4167,0.0833,0.6667,0.3333,1.0,0.0,0.25,0.25,0.25,0.25,0,0,0,1.0,0.3333,0.5,0.75,1.5,-0.0493,-0.0434
633,5h,8d,0.3582,0.294,0.25,0.5,0,0,0.25,0.25,0.25,0,0.0,0.4,0.1125,0,1.0,0.9167,0.4167,0.0833,0.6667,0.3333,1.0,0.0,0.25,0.25,0.25,0.25,0,0,0,1.0,0.3333,0.5,0.75,1.5,-0.0515,-0.0349
634,5h,8h,0.3604,0.408,0.25,0.5,0,1,0.25,0.25,0.25,0,0.0,0.6,0.1125,0,1.0,0.9167,0.4167,0.0833,0.6667,0.3333,1.0,0.0,0.25,0.25,0.25,0.25,0,0,0,1.0,0.3333,0.5,0.75,1.5,-0.0518,-0.0485
635,5h,8s,0.3499,0.3055,0.25,0.5,0,0,0.25,0.25,0.25,0,0.0,0.4,0.1125,0,1.0,0.9167,0.4167,0.0833,0.6667,0.3333,1.0,0.0,0.25,0.25,0.25,0.25,0,0,0,1.0,0.3333,0.5,0.75,1.5,-0.0503,-0.0363
636,5h,9c,0.5013,0.3301,0.25,0.5833,0,0,0.3333,0.25,0.25,0,0.0,0.4,0.125,0,1.0,0.9167,0.4167,0.0833,0.6667,0.3333,1.0,0.0,0.25,0.25,0.25,0.25,0,0,0,1.0,0.3333,0.5,0.75,1.5,-0.0689,-0.0371
637,5h,9d,0.483,0.3353,0.25,0.5833,0,0,0.3333,0.25,0.25,0,0.0,0.4,0.125,0,1.0,0.9167,0.4167,0.0833,0.6667,0.3333,1.0,0.0,0.25,0.25,0.25,0.25,0,0,0,1.0,0.3333,0.5,0.75,1.5,-0.0664,-0.0377
638,5h,9h,0.336,0.4644,0.25,0.5833,0,1,0.3333,0.25,0.25,0,0.0,0.6,0.125,0,1.0,0.9167,0.4167,0.0833,0.6667,0.3333,1.0,0.0,0.25,0.25,0.25,0.25,0,0,0,1.0,0.3333,0.5,0.75,1.5,-0.0462,-0.0522
639,5h,9s,0.479,0.4279,0.25,0.5833,0,0,0.3333,0.25,0.25,0,0.0,0.4,0.125,0,1.0,0.9167,0.4167,0.0833,0.6667,0.3333,1.0,0.0,0.25,0.25,0.25,0.25,0,0,0,1.0,0.3333,0.5,0.75,1.5,-0.0659,-0.0481
640,5h,Tc,0.5173,0.5123,0.25,0.6667,0,0,0.4167,0.25,0.25,0,0.0,0.4,0.1375,0,1.0,0.9167,0.4167,0.0833,0.6667,0.3333,1.0,0.0,0.25,0.25,0.25,0.25,0,0,0,1.0,0.3333,0.5,0.75,1.5,-0.0679,-0.0544
641,5h,Td,0.4659,0.4244,0.25,0.6667,0,0,0.4167,0.25,0.25,0,0.0,0.4,0.1375,0,1.0,0.9167,0.4167,0.0833,0.6667,0.3333,1.0,0.0,0.25,0.25,0.25,0.25,0,0,0,1.0,0.3333,0.5,0.75,1.5,-0.0612,-0.0451
642,5h,Th,0.4707,0.5331,0.25,0.6667,0,1,0.4167,0.25,0.25,0,0.0,0.6,0.1375,0,1.0,0.9167,0.4167,0.0833,0.6667,0.3333,1.0,0.0,0.25,0.25,0.25,0.25,0,0,0,1.0,0.3333,0.5,0.75,1.5,-0.0618,-0.0566
643,5h,Ts,0.5501,0.5736,0.25,0.6667,0,0,0.4167,0.25,0.25,0,0.0,0.4,0.1375,0,1.0,0.9167,0.4167,0.0833,0.6667,0.3333,1.0,0.0,0.25,0.25,0.25,0.25,0,0,0,1.0,0.3333,0.5,0.75,1.5,-0.0722,-0.0609
644,5h,Jc,0.5442,0.5937,0.25,0.75,0,0,0.5,0.25,0.25,0,0.0,0.4,0.15,0,1.0,0.9167,0.4167,0.0833,0.6667,0.3333,1.0,0.0,0.25,0.25,0.25,0.25,0,0,0,1.0,0.3333,0.5,0.75,1.5,-0.068,-0.0594
645,5h,Jd,0.5201,0.4703,0.25,0.75,0,0,0.5,0.25,0.25,0,0.0,0.4,0.15,0,1.0,0.9167,0.4167,0.0833,0.6667,0.3333,1.0,0.0,0.25,0.25,0.25,0.25,0,0,0,1.0,0.3333,0.5,0.75,1.5,-0.065,-0.047
646,5h,Jh,0.5156,0.4425,0.25,0.75,0,1,0.5,0.25,0.25,0,0.0,0.6,0.15,0,1.0,0.9167,0.4167,0.0833,0.6667,0.3333,1.0,0.0,0.25,0.25,0.25,0.25,0,0,0,1.0,0.3333,0.5,0.75,1.5,-0.0644,-0.0443
647,5h,Js,0.5313,0.4448,0.25,0.75,0,0,0.5,0.25,0.25,0,0.0,0.4,0.15,0,1.0,0.9167,0.4167,0.0833,0.6667,0.3333,1.0,0.0,0.25,0.25,0.25,0.25,0,0,0,1.0,0.3333,0.5,0.75,1.5,-0.0664,-0.0445
648,5h,Qc,0.4633,0.6107,0.25,0.8333,0,0,0.5833,0.25,0.25,0,0.0,0.4,0.1625,0,1.0,0.9167,0.4167,0.0833,0.6667,0.3333,1.0,0.0,0.25,0.25,0.25,0.25,0,0,0,1.0,0.3333,0.5,0.75,1.5,-0.055,-0.0573
649,5h,Qd,0.5152,0.5942,0.25,0.8333,0,0,0.5833,0.25,0.25,0,0.0,0.4,0.1625,0,1.0,0.9167,0.4167,0.0833,0.6667,0.3333,1.0,0.0,0.25,0.25,0.25,0.25,0,0,0,1.0,0.3333,0.5,0.75,1.5,-0.0612,-0.0557
650,5h,Qh,0.5565,0.6031,0.25,0.8333,0,1,0.5833,0.25,0.25,0,0.0,0.6,0.1625,0,1.0,0.9167,0.4167,0.0833,0.6667,0.3333,1.0,0.0,0.25,0.25,0.25,0.25,0,0,0,1.0,0.3333,0.5,0.75,1.5,-0.0661,-0.0565
651,5h,Qs,0.6107,0.6366,0.25,0.8333,0,0,0.5833,0.25,0.25,0,0.0,0.4,0.1625,0,1.0,0.9167,0.4167,0.0833,0.6667,0.3333,1.0,0.0,0.25,0.25,0.25,0.25,0,0,0,1.0,0.3333,0.5,0.75,1.5,-0.0725,-0.0597
652,5h,Kc,0.647,0.606,0.25,0.9167,0,0,0.6667,0.25,0.25,1,0.0,0.4,0.5083,0,1.0,0.9167,0.4167,0.0833,0.6667,0.3333,1.0,0.0,0.25,0.25,0.25,0.25,0,0,0,1.0,0.3333,0.5,0.75,1.5,0.035,0.048
653,5h,Kd,0.0,0.0,0.25,0.9167,0,0,0.6667,0.25,0.25,1,0.0,0.4,0.0,1,1.0,0.9167,0.4167,0.0833,0.6667,0.3333,1.0,0.0,0.25,0.25,0.25,0.25,0,0,0,1.0,0.3333,0.5,0.75,1.5,0.0,0.0
654,5h,Kh,0.6119,0.4886,0.25,0.9167,0,1,0.6667,0.25,0.25,1,0.0,0.6,0.5083,0,1.0,0.9167,0.4167,0.0833,0.6667,0.3333,1.0,0.0,0.25,0.25,0.25,0.25,0,0,0,1.0,0.3333,0.5,0.75,1.5,0.0331,0.0387
655,5h,Ks,0.6692,0.6492,0.25,0.9167,0,0,0.6667,0.25,0.25,1,0.0,0.4,0.5083,0,1.0,0.9167,0.4167,0.0833,0.6667,0.3333,1.0,0.0,0.25,0.25,0.25,0.25,0,0,0,1.0,0.3333,0.5,0.75,1.5,0.0362,0.0514
656,5h,Ac,0.5785,0.5611,0.25,1.0,0,0,0.75,0.25,0.25,1,0.0,0.4,0.5375,0,1.0,0.9167,0.4167,0.0833,0.6667,0.3333,1.0,0.0,0.25,0.25,0.25,0.25,0,0,0,1.0,0.3333,0.5,0.75,1.5,0.0398,0.0526
657,5h,Ad,0.6655,0.5868,0.25,1.0,0,0,0.75,0.25,0.25,1,0.0,0.4,0.5375,0,1.0,0.9167,0.4167,0.0833,0.6667,0.3333,1.0,0.0,0.25,0.25,0.25,0.25,0,0,0,1.0,0.3333,0.5,0.75,1.5,0.0458,0.055
658,5h,Ah,0.0,0.0,0.25,1.0,0,1,0.75,0.25,0.25,1,0.0,0.6,0.0,1,1.0,0.9167,0.4167,0.0833,0.6667,0.3333,1.0,0.0,0.25,0.25,0.25,0.25,0,0,0,1.0,0.3333,0.5,0.75,1.5,0.0,0.0
659,5h,As,0.593,0.5262,0.25,1.0,0,0,0.75,0.25,0.25,1,0.0,0.4,0.5375,0,1.0,0.9167,0.4167,0.0833,0.6667,0.3333,1.0,0.0,0.25,0.25,0.25,0.25,0,0,0,1.0,0.3333,0.5,0.75,1.5,0.0408,0.0493
660,5s,6c,0.3656,0.3049,0.25,0.3333,0,0,0.0833,0.25,0.25,0,0.0,0.4,0.0875,0,1.0,0.9167,0.4167,0.0833,0.6667,0.3333,1.0,0.0,0.25,0.25,0.25,0.25,0,0,0,1.0,0.3333,0.5,0.75,1.5,-0.0571,-0.04
661,5s,6d,0.2718,0.22,0.25,0.3333,0,0,0.0833,0.25,0.25,0,0.0,0.4,0.0875,0,1.0,0.9167,0.4167,0.0833,0.6667,0.3333,1.0,0.0,0.25,0.25,0.25,0.25,0,0,0,1.0,0.3333,0.5,0.75,1.5,-0.0425,-0.0289
662,5s,6h,0.3183,0.1978,0.25,0.3333,0,0,0.0833,0.25,0.25,0,0.0,0.4,0.0875,0,1.0,0.9167,0.4167,0.0833,0.6667,0.3333,1.0,0.0,0.25,0.25,0.25,0.25,0,0,0,1.0,0.3333,0.5,0.75,1.5,-0.0497,-0.026
663,5s,6s,0.3409,0.2347,0.25,0.3333,0,1,0.0833,0.25,0.25,0,0.0,0.6,0.0875,0,1.0,0.9167,0.4167,0.0833,0.6667,0.3333,1.0,0.0,0.25,0.25,0.25,0.25,0,0,0,1.0,0.3333,0.5,0.75,1.5,-0.0533,-0.0308
664,5s,7c,0.3173,0.3015,0.25,0.4167,0,0,0.1667,0.25,0.25,1,0.0,0.4,0.3333,0,1.0,0.9167,0.4167,0.0833,0.6667,0.3333,1.0,0.0,0.25,0.25,0.25,0.25,0,0,0,1.0,0.3333,0.5,0.75,1.5,-0.0106,-0.0025
665,5s,7d,0.3073,0.3777,0.25,0.4167,0,0,0.1667,0.25,0.25,1,0.0,0.4,0.3333,0,1.0,0.9167,0.4167,0.0833,0.6667,0.3333,1.0,0.0,0.25,0.25,0.25,0.25,0,0,0,1.0,0.3333,0.5,0.75,1.5,-0.0102,-0.0031
666,5s,7h,0.3887,0.3469,0.25,0.4167,0,0,0.1667,0.25,0.25,1,0.0,0.4,0.3333,0,1.0,0.9167,0.4167,0.0833,0.6667,0.3333,1.0,0.0,0.25,0.25,0.25,0.25,0,0,0,1.0,0.3333,0.5,0.75,1.5,-0.013,-0.0029
667,5s,7s,0.0,0.0,0.25,0.4167,0,1,0.1667,0.25,0.25,1,0.0,0.6,0.0,1,1.0,0.9167,0.4167,0.0833,0.6667,0.3333,1.0,0.0,0.25,0.25,0.25,0.25,0,0,0,1.0,0.3333,0.5,0.75,1.5,0.0,0.0
668,5s,8c,0.292,0.2855,0.25,0.5,0,0,0.25,0.25,0.25,0,0.0,0.4,0.1125,0,1.0,0.9167,0.4167,0.0833,0.6667,0.3333,1.0,0.0,0.25,0.25,0.25,0.25,0,0,0,1.0,0.3333,0.5,0.75,1.5,-0.042,-0.0339
669,5s,8d,0.3065,0.3986,0.25,0.5,0,0,0.25,0.25,0.25,0,0.0,0.4,0.1125,0,1.0,0.9167,0.4167,0.0833,0.6667,0.3333,1.0,0.0,0.25,0.25,0.25,0.25,0,0,0,1.0,0.3333,0.5,0.75,1.5,-0.0441,-0.0473
670,5s,8h,0.4098,0.3294,0.25,0.5,0,0,0.25,0.25,0.25,0,0.0,0.4,0.1125,0,1.0,0.9167,0.4167,0.0833,0.6667,0.3333,1.0,0.0,0.25,0.25,0.25,0.25,0,0,0,1.0,0.3333,0.5,0.75,1.5,-0.0589,-0.0391
671,5s,8s,0.4074,0.3721,0.25,0.5,0,1,0.25,0.25,0.25,0,0.0,0.6,0.1125,0,1.0,0.9167,0.4167,0.0833,0.6667,0.3333,1.0,0.0,0.25,0.25,0.25,0.25,0,0,0,1.0,0.3333,0.5,0.75,1.5,-0.0586,-0.0442
672,5s,9c,0.4051,0.3713,0.25,0.5833,0,0,0.3333,0.25,0.25,0,0.0,0.4,0.125,0,1.0,0.9167,0.4167,0.0833,0.6667,0.3333,1.0,0.0,0.25,0.25,0.25,0.25,0,0,0,1.0,0.3333,0.5,0.75,1.5,-0.0557,-0.0418
673,5s,9d,0.4677,0.3394,0.25,0.5833,0,0,0.3333,0.25,0.25,0,0.0,0.4,0.125,0,1.0,0.9167,0.4167,0.0833,0.6667,0.3333,1.0,0.0,0.25,0.25,0.25,0.25,0,0,0,1.0,0.3333,0.5,0.75,1.5,-0.0643,-0.0382
674,5s,9h,0.4026,0.3733,0.25,0.5833,0,0,0.3333,0.25,0.25,0,0.0,0.4,0.125,0,1.0,0.9167,0.4167,0.0833,0.6667,0.3333,1.0,0.0,0.25,0.25,0.25,0.25,0,0,0,1.0,0.3333,0.5,0.75,1.5,-0.0554,-0.042
675,5s,9s,0.4524,0.414,0.25,0.5833,0,1,0.3333,0.25,0.25,0,0.0,0.6,0.125,0,1.0,0.9167,0.4167,0.0833,0.6667,0.3333,1.0,0.0,0.25,0.25,0.25,0.25,0,0,0,1.0,0.3333,0.5,0.75,1.5,-0.0622,-0.0466
676,5s,Tc,0.5334,0.4091,0.25,0.6667,0,0,0.4167,0.25,0.25,0,0.0,0.4,0.1375,0,1.0,0.9167,0.4167,0.0833,0.6667,0.3333,1.0,0.0,0.25,0.25,0.25,0.25,0,0,0,1.0,0.3333,0.5,0.75,1.5,-0.07,-0.0435
677,5s,Td,0.4791,0.5199,0.25,0.6667,0,0,0.4167,0.25,0.25,0,0.0,0.4,0.1375,0,1.0,0.9167,0.4167,0.0833,0.6667,0.3333,1.0,0.0,0.25,0.25,0.25,0.25,0,0,0,1.0,0.3333,0.5,0.75,1.5,-0.0629,-0.0552
678,5s,Th,0.4015,0.4603,0.25,0.6667,0,0,0.4167,0.25,0.25,0,0.0,0.4,0.1375,0,1.0,0.9167,0.4167,0.0833,0.6667,0.3333,1.0,0.0,0.25,0.25,0.25,0.25,0,0,0,1.0,0.3333,0.5,0.75,1.5,-0.0527,-0.0489
679,5s,Ts,0.4422,0.4274,0.25,0.6667,0,1,0.4167,0.25,0.25,0,0.0,0.6,0.1375,0,1.0,0.9167,0.4167,0.0833,0.6667,0.3333,1.0,0.0,0.25,0.25,0.25,0.25,0,0,0,1.0,0.3333,0.5,0.75,1.5,-0.058,-0.0454
680,5s,Jc,0.4511,0.4656,0.25,0.75,0,0,0.5,0.25,0.25,0,0.0,0.4,0.15,0,1.0,0.9167,0.4167,0.0833,0.6667,0.3333,1.0,0.0,0.25,0.25,0.25,0.25,0,0,0,1.0,0.3333,0.5,0.75,1.5,-0.0564,-0.0466
681,5s,Jd,0.4015,0.5494,0.25,0.75,0,0,0.5,0.25,0.25,0,0.0,0.4,0.15,0,1.0,0.9167,0.4167,0.0833,0.6667,0.3333,1.0,0.0,0.25,0.25,0.25,0.25,0,0,0,1.0,0.3333,0.5,0.75,1.5,-0.0502,-0.0549
682,5s,Jh,0.4351,0.476,0.25,0.75,0,0,0.5,0.25,0.25,0,0.0,0.4,0.15,0,1.0,0.9167,0.4167,0.0833,0.6667,0.3333,1.0,0.0,0.25,0.25,0.25,0.25,0,0,0,1.0,0.3333,0.5,0.75,1.5,-0.0544,-0.0476
683,5s,Js,0.5407,0.5001,0.25,0.75,0,1,0.5,0.25,0.25,0,0.0,0.6,0.15,0,1.0,0.9167,0.4167,0.0833,0.6667,0.3333,1.0,0.0,0.25,0.25,0.25,0.25,0,0,0,1.0,0.3333,0.5,0.75,1.5,-0.0676,-0.05
684,5s,Qc,0.6083,0.6029,0.25,0.8333,0,0,0.5833,0.25,0.25,0,0.0,0.4,0.1625,0,1.0,0.9167,0.4167,0.0833,0.6667,0.3333,1.0,0.0,0.25,0.25,0.25,0.25,0,0,0,1.0,0.3333,0.5,0.75,1.5,-0.0722,-0.0565
685,5s,Qd,0.4561,0.614,0.25,0.8333,0,0,0.5833,0.25,0.25,0,0.0,0.4,0.1625,0,1.0,0.9167,0.4167,0.0833,0.6667,0.3333,1.0,0.0,0.25,0.25,0.25,0.25,0,0,0,1.0,0.3333,0.5,0.75,1.5,-0.0542,-0.0576
686,5s,Qh,0.4501,0.4454,0.25,0.8333,0,0,0.5833,0.25,0.25,0,0.0,0.4,0.1625,0,1.0,0.9167,0.4167,0.0833,0.6667,0.3333,1.0,0.0,0.25,0.25,0.25,0.25,0,0,0,1.0,0.3333,0.5,0.75,1.5,-0.0535,-0.0418
687,5s,Qs,0.6259,0.6141,0.25,0.8333,0,1,0.5833,0.25,0.25,0,0.0,0.6,0.1625,0,1.0,0.9167,0.4167,0.0833,0.6667,0.3333,1.0,0.0,0.25,0.25,0.25,0.25,0,0,0,1.0,0.3333,0.5,0.75,1.5,-0.0743,-0.0576
688,5s,Kc,0.5985,0.598,0.25,0.9167,0,0,0.6667,0.25,0.25,1,0.0,0.4,0.5083,0,1.0,0.9167,0.4167,0.0833,0.6667,0.3333,1.0,0.0,0.25,0.25,0.25,0.25,0,0,0,1.0,0.3333,0.5,0.75,1.5,0.0324,0.0473
689,5s,Kd,0.0,0.0,0.25,0.9167,0,0,0.6667,0.25,0.25,1,0.0,0.4,0.0,1,1.0,0.9167,0.4167,0.0833,0.6667,0.3333,1.0,0.0,0.25,0.25,0.25,0.25,0,0,0,1.0,0.3333,0.5,0.75,1.5,0.0,0.0
690,5s,Kh,0.6252,0.5669,0.25,0.9167,0,0,0.6667,0.25,0.25,1,0.0,0.4,0.5083,0,1.0,0.9167,0.4167,0.0833,0.6667,0.3333,1.0,0.0,0.25,0.25,0.25,0.25,0,0,0,1.0,0.3333,0.5,0.75,1.5,0.0339,0.0449
691,5s,Ks,0.5064,0.4875,0.25,0.9167,0,1,0.6667,0.25,0.25,1,0.0,0.6,0.5083,0,1.0,0.9167,0.4167,0.0833,0.6667,0.3333,1.0,0.0,0.25,0.25,0.25,0.25,0,0,0,1.0,0.3333,0.5,0.75,1.5,0.0274,0.0386
692,5s,Ac,0.59,0.6853,0.25,1.0,0,0,0.75,0.25,0.25,1,0.0,0.4,0.5375,0,1.0,0.9167,0.4167,0.0833,0.6667,0.3333,1.0,0.0,0.25,0.25,0.25,0.25,0,0,0,1.0,0.3333,0.5,0.75,1.5,0.0406,0.0642
693,5s,Ad,0.6486,0.6914,0.25,1.0,0,0,0.75,0.25,0.25,1,0.0,0.4,0.5375,0,1.0,0.9167,0.4167,0.0833,0.6667,0.3333,1.0,0.0,0.25,0.25,0.25,0.25,0,0,0,1.0,0.3333,0.5,0.75,1.5,0.0446,0.0648
694,5s,Ah,0.0,0.0,0.25,1.0,0,0,0.75,0.25,0.25,1,0.0,0.4,0.0,1,1.0,0.9167,0.4167,0.0833,0.6667,0.3333,1.0,0.0,0.25,0.25,0.25,0.25,0,0,0,1.0,0.3333,0.5,0.75,1.5,0.0,0.0
695,5s,As,0.709,0.5426,0.25,1.0,0,1,0.75,0.25,0.25,1,0.0,0.6,0.5375,0,1.0,0.9167,0.4167,0.0833,0.6667,0.3333,1.0,0.0,0.25,0.25,0.25,0.25,0,0,0,1.0,0.3333,0.5,0.75,1.5,0.0487,0.0509
696,6c,6d,0.4022,0.282,0.3333,0.3333,1,0,0.0,0.25,0.25,0,0.0,0.4,0.4,0,1.0,0.9167,0.4167,0.0833,0.6667,0.3333,1.0,0.0,0.25,0.25,0.25,0.25,0,0,0,1.0,0.3333,0.5,0.75,1.5,-0.0,0.007
697,6c,6h,0.3511,0.3381,0.3333,0.3333,1,0,0.0,0.25,0.25,0,0.0,0.4,0.4,0,1.0,0.9167,0.4167,0.0833,0.6667,0.3333,1.0,0.0,0.25,0.25,0.25,0.25,0,0,0,1.0,0.3333,0.5,0.75,1.5,-0.0,0.0085
698,6c,6s,0.3125,0.2954,0.3333,0.3333,1,0,0.0,0.25,0.25,0,0.0,0.4,0.4,0,1.0,0.9167,0.4167,0.0833,0.6667,0.3333,1.0,0.0,0.25,0.25,0.25,0.25,0,0,0,1.0,0.3333,0.5,0.75,1.5,-0.0,0.0074
699,6c,7c,0.3429,0.3416,0.3333,0.4167,0,1,0.0833,0.25,0.25,1,0.0,0.6,0.3458,0,1.0,0.9167,0.4167,0.0833,0.6667,0.3333,1.0,0.0,0.25,0.25,0.25,0.25,0,0,0,1.0,0.3333,0.5,0.75,1.5,-0.0093,-0.0007
700,6c,7d,0.3086,0.3771,0.3333,0.4167,0,0,0.0833,0.25,0.25,1,0.0,0.4,0.3458,0,1.0,0.9167,0.4167,0.0833,0.6667,0.3333,1.0,0.0,0.25,0.25,0.25,0.25,0,0,0,1.0,0.3333,0.5,0.75,1.5,-0.0084,-0.0008
701,6c,7h,0.2978,0.377,0.3333,0.4167,0,0,0.0833,0.25,0.25,1,0.0,0.4,0.3458,0,1.0,0.9167,0.4167,0.0833,0.6667,0.3333,1.0,0.0,0.25,0.25,0.25,0.25,0,0,0,1.0,0.3333,0.5,0.75,1.5,-0.0081,-0.0008
702,6c,7s,0.0,0.0,0.3333,0.4167,0,0,0.0833,0.25,0.25,1,0.0,0.4,0.0,1,1.0,0.9167,0.4167,0.0833,0.6667,0.3333,1.0,0.0,0.25,0.25,0.25,0.25,0,0,0,1.0,0.3333,0.5,0.75,1.5,0.0,0.0
703,6c,8c,0.4979,0.3865,0.3333,0.5,0,1,0.1667,0.25,0.25,0,0.0,0.6,0.125,0,1.0,0.9167,0.4167,0.0833,0.6667,0.3333,1.0,0.0,0.25,0.25,0.25,0.25,0,0,0,1.0,0.3333,0.5,0.75,1.5,-0.0685,-0.0435
704,6c,8d,0.4621,0.4805,0.3333,0.5,0,0,0.1667,0.25,0.25,0,0.0,0.4,0.125,0,1.0,0.9167,0.4167,0.0833,0.6667,0.3333,1.0,0.0,0.25,0.25,0.25,0.25,0,0,0,1.0,0.3333,0.5,0.75,1.5,-0.0635,-0.0541
705,6c,8h,0.4797,0.3639,0.3333,0.5,0,0,0.1667,0.25,0.25,0,0.0,0.4,0.125,0,1.0,0.9167,0.4167,0.0833,0.6667,0.3333,1.0,0.0,0.25,0.25,0.25,0.25,0,0,0,1.0,0.3333,0.5,0.75,1.5,-0.066,-0.0409
706,6c,8s,0.346,0.3561,0.3333,0.5,0,0,0.1667,0.25,0.25,0,0.0,0.4,0.125,0,1.0,0.9167,0.4167,0.0833,0.6667,0.3333,1.0,0.0,0.25,0.25,0.25,0.25,0,0,0,1.0,0.3333,0.5,0.75,1.5,-0.0476,-0.0401
707,6c,9c,0.4788,0.5104,0.3333,0.5833,0,1,0.25,0.25,0.25,0,0.0,0.6,0.1375,0,1.0,0.9167,0.4167,0.0833,0.6667,0.3333,1.0,0.0,0.25,0.25,0.25,0.25,0,0,0,1.0,0.3333,0.5,0.75,1.5,-0.0628,-0.0542
708,6c,9d,0.4894,0.3938,0.3333,0.5833,0,0,0.25,0.25,0.25,0,0.0,0.4,0.1375,0,1.0,0.9167,0.4167,0.0833,0.6667,0.3333,1.0,0.0,0.25,0.25,0.25,0.25,0,0,0,1.0,0.3333,0.5,0.75,1.5,-0.0642,-0.0418
709,6c,9h,0.5129,0.4572,0.3333,0.5833,0,0,0.25,0.25,0.25,0,0.0,0.4,0.1375,0,1.0,0.9167,0.4167,0.0833,0.6667,0.3333,1.0,0.0,0.25,0.25,0.25,0.25,0,0,0,1.0,0.3333,0.5,0.75,1.5,-0.0673,-0.0486
710,6c,9s,0.5092,0.5103,0.3333,0.5833,0,0,0.25,0.25,0.25,0,0.0,0.4,0.1375,0,1.0,0.9167,0.4167,0.0833,0.6667,0.3333,1.0,0.0,0.25,0.25,0.25,0.25,0,0,0,1.0,0.3333,0.5,0.75,1.5,-0.0668,-0.0542
711,6c,Tc,0.4898,0.5848,0.3333,0.6667,0,1,0.3333,0.25,0.25,0,0.0,0.6,0.15,0,1.0,0.9167,0.4167,0.0833,0.6667,0.3333,1.0,0.0,0.25,0.25,0.25,0.25,0,0,0,1.0,0.3333,0.5,0.75,1.5,-0.0612,-0.0585
712,6c,Td,0.5129,0.5271,0.3333,0.6667,0,0,0.3333,0.25,0.25,0,0.0,0.4,0.15,0,1.0,0.9167,0.4167,0.0833,0.6667,0.3333,1.0,0.0,0.25,0.25,0.25,0.25,0,0,0,1.0,0.3333,0.5,0.75,1.5,-0.0641,-0.0527
713,6c,Th,0.5249,0.5728,0.3333,0.6667,0,0,0.3333,0.25,0.25,0,0.0,0.4,0.15,0,1.0,0.9167,0.4167,0.0833,0.6667,0.3333,1.0,0.0,0.25,0.25,0.25,0.25,0,0,0,1.0,0.3333,0.5,0.75,1.5,-0.0656,-0.0573
714,6c,Ts,0.5254,0.4302,0.3333,0.6667,0,0,0.3333,0.25,0.25,0,0.0,0.4,0.15,0,1.0,0.9167,0.4167,0.0833,0.6667,0.3333,1.0,0.0,0.25,0.25,0.25,0.25,0,0,0,1.0,0.3333,0.5,0.75,1.5,-0.0657,-0.043
715,6c,Jc,0.4553,0.5301,0.3333,0.75,0,1,0.4167,0.25,0.25,0,0.0,0.6,0.1625,0,1.0,0.9167,0.4167,0.0833,0.6667,0.3333,1.0,0.0,0.25,0.25,0.25,0.25,0,0,0,1.0,0.3333,0.5,0.75,1.5,-0.0541,-0.0497
716,6c,Jd,0.5022,0.4966,0.3333,0.75,0,0,0.4167,0.25,0.25,0,0.0,0.4,0.1625,0,1.0,0.9167,0.4167,0.0833,0.6667,0.3333,1.0,0.0,0.25,0.25,0.25,0.25,0,0,0,1.0,0.3333,0.5,0.75,1.5,-0.0596,-0.0466
717,6c,Jh,0.4529,0.5431,0.3333,0.75,0,0,0.4167,0.25,0.25,0,0.0,0.4,0.1625,0,1.0,0.9167,0.4167,0.0833,0.6667,0.3333,1.0,0.0,0.25,0.25,0.25,0.25,0,0,0,1.0,0.3333,0.5,0.75,1.5,-0.0538,-0.0509
718,6c,Js,0.5037,0.532,0.3333,0.75,0,0,0.4167,0.25,0.25,0,0.0,0.4,0.1625,0,1.0,0.9167,0.4167,0.0833,0.6667,0.3333,1.0,0.0,0.25,0.25,0.25,0.25,0,0,0,1.0,0.3333,0.5,0.75,1.5,-0.0598,-0.0499
719,6c,Qc,0.4947,0.6497,0.3333,0.8333,0,1,0.5,0.25,0.25,0,0.0,0.6,0.175,0,1.0,0.9167,0.4167,0.0833,0.6667,0.3333,1.0,0.0,0.25,0.25,0.25,0.25,0,0,0,1.0,0.3333,0.5,0.75,1.5,-0.0557,-0.0568
720,6c,Qd,0.4987,0.6562,0.3333,0.8333,0,0,0.5,0.25,0.25,0,0.0,0.4,0.175,0,1.0,0.9167,0.4167,0.0833,0.6667,0.3333,1.0,0.0,0.25,0.25,0.25,0.25,0,0,0,1.0,0.3333,0.5,0.75,1.5,-0.0561,-0.0574
721,6c,Qh,0.6544,0.6063,0.3333,0.8333,0,0,0.5,0.25,0.25,0,0.0,0.4,0.175,0,1.0,0.9167,0.4167,0.0833,0.6667,0.3333,1.0,0.0,0.25,0.25,0.25,0.25,0,0,0,1.0,0.3333,0.5,0.75,1.5,-0.0736,-0.0531
722,6c,Qs,0.5847,0.5759,0.3333,0.8333,0,0,0.5,0.25,0.25,0,0.0,0.4,0.175,0,1.0,0.9167,0.4167,0.0833,0.6667,0.3333,1.0,0.0,0.25,0.25,0.25,0.25,0,0,0,1.0,0.3333,0.5,0.75,1.5,-0.0658,-0.0504
723,6c,Kc,0.6359,0.6834,0.3333,0.9167,0,1,0.5833,0.25,0.25,1,0.0,0.6,0.5208,0,1.0,0.9167,0.4167,0.0833,0.6667,0.3333,1.0,0.0,0.25,0.25,0.25,0.25,0,0,0,1.0,0.3333,0.5,0.75,1.5,0.0384,0.0584
724,6c,Kd,0.0,0.0,0.3333,0.9167,0,0,0.5833,0.25,0.25,1,0.0,0.4,0.0,1,1.0,0.9167,0.4167,0.0833,0.6667,0.3333,1.0,0.0,0.25,0.25,0.25,0.25,0,0,0,1.0,0.3333,0.5,0.75,1.5,0.0,0.0
725,6c,Kh,0.7042,0.6149,0.3333,0.9167,0,0,0.5833,0.25,0.25,1,0.0,0.4,0.5208,0,1.0,0.9167,0.4167,0.0833,0.6667,0.3333,1.0,0.0,0.25,0.25,0.25,0.25,0,0,0,1.0,0.3333,0.5,0.75,1.5,0.0425,0.0525
726,6c,Ks,0.687,0.6554,0.3333,0.9167,0,0,0.5833,0.25,0.25,1,0.0,0.4,0.5208,0,1.0,0.9167,0.4167,0.0833,0.6667,0.3333,1.0,0.0,0.25,0.25,0.25,0.25,0,0,0,1.0,0.3333,0.5,0.75,1.5,0.0415,0.056
727,6c,Ac,0.631,0.6618,0.3333,1.0,0,1,0.6667,0.25,0.25,1,0.0,0.6,0.55,0,1.0,0.9167,0.4167,0.0833,0.6667,0.3333,1.0,0.0,0.25,0.25,0.25,0.25,0,0,0,1.0,0.3333,0.5,0.75,1.5,0.0473,0.0662
728,6c,Ad,0.5968,0.579,0.3333,1.0,0,0,0.6667,0.25,0.25,1,0.0,0.4,0.55,0,1.0,0.9167,0.4167,0.0833,0.6667,0.3333,1.0,0.0,0.25,0.25,0.25,0.25,0,0,0,1.0,0.3333,0.5,0.75,1.5,0.0448,0.0579
729,6c,Ah,0.0,0.0,0.3333,1.0,0,0,0.6667,0.25,0.25,1,0.0,0.4,0.0,1,1.0,0.9167,0.4167,0.0833,0.6667,0.3333,1.0,0.0,0.25,0.25,0.25,0.25,0,0,0,1.0,0.3333,0.5,0.75,1.5,0.0,0.0
730,6c,As,0.5874,0.7465,0.3333,1.0,0,0,0.6667,0.25,0.25,1,0.0,0.4,0.55,0,1.0,0.9167,0.4167,0.0833,0.6667,0.3333,1.0,0.0,0.25,0.25,0.25,0.25,0,0,0,1.0,0.3333,0.5,0.75,1.5,0.0441,0.0746
731,6d,6h,0.302,0.3762,0.3333,0.3333,1,0,0.0,0.25,0.25,0,0.0,0.4,0.4,0,1.0,0.9167,0.4167,0.0833,0.6667,0.3333,1.0,0.0,0.25,0.25,0.25,0.25,0,0,0,1.0,0.3333,0.5,0.75,1.5,-0.0,0.0094
732,6d,6s,0.3342,0.2678,0.3333,0.3333,1,0,0.0,0.25,0.25,0,0.0,0.4,0.4,0,1.0,0.9167,0.4167,0.0833,0.6667,0.3333,1.0,0.0,0.25,0.25,0.25,0.25,0,0,0,1.0,0.3333,0.5,0.75,1.5,-0.0,0.0067
733,6d,7c,0.3245,0.3626,0.3333,0.4167,0,0,0.0833,0.25,0.25,1,0.0,0.4,0.3458,0,1.0,0.9167,0.4167,0.0833,0.6667,0.3333,1.0,0.0,0.25,0.25,0.25,0.25,0,0,0,1.0,0.3333,0.5,0.75,1.5,-0.0088,-0.0008
734,6d,7d,0.3629,0.3795,0.3333,0.4167,0,1,0.0833,0.25,0.25,1,0.0,0.6,0.3458,0,1.0,0.9167,0.4167,0.0833,0.6667,0.3333,1.0,0.0,0.25,0.25,0.25,0.25,0,0,0,1.0,0.3333,0.5,0.75,1.5,-0.0098,-0.0008
735,6d,7h,0.3067,0.3496,0.3333,0.4167,0,0,0.0833,0.25,0.25,1,0.0,0.4,0.3458,0,1.0,0.9167,0.4167,0.0833,0.6667,0.3333,1.0,0.0,0.25,0.25,0.25,0.25,0,0,0,1.0,0.3333,0.5,0.75,1.5,-0.0083,-0.0007
736,6d,7s,0.0,0.0,0.3333,0.4167,0,0,0.0833,0.25,0.25,1,0.0,0.4,0.0,1,1.0,0.9167,0.4167,0.0833,0.6667,0.3333,1.0,0.0,0.25,0.25,0.25,0.25,0,0,0,1.0,0.3333,0.5,0.75,1.5,0.0,0.0
737,6d,8c,0.3732,0.3984,0.3333,0.5,0,0,0.1667,0.25,0.25,0,0.0,0.4,0.125,0,1.0,0.9167,0.4167,0.0833,0.6667,0.3333,1.0,0.0,0.25,0.25,0.25,0.25,0,0,0,1.0,0.3333,0.5,0.75,1.5,-0.0513,-0.0448
738,6d,8d,0.3843,0.4362,0.3333,0.5,0,1,0.1667,0.25,0.25,0,0.0,0.6,0.125,0,1.0,0.9167,0.4167,0.0833,0.6667,0.3333,1.0,0.0,0.25,0.25,0.25,0.25,0,0,0,1.0,0.3333,0.5,0.75,1.5,-0.0528,-0.0491
739,6d,8h,0.4745,0.4461,0.3333,0.5,0,0,0.1667,0.25,0.25,0,0.0,0.4,0.125,0,1.0,0.9167,0.4167,0.0833,0.6667,0.3333,1.0,0.0,0.25,0.25,0.25,0.25,0,0,0,1.0,0.3333,0.5,0.75,1.5,-0.0652,-0.0502
740,6d,8s,0.3298,0.3356,0.3333,0.5,0,0,0.1667,0.25,0.25,0,0.0,0.4,0.125,0,1.0,0.9167,0.4167,0.0833,0.6667,0.3333,1.0,0.0,0.25,0.25,0.25,0.25,0,0,0,1.0,0.3333,0.5,0.75,1.5,-0.0454,-0.0378
741,6d,9c,0.494,0.4152,0.3333,0.5833,0,0,0.25,0.25,0.25,0,0.0,0.4,0.1375,0,1.0,0.9167,0.4167,0.0833,0.6667,0.3333,1.0,0.0,0.25,0.25,0.25,0.25,0,0,0,1.0,0.3333,0.5,0.75,1.5,-0.0648,-0.0441
742,6d,9d,0.5031,0.4896,0.3333,0.5833,0,1,0.25,0.25,0.25,0,0.0,0.6,0.1375,0,1.0,0.9167,0.4167,0.0833,0.6667,0.3333,1.0,0.0,0.25,0.25,0.25,0.25,0,0,0,1.0,0.3333,0.5,0.75,1.5,-0.066,-0.052
743,6d,9h,0.5396,0.533,0.3333,0.5833,0,0,0.25,0.25,0.25,0,0.0,0.4,0.1375,0,1.0,0.9167,0.4167,0.0833,0.6667,0.3333,1.0,0.0,0.25,0.25,0.25,0.25,0,0,0,1.0,0.3333,0.5,0.75,1.5,-0.0708,-0.0566
744,6d,9s,0.425,0.4749,0.3333,0.5833,0,0,0.25,0.25,0.25,0,0.0,0.4,0.1375,0,1.0,0.9167,0.4167,0.0833,0.6667,0.3333,1.0,0.0,0.25,0.25,0.25,0.25,0,0,0,1.0,0.3333,0.5,0.75,1.5,-0.0558,-0.0505
745,6d,Tc,0.4283,0.47,0.3333,0.6667,0,0,0.3333,0.25,0.25,0,0.0,0.4,0.15,0,1.0,0.9167,0.4167,0.0833,0.6667,0.3333,1.0,0.0,0.25,0.25,0.25,0.25,0,0,0,1.0,0.3333,0.5,0.75,1.5,-0.0535,-0.047
746,6d,Td,0.5935,0.5397,0.3333,0.6667,0,1,0.3333,0.25,0.25,0,0.0,0.6,0.15,0,1.0,0.9167,0.4167,0.0833,0.6667,0.3333,1.0,0.0,0.25,0.25,0.25,0.25,0,0,0,1.0,0.3333,0.5,0.75,1.5,-0.0742,-0.054
747,6d,Th,0.4784,0.519,0.3333,0.6667,0,0,0.3333,0.25,0.25,0,0.0,0.4,0.15,0,1.0,0.9167,0.4167,0.0833,0.6667,0.3333,1.0,0.0,0.25,0.25,0.25,0.25,0,0,0,1.0,0.3333,0.5,0.75,1.5,-0.0598,-0.0519
748,6d,Ts,0.5876,0.4619,0.3333,0.6667,0,0,0.3333,0.25,0.25,0,0.0,0.4,0.15,0,1.0,0.9167,0.4167,0.0833,0.6667,0.3333,1.0,0.0,0.25,0.25,0.25,0.25,0,0,0,1.0,0.3333,0.5,0.75,1.5,-0.0735,-0.0462
749,6d,Jc,0.517,0.6,0.3333,0.75,0,0,0.4167,0.25,0.25,0,0.0,0.4,0.1625,0,1.0,0.9167,0.4167,0.0833,0.6667,0.3333,1.0,0.0,0.25,0.25,0.25,0.25,0,0,0,1.0,0.3333,0.5,0.75,1.5,-0.0614,-0.0562
750,6d,Jd,0.6043,0.5757,0.3333,0.75,0,1,0.4167,0.25,0.25,0,0.0,0.6,0.1625,0,1.0,0.9167,0.4167,0.0833,0.6667,0.3333,1.0,0.0,0.25,0.25,0.25,0.25,0,0,0,1.0,0.3333,0.5,0.75,1.5,-0.0718,-0.054
751,6d,Jh,0.6075,0.5894,0.3333,0.75,0,0,0.4167,0.25,0.25,0,0.0,0.4,0.1625,0,1.0,0.9167,0.4167,0.0833,0.6667,0.3333,1.0,0.0,0.25,0.25,0.25,0.25,0,0,0,1.0,0.3333,0.5,0.75,1.5,-0.0721,-0.0553
752,6d,Js,0.5787,0.5469,0.3333,0.75,0,0,0.4167,0.25,0.25,0,0.0,0.4,0.1625,0,1.0,0.9167,0.4167,0.0833,0.6667,0.3333,1.0,0.0,0.25,0.25,0.25,0.25,0,0,0,1.0,0.3333,0.5,0.75,1.5,-0.0687,-0.0513
753,6d,Qc,0.6125,0.568,0.3333,0.8333,0,0,0.5,0.25,0.25,0,0.0,0.4,0.175,0,1.0,0.9167,0.4167,0.0833,0.6667,0.3333,1.0,0.0,0.25,0.25,0.25,0.25,0,0,0,1.0,0.3333,0.5,0.75,1.5,-0.0689,-0.0497
754,6d,Qd,0.5557,0.5559,0.3333,0.8333,0,1,0.5,0.25,0.25,0,0.0,0.6,0.175,0,1.0,0.9167,0.4167,0.0833,0.6667,0.3333,1.0,0.0,0.25,0.25,0.25,0.25,0,0,0,1.0,0.3333,0.5,0.75,1.5,-0.0625,-0.0486
755,6d,Qh,0.5194,0.5262,0.3333,0.8333,0,0,0.5,0.25,0.25,0,0.0,0.4,0.175,0,1.0,0.9167,0.4167,0.0833,0.6667,0.3333,1.0,0.0,0.25,0.25,0.25,0.25,0,0,0,1.0,0.3333,0.5,0.75,1.5,-0.0584,-0.046
756,6d,Qs,0.6729,0.5806,0.3333,0.8333,0,0,0.5,0.25,0.25,0,0.0,0.4,0.175,0,1.0,0.9167,0.4167,0.0833,0.6667,0.3333,1.0,0.0,0.25,0.25,0.25,0.25,0,0,0,1.0,0.3333,0.5,0.75,1.5,-0.0757,-0.0508
757,6d,Kc,0.5703,0.5525,0.3333,0.9167,0,0,0.5833,0.25,0.25,1,0.0,0.4,0.5208,0,1.0,0.9167,0.4167,0.0833,0.6667,0.3333,1.0,0.0,0.25,0.25,0.25,0.25,0,0,0,1.0,0.3333,0.5,0.75,1.5,0.0345,0.0472
758,6d,Kd,0.0,0.0,0.3333,0.9167,0,1,0.5833,0.25,0.25,1,0.0,0.6,0.0,1,1.0,0.9167,0.4167,0.0833,0.6667,0.3333,1.0,0.0,0.25,0.25,0.25,0.25,0,0,0,1.0,0.3333,0.5,0.75,1.5,0.0,0.0
759,6d,Kh,0.5404,0.6939,0.3333,0.9167,0,0,0.5833,0.25,0.25,1,0.0,0.4,0.5208,0,1.0,0.9167,0.4167,0.0833,0.6667,0.3333,1.0,0.0,0.25,0.25,0.25,0.25,0,0,0,1.0,0.3333,0.5,0.75,1.5,0.0327,0.0593
760,6d,Ks,0.5452,0.6792,0.3333,0.9167,0,0,0.5833,0.25,0.25,1,0.0,0.4,0.5208,0,1.0,0.9167,0.4167,0.0833,0.6667,0.3333,1.0,0.0,0.25,0.25,0.25,0.25,0,0,0,1.0,0.3333,0.5,0.75,1.5,0.0329,0.058
761,6d,Ac,0.7337,0.7434,0.3333,1.0,0,0,0.6667,0.25,0.25,1,0.0,0.4,0.55,0,1.0,0.9167,0.4167,0.0833,0.6667,0.3333,1.0,0.0,0.25,0.25,0.25,0.25,0,0,0,1.0,0.3333,0.5,0.75,1.5,0.055,0.0743
762,6d,Ad,0.5742,0.634,0.3333,1.0,0,1,0.6667,0.25,0.25,1,0.0,0.6,0.55,0,1.0,0.9167,0.4167,0.0833,0.6667,0.3333,1.0,0.0,0.25,0.25,0.25,0.25,0,0,0,1.0,0.3333,0.5,0.75,1.5,0.0431,0.0634
763,6d,Ah,0.0,0.0,0.3333,1.0,0,0,0.6667,0.25,0.25,1,0.0,0.4,0.0,1,1.0,0.9167,0.4167,0.0833,0.6667,0.3333,1.0,0.0,0.25,0.25,0.25,0.25,0,0,0,1.0,0.3333,0.5,0.75,1.5,0.0,0.0
764,6d,As,0.7199,0.5929,0.3333,1.0,0,0,0.6667,0.25,0.25,1,0.0,0.4,0.55,0,1.0,0.9167,0.4167,0.0833,0.6667,0.3333,1.0,0.0,0.25,0.25,0.25,0.25,0,0,0,1.0,0.3333,0.5,0.75,1.5,0.054,0.0593
765,6h,6s,0.3087,0.2658,0.3333,0.3333,1,0,0.0,0.25,0.25,0,0.0,0.4,0.4,0,1.0,0.9167,0.4167,0.0833,0.6667,0.3333,1.0,0.0,0.25,0.25,0.25,0.25,0,0,0,1.0,0.3333,0.5,0.75,1.5,-0.0,0.0066
766,6h,7c,0.4413,0.4292,0.3333,0.4167,0,0,0.0833,0.25,0.25,1,0.0,0.4,0.3458,0,1.0,0.9167,0.4167,0.0833,0.6667,0.3333,1.0,0.0,0.25,0.25,0.25,0.25,0,0,0,1.0,0.3333,0.5,0.75,1.5,-0.012,-0.0009
767,6h,7d,0.4368,0.3081,0.3333,0.4167,0,0,0.0833,0.25,0.25,1,0.0,0.4,0.3458,0,1.0,0.9167,0.4167,0.0833,0.6667,0.3333,1.0,0.0,0.25,0.25,0.25,0.25,0,0,0,1.0,0.3333,0.5,0.75,1.5,-0.0118,-0.0006
768,6h,7h,0.3625,0.3572,0.3333,0.4167,0,1,0.0833,0.25,0.25,1,0.0,0.6,0.3458,0,1.0,0.9167,0.4167,0.0833,0.6667,0.3333,1.0,0.0,0.25,0.25,0.25,0.25,0,0,0,1.0,0.3333,0.5,0.75,1.5,-0.0098,-0.0007
769,6h,7s,0.0,0.0,0.3333,0.4167,0,0,0.0833,0.25,0.25,1,0.0,0.4,0.0,1,1.0,0.9167,0.4167,0.0833,0.6667,0.3333,1.0,0.0,0.25,0.25,0.25,0.25,0,0,0,1.0,0.3333,0.5,0.75,1.5,0.0,0.0
770,6h,8c,0.4519,0.3642,0.3333,0.5,0,0,0.1667,0.25,0.25,0,0.0,0.4,0.125,0,1.0,0.9167,0.4167,0.0833,0.6667,0.3333,1.0,0.0,0.25,0.25,0.25,0.25,0,0,0,1.0,0.3333,0.5,0.75,1.5,-0.0621,-0.041
771,6h,8d,0.4055,0.3737,0.3333,0.5,0,0,0.1667,0.25,0.25,0,0.0,0.4,0.125,0,1.0,0.9167,0.4167,0.0833,0.6667,0.3333,1.0,0.0,0.25,0.25,0.25,0.25,0,0,0,1.0,0.3333,0.5,0.75,1.5,-0.0558,-0.042
772,6h,8h,0.4664,0.4065,0.3333,0.5,0,1,0.1667,0.25,0.25,0,0.0,0.6,0.125,0,1.0,0.9167,0.4167,0.0833,0.6667,0.3333,1.0,0.0,0.25,0.25,0.25,0.25,0,0,0,1.0,0.3333,0.5,0.75,1.5,-0.0641,-0.0457
773,6h,8s,0.4235,0.3786,0.3333,0.5,0,0,0.1667,0.25,0.25,0,0.0,0.4,0.125,0,1.0,0.9167,0.4167,0.0833,0.6667,0.3333,1.0,0.0,0.25,0.25,0.25,0.25,0,0,0,1.0,0.3333,0.5,0.75,1.5,-0.0582,-0.0426
774,6h,9c,0.5201,0.4521,0.3333,0.5833,0,0,0.25,0.25,0.25,0,0.0,0.4,0.1375,0,1.0,0.9167,0.4167,0.0833,0.6667,0.3333,1.0,0.0,0.25,0.25,0.25,0.25,0,0,0,1.0,0.3333,0.5,0.75,1.5,-0.0683,-0.048
775,6h,9d,0.5254,0.4319,0.3333,0.5833,0,0,0.25,0.25,0.25,0,0.0,0.4,0.1375,0,1.0,0.9167,0.4167,0.0833,0.6667,0.3333,1.0,0.0,0.25,0.25,0.25,0.25,0,0,0,1.0,0.3333,0.5,0.75,1.5,-0.069,-0.0459
776,6h,9h,0.5478,0.5552,0.3333,0.5833,0,1,0.25,0.25,0.25,0,0.0,0.6,0.1375,0,1.0,0.9167,0.4167,0.0833,0.6667,0.3333,1.0,0.0,0.25,0.25,0.25,0.25,0,0,0,1.0,0.3333,0.5,0.75,1.5,-0.0719,-0.059
777,6h,9s,0.4507,0.4147,0.3333,0.5833,0,0,0.25,0.25,0.25,0,0.0,0.4,0.1375,0,1.0,0.9167,0.4167,0.0833,0.6667,0.3333,1.0,0.0,0.25,0.25,0.25,0.25,0,0,0,1.0,0.3333,0.5,0.75,1.5,-0.0592,-0.0441
778,6h,Tc,0.4764,0.5055,0.3333,0.6667,0,0,0.3333,0.25,0.25,0,0.0,0.4,0.15,0,1.0,0.9167,0.4167,0.0833,0.6667,0.3333,1.0,0.0,0.25,0.25,0.25,0.25,0,0,0,1.0,0.3333,0.5,0.75,1.5,-0.0595,-0.0505
779,6h,Td,0.5933,0.5634,0.3333,0.6667,0,0,0.3333,0.25,0.25,0,0.0,0.4,0.15,0,1.0,0.9167,0.4167,0.0833,0.6667,0.3333,1.0,0.0,0.25,0.25,0.25,0.25,0,0,0,1.0,0.3333,0.5,0.75,1.5,-0.0742,-0.0563
780,6h,Th,0.5603,0.4277,0.3333,0.6667,0,1,0.3333,0.25,0.25,0,0.0,0.6,0.15,0,1.0,0.9167,0.4167,0.0833,0.6667,0.3333,1.0,0.0,0.25,0.25,0.25,0.25,0,0,0,1.0,0.3333,0.5,0.75,1.5,-0.07,-0.0428
781,6h,Ts,0.45,0.5282,0.3333,0.6667,0,0,0.3333,0.25,0.25,0,0.0,0.4,0.15,0,1.0,0.9167,0.4167,0.0833,0.6667,0.3333,1.0,0.0,0.25,0.25,0.25,0.25,0,0,0,1.0,0.3333,0.5,0.75,1.5,-0.0563,-0.0528
782,6h,Jc,0.6165,0.5526,0.3333,0.75,0,0,0.4167,0.25,0.25,0,0.0,0.4,0.1625,0,1.0,0.9167,0.4167,0.0833,0.6667,0.3333,1.0,0.0,0.25,0.25,0.25,0.25,0,0,0,1.0,0.3333,0.5,0.75,1.5,-0.0732,-0.0518
783,6h,Jd,0.4622,0.6108,0.3333,0.75,0,0,0.4167,0.25,0.25,0,0.0,0.4,0.1625,0,1.0,0.9167,0.4167,0.0833,0.6667,0.3333,1.0,0.0,0.25,0.25,0.25,0.25,0,0,0,1.0,0.3333,0.5,0.75,1.5,-0.0549,-0.0573
784,6h,Jh,0.6119,0.4987,0.3333,0.75,0,1,0.4167,0.25,0.25,0,0.0,0.6,0.1625,0,1.0,0.9167,0.4167,0.0833,0.6667,0.3333,1.0,0.0,0.25,0.25,0.25,0.25,0,0,0,1.0,0.3333,0.5,0.75,1.5,-0.0727,-0.0468
785,6h,Js,0.5943,0.4962,0.3333,0.75,0,0,0.4167,0.25,0.25,0,0.0,0.4,0.1625,0,1.0,0.9167,0.4167,0.0833,0.6667,0.3333,1.0,0.0,0.25,0.25,0.25,0.25,0,0,0,1.0,0.3333,0.5,0.75,1.5,-0.0706,-0.0465
786,6h,Qc,0.6644,0.5128,0.3333,0.8333,0,0,0.5,0.25,0.25,0,0.0,0.4,0.175,0,1.0,0.9167,0.4167,0.0833,0.6667,0.3333,1.0,0.0,0.25,0.25,0.25,0.25,0,0,0,1.0,0.3333,0.5,0.75,1.5,-0.0747,-0.0449
787,6h,Qd,0.5708,0.6726,0.3333,0.8333,0,0,0.5,0.25,0.25,0,0.0,0.4,0.175,0,1.0,0.9167,0.4167,0.0833,0.6667,0.3333,1.0,0.0,0.25,0.25,0.25,0.25,0,0,0,1.0,0.3333,0.5,0.75,1.5,-0.0642,-0.0589
788,6h,Qh,0.5277,0.5736,0.3333,0.8333,0,1,0.5,0.25,0.25,0,0.0,0.6,0.175,0,1.0,0.9167,0.4167,0.0833,0.6667,0.3333,1.0,0.0,0.25,0.25,0.25,0.25,0,0,0,1.0,0.3333,0.5,0.75,1.5,-0.0594,-0.0502
789,6h,Qs,0.5533,0.4887,0.3333,0.8333,0,0,0.5,0.25,0.25,0,0.0,0.4,0.175,0,1.0,0.9167,0.4167,0.0833,0.6667,0.3333,1.0,0.0,0.25,0.25,0.25,0.25,0,0,0,1.0,0.3333,0.5,0.75,1.5,-0.0622,-0.0428
790,6h,Kc,0.5357,0.6254,0.3333,0.9167,0,0,0.5833,0.25,0.25,1,0.0,0.4,0.5208,0,1.0,0.9167,0.4167,0.0833,0.6667,0.3333,1.0,0.0,0.25,0.25,0.25,0.25,0,0,0,1.0,0.3333,0.5,0.75,1.5,0.0324,0.0534
791,6h,Kd,0.0,0.0,0.3333,0.9167,0,0,0.5833,0.25,0.25,1,0.0,0.4,0.0,1,1.0,0.9167,0.4167,0.0833,0.6667,0.3333,1.0,0.0,0.25,0.25,0.25,0.25,0,0,0,1.0,0.3333,0.5,0.75,1.5,0.0,0.0
792,6h,Kh,0.5722,0.7239,0.3333,0.9167,0,1,0.5833,0.25,0.25,1,0.0,0.6,0.5208,0,1.0,0.9167,0.4167,0.0833,0.6667,0.3333,1.0,0.0,0.25,0.25,0.25,0.25,0,0,0,1.0,0.3333,0.5,0.75,1.5,0.0346,0.0618
793,6h,Ks,0.6,0.5306,0.3333,0.9167,0,0,0.5833,0.25,0.25,1,0.0,0.4,0.5208,0,1.0,0.9167,0.4167,0.0833,0.6667,0.3333,1.0,0.0,0.25,0.25,0.25,0.25,0,0,0,1.0,0.3333,0.5,0.75,1.5,0.0362,0.0453
794,6h,Ac,0.7528,0.7345,0.3333,1.0,0,0,0.6667,0.25,0.25,1,0.0,0.4,0.55,0,1.0,0.9167,0.4167,0.0833,0.6667,0.3333,1.0,0.0,0.25,0.25,0.25,0.25,0,0,0,1.0,0.3333,0.5,0.75,1.5,0.0565,0.0735
795,6h,Ad,0.6967,0.7249,0.3333,1.0,0,0,0.6667,0.25,0.25,1,0.0,0.4,0.55,0,1.0,0.9167,0.4167,0.0833,0.6667,0.3333,1.0,0.0,0.25,0.25,0.25,0.25,0,0,0,1.0,0.3333,0.5,0.75,1.5,0.0522,0.0725
796,6h,Ah,0.0,0.0,0.3333,1.0,0,1,0.6667,0.25,0.25,1,0.0,0.6,0.0,1,1.0,0.9167,0.4167,0.0833,0.6667,0.3333,1.0,0.0,0.25,0.25,0.25,0.25,0,0,0,1.0,0.3333,0.5,0.75,1.5,0.0,0.0
797,6h,As,0.5942,0.624,0.3333,1.0,0,0,0.6667,0.25,0.25,1,0.0,0.4,0.55,0,1.0,0.9167,0.4167,0.0833,0.6667,0.3333,1.0,0.0,0.25,0.25,0.25,0.25,0,0,0,1.0,0.3333,0.5,0.75,1.5,0.0446,0.0624
798,6s,7c,0.441,0.4142,0.3333,0.4167,0,0,0.0833,0.25,0.25,1,0.0,0.4,0.3458,0,1.0,0.9167,0.4167,0.0833,0.6667,0.3333,1.0,0.0,0.25,0.25,0.25,0.25,0,0,0,1.0,0.3333,0.5,0.75,1.5,-0.0119,-0.0009
799,6s,7d,0.3028,0.4161,0.3333,0.4167,0,0,0.0833,0.25,0.25,1,0.0,0.4,0.3458,0,1.0,0.9167,0.4167,0.0833,0.6667,0.3333,1.0,0.0,0.25,0.25,0.25,0.25,0,0,0,1.0,0.3333,0.5,0.75,1.5,-0.0082,-0.0009
800,6s,7h,0.3647,0.2761,0.3333,0.4167,0,0,0.0833,0.25,0.25,1,0.0,0.4,0.3458,0,1.0,0.9167,0.4167,0.0833,0.6667,0.3333,1.0,0.0,0.25,0.25,0.25,0.25,0,0,0,1.0,0.3333,0.5,0.75,1.5,-0.0099,-0.0006
801,6s,7s,0.0,0.0,0.3333,0.4167,0,1,0.0833,0.25,0.25,1,0.0,0.6,0.0,1,1.0,0.9167,0.4167,0.0833,0.6667,0.3333,1.0,0.0,0.25,0.25,0.25,0.25,0,0,0,1.0,0.3333,0.5,0.75,1.5,0.0,0.0
802,6s,8c,0.3325,0.3679,0.3333,0.5,0,0,0.1667,0.25,0.25,0,0.0,0.4,0.125,0,1.0,0.9167,0.4167,0.0833,0.6667,0.3333,1.0,0.0,0.25,0.25,0.25,0.25,0,0,0,1.0,0.3333,0.5,0.75,1.5,-0.0457,-0.0414
803,6s,8d,0.4837,0.4264,0.3333,0.5,0,0,0.1667,0.25,0.25,0,0.0,0.4,0.125,0,1.0,0.9167,0.4167,0.0833,0.6667,0.3333,1.0,0.0,0.25,0.25,0.25,0.25,0,0,0,1.0,0.3333,0.5,0.75,1.5,-0.0665,-0.048
804,6s,8h,0.4621,0.4222,0.3333,0.5,0,0,0.1667,0.25,0.25,0,0.0,0.4,0.125,0,1.0,0.9167,0.4167,0.0833,0.6667,0.3333,1.0,0.0,0.25,0.25,0.25,0.25,0,0,0,1.0,0.3333,0.5,0.75,1.5,-0.0635,-0.0475
805,6s,8s,0.3389,0.3743,0.3333,0.5,0,1,0.1667,0.25,0.25,0,0.0,0.6,0.125,0,1.0,0.9167,0.4167,0.0833,0.6667,0.3333,1.0,0.0,0.25,0.25,0.25,0.25,0,0,0,1.0,0.3333,0.5,0.75,1.5,-0.0466,-0.0421
806,6s,9c,0.4186,0.3679,0.3333,0.5833,0,0,0.25,0.25,0.25,0,0.0,0.4,0.1375,0,1.0,0.9167,0.4167,0.0833,0.6667,0.3333,1.0,0.0,0.25,0.25,0.25,0.25,0,0,0,1.0,0.3333,0.5,0.75,1.5,-0.0549,-0.0391
807,6s,9d,0.4423,0.5171,0.3333,0.5833,0,0,0.25,0.25,0.25,0,0.0,0.4,0.1375,0,1.0,0.9167,0.4167,0.0833,0.6667,0.3333,1.0,0.0,0.25,0.25,0.25,0.25,0,0,0,1.0,0.3333,0.5,0.75,1.5,-0.0581,-0.0549
808,6s,9h,0.4498,0.3805,0.3333,0.5833,0,0,0.25,0.25,0.25,0,0.0,0.4,0.1375,0,1.0,0.9167,0.4167,0.0833,0.6667,0.3333,1.0,0.0,0.25,0.25,0.25,0.25,0,0,0,1.0,0.3333,0.5,0.75,1.5,-0.059,-0.0404
809,6s,9s,0.5394,0.4777,0.3333,0.5833,0,1,0.25,0.25,0.25,0,0.0,0.6,0.1375,0,1.0,0.9167,0.4167,0.0833,0.6667,0.3333,1.0,0.0,0.25,0.25,0.25,0.25,0,0,0,1.0,0.3333,0.5,0.75,1.5,-0.0708,-0.0508
810,6s,Tc,0.4033,0.5031,0.3333,0.6667,0,0,0.3333,0.25,0.25,0,0.0,0.4,0.15,0,1.0,0.9167,0.4167,0.0833,0.6667,0.3333,1.0,0.0,0.25,0.25,0.25,0.25,0,0,0,1.0,0.3333,0.5,0.75,1.5,-0.0504,-0.0503
811,6s,Td,0.4484,0.4287,0.3333,0.6667,0,0,0.3333,0.25,0.25,0,0.0,0.4,0.15,0,1.0,0.9167,0.4167,0.0833,0.6667,0.3333,1.0,0.0,0.25,0.25,0.25,0.25,0,0,0,1.0,0.3333,0.5,0.75,1.5,-0.056,-0.0429
812,6s,Th,0.4858,0.523,0.3333,0.6667,0,0,0.3333,0.25,0.25,0,0.0,0.4,0.15,0,1.0,0.9167,0.4167,0.0833,0.6667,0.3333,1.0,0.0,0.25,0.25,0.25,0.25,0,0,0,1.0,0.3333,0.5,0.75,1.5,-0.0607,-0.0523
813,6s,Ts,0.4481,0.4833,0.3333,0.6667,0,1,0.3333,0.25,0.25,0,0.0,0.6,0.15,0,1.0,0.9167,0.4167,0.0833,0.6667,0.3333,1.0,0.0,0.25,0.25,0.25,0.25,0,0,0,1.0,0.3333,0.5,0.75,1.5,-0.056,-0.0483
814,6s,Jc,0.5745,0.4588,0.3333,0.75,0,0,0.4167,0.25,0.25,0,0.0,0.4,0.1625,0,1.0,0.9167,0.4167,0.0833,0.6667,0.3333,1.0,0.0,0.25,0.25,0.25,0.25,0,0,0,1.0,0.3333,0.5,0.75,1.5,-0.0682,-0.043
815,6s,Jd,0.6366,0.4552,0.3333,0.75,0,0,0.4167,0.25,0.25,0,0.0,0.4,0.1625,0,1.0,0.9167,0.4167,0.0833,0.6667,0.3333,1.0,0.0,0.25,0.25,0.25,0.25,0,0,0,1.0,0.3333,0.5,0.75,1.5,-0.0756,-0.0427
816,6s,Jh,0.5469,0.5431,0.3333,0.75,0,0,0.4167,0.25,0.25,0,0.0,0.4,0.1625,0,1.0,0.9167,0.4167,0.0833,0.6667,0.3333,1.0,0.0,0.25,0.25,0.25,0.25,0,0,0,1.0,0.3333,0.5,0.75,1.5,-0.0649,-0.0509
817,6s,Js,0.6393,0.5525,0.3333,0.75,0,1,0.4167,0.25,0.25,0,0.0,0.6,0.1625,0,1.0,0.9167,0.4167,0.0833,0.6667,0.3333,1.0,0.0,0.25,0.25,0.25,0.25,0,0,0,1.0,0.3333,0.5,0.75,1.5,-0.0759,-0.0518
818,6s,Qc,0.5614,0.5774,0.3333,0.8333,0,0,0.5,0.25,0.25,0,0.0,0.4,0.175,0,1.0,0.9167,0.4167,0.0833,0.6667,0.3333,1.0,0.0,0.25,0.25,0.25,0.25,0,0,0,1.0,0.3333,0.5,0.75,1.5,-0.0632,-0.0505
819,6s,Qd,0.6105,0.6795,0.3333,0.8333,0,0,0.5,0.25,0.25,0,0.0,0.4,0.175,0,1.0,0.9167,0.4167,0.0833,0.6667,0.3333,1.0,0.0,0.25,0.25,0.25,0.25,0,0,0,1.0,0.3333,0.5,0.75,1.5,-0.0687,-0.0595
820,6s,Qh,0.5341,0.4866,0.3333,0.8333,0,0,0.5,0.25,0.25,0,0.0,0.4,0.175,0,1.0,0.9167,0.4167,0.0833,0.6667,0.3333,1.0,0.0,0.25,0.25,0.25,0.25,0,0,0,1.0,0.3333,0.5,0.75,1.5,-0.0601,-0.0426
821,6s,Qs,0.641,0.5523,0.3333,0.8333,0,1,0.5,0.25,0.25,0,0.0,0.6,0.175,0,1.0,0.9167,0.4167,0.0833,0.6667,0.3333,1.0,0.0,0.25,0.25,0.25,0.25,0,0,0,1.0,0.3333,0.5,0.75,1.5,-0.0721,-0.0483
822,6s,Kc,0.6716,0.6507,0.3333,0.9167,0,0,0.5833,0.25,0.25,1,0.0,0.4,0.5208,0,1.0,0.9167,0.4167,0.0833,0.6667,0.3333,1.0,0.0,0.25,0.25,0.25,0.25,0,0,0,1.0,0.3333,0.5,0.75,1.5,0.0406,0.0556
823,6s,Kd,0.0,0.0,0.3333,0.9167,0,0,0.5833,0.25,0.25,1,0.0,0.4,0.0,1,1.0,0.9167,0.4167,0.0833,0.6667,0.3333,1.0,0.0,0.25,0.25,0.25,0.25,0,0,0,1.0,0.3333,0.5,0.75,1.5,0.0,0.0
824,6s,Kh,0.6793,0.672,0.3333,0.9167,0,0,0.5833,0.25,0.25,1,0.0,0.4,0.5208,0,1.0,0.9167,0.4167,0.0833,0.6667,0.3333,1.0,0.0,0.25,0.25,0.25,0.25,0,0,0,1.0,0.3333,0.5,0.75,1.5,0.041,0.0574
825,6s,Ks,0.5915,0.5339,0.3333,0.9167,0,1,0.5833,0.25,0.25,1,0.0,0.6,0.5208,0,1.0,0.9167,0.4167,0.0833,0.6667,0.3333,1.0,0.0,0.25,0.25,0.25,0.25,0,0,0,1.0,0.3333,0.5,0.75,1.5,0.0357,0.0456
826,6s,Ac,0.6759,0.7294,0.3333,1.0,0,0,0.6667,0.25,0.25,1,0.0,0.4,0.55,0,1.0,0.9167,0.4167,0.0833,0.6667,0.3333,1.0,0.0,0.25,0.25,0.25,0.25,0,0,0,1.0,0.3333,0.5,0.75,1.5,0.0507,0.0729
827,6s,Ad,0.6017,0.7225,0.3333,1.0,0,0,0.6667,0.25,0.25,1,0.0,0.4,0.55,0,1.0,0.9167,0.4167,0.0833,0.6667,0.3333,1.0,0.0,0.25,0.25,0.25,0.25,0,0,0,1.0,0.3333,0.5,0.75,1.5,0.0451,0.0722
828,6s,Ah,0.0,0.0,0.3333,1.0,0,0,0.6667,0.25,0.25,1,0.0,0.4,0.0,1,1.0,0.9167,0.4167,0.0833,0.6667,0.3333,1.0,0.0,0.25,0.25,0.25,0.25,0,0,0,1.0,0.3333,0.5,0.75,1.5,0.0,0.0
829,6s,As,0.6596,0.7057,0.3333,1.0,0,1,0.6667,0.25,0.25,1,0.0,0.6,0.55,0,1.0,0.9167,0.4167,0.0833,0.6667,0.3333,1.0,0.0,0.25,0.25,0.25,0.25,0,0,0,1.0,0.3333,0.5,0.75,1.5,0.0495,0.0706
830,7c,7d,0.443,0.479,0.4167,0.4167,1,0,0.0,0.25,0.25,1,0.0,0.4,1.0,0,1.0,0.9167,0.4167,0.0833,0.6667,0.3333,1.0,0.0,0.25,0.25,0.25,0.25,0,0,0,1.0,0.3333,0.5,0.75,1.5,0.1329,0.1557
831,7c,7h,0.3293,0.4719,0.4167,0.4167,1,0,0.0,0.25,0.25,1,0.0,0.4,1.0,0,1.0,0.9167,0.4167,0.0833,0.6667,0.3333,1.0,0.0,0.25,0.25,0.25,0.25,0,0,0,1.0,0.3333,0.5,0.75,1.5,0.0988,0.1534
832,7c,7s,0.0,0.0,0.4167,0.4167,1,0,0.0,0.25,0.25,1,0.0,0.4,0.0,1,1.0,0.9167,0.4167,0.0833,0.6667,0.3333,1.0,0.0,0.25,0.25,0.25,0.25,0,0,0,1.0,0.3333,0.5,0.75,1.5,0.0,0.0
833,7c,8c,0.4499,0.417,0.4167,0.5,0,1,0.0833,0.25,0.25,1,0.0,0.6,0.3708,0,1.0,0.9167,0.4167,0.0833,0.6667,0.3333,1.0,0.0,0.25,0.25,0.25,0.25,0,0,0,1.0,0.3333,0.5,0.75,1.5,-0.0066,0.0043
834,7c,8d,0.3671,0.3982,0.4167,0.5,0,0,0.0833,0.25,0.25,1,0.0,0.4,0.3708,0,1.0,0.9167,0.4167,0.0833,0.6667,0.3333,1.0,0.0,0.25,0.25,0.25,0.25,0,0,0,1.0,0.3333,0.5,0.75,1.5,-0.0054,0.0041
835,7c,8h,0.3667,0.545,0.4167,0.5,0,0,0.0833,0.25,0.25,1,0.0,0.4,0.3708,0,1.0,0.9167,0.4167,0.0833,0.6667,0.3333,1.0,0.0,0.25,0.25,0.25,0.25,0,0,0,1.0,0.3333,0.5,0.75,1.5,-0.0053,0.0057
836,7c,8s,0.4614,0.5562,0.4167,0.5,0,0,0.0833,0.25,0.25,1,0.0,0.4,0.3708,0,1.0,0.9167,0.4167,0.0833,0.6667,0.3333,1.0,0.0,0.25,0.25,0.25,0.25,0,0,0,1.0,0.3333,0.5,0.75,1.5,-0.0067,0.0058
837,7c,9c,0.5086,0.4507,0.4167,0.5833,0,1,0.1667,0.25,0.25,1,0.0,0.6,0.3833,0,1.0,0.9167,0.4167,0.0833,0.6667,0.3333,1.0,0.0,0.25,0.25,0.25,0.25,0,0,0,1.0,0.3333,0.5,0.75,1.5,-0.0042,0.0075
838,7c,9d,0.5507,0.4382,0.4167,0.5833,0,0,0.1667,0.25,0.25,1,0.0,0.4,0.3833,0,1.0,0.9167,0.4167,0.0833,0.6667,0.3333,1.0,0.0,0.25,0.25,0.25,0.25,0,0,0,1.0,0.3333,0.5,0.75,1.5,-0.0046,0.0073
839,7c,9h,0.4714,0.5562,0.4167,0.5833,0,0,0.1667,0.25,0.25,1,0.0,0.4,0.3833,0,1.0,0.9167,0.4167,0.0833,0.6667,0.3333,1.0,0.0,0.25,0.25,0.25,0.25,0,0,0,1.0,0.3333,0.5,0.75,1.5,-0.0039,0.0093
840,7c,9s,0.5732,0.4664,0.4167,0.5833,0,0,0.1667,0.25,0.25,1,0.0,0.4,0.3833,0,1.0,0.9167,0.4167,0.0833,0.6667,0.3333,1.0,0.0,0.25,0.25,0.25,0.25,0,0,0,1.0,0.3333,0.5,0.75,1.5,-0.0048,0.0078
841,7c,Tc,0.4666,0.5153,0.4167,0.6667,0,1,0.25,0.25,0.25,1,0.0,0.6,0.3958,0,1.0,0.9167,0.4167,0.0833,0.6667,0.3333,1.0,0.0,0.25,0.25,0.25,0.25,0,0,0,1.0,0.3333,0.5,0.75,1.5,-0.001,0.0118
842,7c,Td,0.6196,0.5903,0.4167,0.6667,0,0,0.25,0.25,0.25,1,0.0,0.4,0.3958,0,1.0,0.9167,0.4167,0.0833,0.6667,0.3333,1.0,0.0,0.25,0.25,0.25,0.25,0,0,0,1.0,0.3333,0.5,0.75,1.5,-0.0013,0.0135
843,7c,Th,0.6206,0.519,0.4167,0.6667,0,0,0.25,0.25,0.25,1,0.0,0.4,0.3958,0,1.0,0.9167,0.4167,0.0833,0.6667,0.3333,1.0,0.0,0.25,0.25,0.25,0.25,0,0,0,1.0,0.3333,0.5,0.75,1.5,-0.0013,0.0119
844,7c,Ts,0.6364,0.5409,0.4167,0.6667,0,0,0.25,0.25,0.25,1,0.0,0.4,0.3958,0,1.0,0.9167,0.4167,0.0833,0.6667,0.3333,1.0,0.0,0.25,0.25,0.25,0.25,0,0,0,1.0,0.3333,0.5,0.75,1.5,-0.0013,0.0124
845,7c,Jc,0.5828,0.6682,0.4167,0.75,0,1,0.3333,0.25,0.25,1,0.0,0.6,0.4083,0,1.0,0.9167,0.4167,0.0833,0.6667,0.3333,1.0,0.0,0.25,0.25,0.25,0.25,0,0,0,1.0,0.3333,0.5,0.75,1.5,0.0024,0.0195
846,7c,Jd,0.5872,0.6436,0.4167,0.75,0,0,0.3333,0.25,0.25,1,0.0,0.4,0.4083,0,1.0,0.9167,0.4167,0.0833,0.6667,0.3333,1.0,0.0,0.25,0.25,0.25,0.25,0,0,0,1.0,0.3333,0.5,0.75,1.5,0.0024,0.0188
847,7c,Jh,0.6287,0.4991,0.4167,0.75,0,0,0.3333,0.25,0.25,1,0.0,0.4,0.4083,0,1.0,0.9167,0.4167,0.0833,0.6667,0.3333,1.0,0.0,0.25,0.25,0.25,0.25,0,0,0,1.0,0.3333,0.5,0.75,1.5,0.0026,0.0146
848,7c,Js,0.6038,0.6478,0.4167,0.75,0,0,0.3333,0.25,0.25,1,0.0,0.4,0.4083,0,1.0,0.9167,0.4167,0.0833,0.6667,0.3333,1.0,0.0,0.25,0.25,0.25,0.25,0,0,0,1.0,0.3333,0.5,0.75,1.5,0.0025,0.0189
849,7c,Qc,0.6341,0.5892,0.4167,0.8333,0,1,0.4167,0.25,0.25,1,0.0,0.6,0.4208,0,1.0,0.9167,0.4167,0.0833,0.6667,0.3333,1.0,0.0,0.25,0.25,0.25,0.25,0,0,0,1.0,0.3333,0.5,0.75,1.5,0.0066,0.0209
850,7c,Qd,0.541,0.6572,0.4167,0.8333,0,0,0.4167,0.25,0.25,1,0.0,0.4,0.4208,0,1.0,0.9167,0.4167,0.0833,0.6667,0.3333,1.0,0.0,0.25,0.25,0.25,0.25,0,0,0,1.0,0.3333,0.5,0.75,1.5,0.0056,0.0233
851,7c,Qh,0.5863,0.6455,0.4167,0.8333,0,0,0.4167,0.25,0.25,1,0.0,0.4,0.4208,0,1.0,0.9167,0.4167,0.0833,0.6667,0.3333,1.0,0.0,0.25,0.25,0.25,0.25,0,0,0,1.0,0.3333,0.5,0.75,1.5,0.0061,0.0229
852,7c,Qs,0.6102,0.663,0.4167,0.8333,0,0,0.4167,0.25,0.25,1,0.0,0.4,0.4208,0,1.0,0.9167,0.4167,0.0833,0.6667,0.3333,1.0,0.0,0.25,0.25,0.25,0.25,0,0,0,1.0,0.3333,0.5,0.75,1.5,0.0064,0.0235
853,7c,Kc,0.637,0.5751,0.4167,0.9167,0,1,0.5,0.25,0.25,1,0.0,0.6,0.9667,0,1.0,0.9167,0.4167,0.0833,0.6667,0.3333,1.0,0.0,0.25,0.25,0.25,0.25,0,0,0,1.0,0.3333,0.5,0.75,1.5,0.1805,0.1773
854,7c,Kd,0.0,0.0,0.4167,0.9167,0,0,0.5,0.25,0.25,1,0.0,0.4,0.0,1,1.0,0.9167,0.4167,0.0833,0.6667,0.3333,1.0,0.0,0.25,0.25,0.25,0.25,0,0,0,1.0,0.3333,0.5,0.75,1.5,0.0,0.0
855,7c,Kh,0.7407,0.6372,0.4167,0.9167,0,0,0.5,0.25,0.25,1,0.0,0.4,0.9667,0,1.0,0.9167,0.4167,0.0833,0.6667,0.3333,1.0,0.0,0.25,0.25,0.25,0.25,0,0,0,1.0,0.3333,0.5,0.75,1.5,0.2099,0.1965
856,7c,Ks,0.7663,0.6216,0.4167,0.9167,0,0,0.5,0.25,0.25,1,0.0,0.4,0.9667,0,1.0,0.9167,0.4167,0.0833,0.6667,0.3333,1.0,0.0,0.25,0.25,0.25,0.25,0,0,0,1.0,0.3333,0.5,0.75,1.5,0.2171,0.1917
857,7c,Ac,0.8043,0.7979,0.4167,1.0,0,1,0.5833,0.25,0.25,1,0.0,0.6,0.9958,0,1.0,0.9167,0.4167,0.0833,0.6667,0.3333,1.0,0.0,0.25,0.25,0.25,0.25,0,0,0,1.0,0.3333,0.5,0.75,1.5,0.2396,0.2577
858,7c,Ad,0.6233,0.7358,0.4167,1.0,0,0,0.5833,0.25,0.25,1,0.0,0.4,0.9958,0,1.0,0.9167,0.4167,0.0833,0.6667,0.3333,1.0,0.0,0.25,0.25,0.25,0.25,0,0,0,1.0,0.3333,0.5,0.75,1.5,0.1857,0.2376
859,7c,Ah,0.0,0.0,0.4167,1.0,0,0,0.5833,0.25,0.25,1,0.0,0.4,0.0,1,1.0,0.9167,0.4167,0.0833,0.6667,0.3333,1.0,0.0,0.25,0.25,0.25,0.25,0,0,0,1.0,0.3333,0.5,0.75,1.5,0.0,0.0
860,7c,As,0.681,0.7686,0.4167,1.0,0,0,0.5833,0.25,0.25,1,0.0,0.4,0.9958,0,1.0,0.9167,0.4167,0.0833,0.6667,0.3333,1.0,0.0,0.25,0.25,0.25,0.25,0,0,0,1.0,0.3333,0.5,0.75,1.5,0.2029,0.2482
861,7d,7h,0.4525,0.5072,0.4167,0.4167,1,0,0.0,0.25,0.25,1,0.0,0.4,1.0,0,1.0,0.9167,0.4167,0.0833,0.6667,0.3333,1.0,0.0,0.25,0.25,0.25,0.25,0,0,0,1.0,0.3333,0.5,0.75,1.5,0.1358,0.1648
862,7d,7s,0.0,0.0,0.4167,0.4167,1,0,0.0,0.25,0.25,1,0.0,0.4,0.0,1,1.0,0.9167,0.4167,0.0833,0.6667,0.3333,1.0,0.0,0.25,0.25,0.25,0.25,0,0,0,1.0,0.3333,0.5,0.75,1.5,0.0,0.0
863,7d,8c,0.3869,0.4798,0.4167,0.5,0,0,0.0833,0.25,0.25,1,0.0,0.4,0.3708,0,1.0,0.9167,0.4167,0.0833,0.6667,0.3333,1.0,0.0,0.25,0.25,0.25,0.25,0,0,0,1.0,0.3333,0.5,0.75,1.5,-0.0056,0.005
864,7d,8d,0.5146,0.3653,0.4167,0.5,0,1,0.0833,0.25,0.25,1,0.0,0.6,0.3708,0,1.0,0.9167,0.4167,0.0833,0.6667,0.3333,1.0,0.0,0.25,0.25,0.25,0.25,0,0,0,1.0,0.3333,0.5,0.75,1.5,-0.0075,0.0038
865,7d,8h,0.3718,0.514,0.4167,0.5,0,0,0.0833,0.25,0.25,1,0.0,0.4,0.3708,0,1.0,0.9167,0.4167,0.0833,0.6667,0.3333,1.0,0.0,0.25,0.25,0.25,0.25,0,0,0,1.0,0.3333,0.5,0.75,1.5,-0.0054,0.0054
866,7d,8s,0.4316,0.4349,0.4167,0.5,0,0,0.0833,0.25,0.25,1,0.0,0.4,0.3708,0,1.0,0.9167,0.4167,0.0833,0.6667,0.3333,1.0,0.0,0.25,0.25,0.25,0.25,0,0,0,1.0,0.3333,0.5,0.75,1.5,-0.0063,0.0045
867,7d,9c,0.5134,0.521,0.4167,0.5833,0,0,0.1667,0.25,0.25,1,0.0,0.4,0.3833,0,1.0,0.9167,0.4167,0.0833,0.6667,0.3333,1.0,0.0,0.25,0.25,0.25,0.25,0,0,0,1.0,0.3333,0.5,0.75,1.5,-0.0043,0.0087
868,7d,9d,0.5358,0.5898,0.4167,0.5833,0,1,0.1667,0.25,0.25,1,0.0,0.6,0.3833,0,1.0,0.9167,0.4167,0.0833,0.6667,0.3333,1.0,0.0,0.25,0.25,0.25,0.25,0,0,0,1.0,0.3333,0.5,0.75,1.5,-0.0045,0.0098
869,7d,9h,0.4744,0.5526,0.4167,0.5833,0,0,0.1667,0.25,0.25,1,0.0,0.4,0.3833,0,1.0,0.9167,0.4167,0.0833,0.6667,0.3333,1.0,0.0,0.25,0.25,0.25,0.25,0,0,0,1.0,0.3333,0.5,0.75,1.5,-0.004,0.0092
870,7d,9s,0.5148,0.5059,0.4167,0.5833,0,0,0.1667,0.25,0.25,1,0.0,0.4,0.3833,0,1.0,0.9167,0.4167,0.0833,0.6667,0.3333,1.0,0.0,0.25,0.25,0.25,0.25,0,0,0,1.0,0.3333,0.5,0.75,1.5,-0.0043,0.0084
871,7d,Tc,0.5213,0.5716,0.4167,0.6667,0,0,0.25,0.25,0.25,1,0.0,0.4,0.3958,0,1.0,0.9167,0.4167,0.0833,0.6667,0.3333,1.0,0.0,0.25,0.25,0.25,0.25,0,0,0,1.0,0.3333,0.5,0.75,1.5,-0.0011,0.0131
872,7d,Td,0.4916,0.4644,0.4167,0.6667,0,1,0.25,0.25,0.25,1,0.0,0.6,0.3958,0,1.0,0.9167,0.4167,0.0833,0.6667,0.3333,1.0,0.0,0.25,0.25,0.25,0.25,0,0,0,1.0,0.3333,0.5,0.75,1.5,-0.001,0.0106
873,7d,Th,0.5888,0.5415,0.4167,0.6667,0,0,0.25,0.25,0.25,1,0.0,0.4,0.3958,0,1.0,0.9167,0.4167,0.0833,0.6667,0.3333,1.0,0.0,0.25,0.25,0.25,0.25,0,0,0,1.0,0.3333,0.5,0.75,1.5,-0.0012,0.0124
874,7d,Ts,0.5191,0.554,0.4167,0.6667,0,0,0.25,0.25,0.25,1,0.0,0.4,0.3958,0,1.0,0.9167,0.4167,0.0833,0.6667,0.3333,1.0,0.0,0.25,0.25,0.25,0.25,0,0,0,1.0,0.3333,0.5,0.75,1.5,-0.0011,0.0127
875,7d,Jc,0.5357,0.5354,0.4167,0.75,0,0,0.3333,0.25,0.25,1,0.0,0.4,0.4083,0,1.0,0.9167,0.4167,0.0833,0.6667,0.3333,1.0,0.0,0.25,0.25,0.25,0.25,0,0,0,1.0,0.3333,0.5,0.75,1.5,0.0022,0.0156
876,7d,Jd,0.5726,0.6826,0.4167,0.75,0,1,0.3333,0.25,0.25,1,0.0,0.6,0.4083,0,1.0,0.9167,0.4167,0.0833,0.6667,0.3333,1.0,0.0,0.25,0.25,0.25,0.25,0,0,0,1.0,0.3333,0.5,0.75,1.5,0.0024,0.0199
877,7d,Jh,0.5404,0.6666,0.4167,0.75,0,0,0.3333,0.25,0.25,1,0.0,0.4,0.4083,0,1.0,0.9167,0.4167,0.0833,0.6667,0.3333,1.0,0.0,0.25,0.25,0.25,0.25,0,0,0,1.0,0.3333,0.5,0.75,1.5,0.0023,0.0194
878,7d,Js,0.5816,0.5079,0.4167,0.75,0,0,0.3333,0.25,0.25,1,0.0,0.4,0.4083,0,1.0,0.9167,0.4167,0.0833,0.6667,0.3333,1.0,0.0,0.25,0.25,0.25,0.25,0,0,0,1.0,0.3333,0.5,0.75,1.5,0.0024,0.0148
879,7d,Qc,0.6956,0.6154,0.4167,0.8333,0,0,0.4167,0.25,0.25,1,0.0,0.4,0.4208,0,1.0,0.9167,0.4167,0.0833,0.6667,0.3333,1.0,0.0,0.25,0.25,0.25,0.25,0,0,0,1.0,0.3333,0.5,0.75,1.5,0.0072,0.0218
880,7d,Qd,0.7047,0.614,0.4167,0.8333,0,1,0.4167,0.25,0.25,1,0.0,0.6,0.4208,0,1.0,0.9167,0.4167,0.0833,0.6667,0.3333,1.0,0.0,0.25,0.25,0.25,0.25,0,0,0,1.0,0.3333,0.5,0.75,1.5,0.0073,0.0217
881,7d,Qh,0.5426,0.6614,0.4167,0.8333,0,0,0.4167,0.25,0.25,1,0.0,0.4,0.4208,0,1.0,0.9167,0.4167,0.0833,0.6667,0.3333,1.0,0.0,0.25,0.25,0.25,0.25,0,0,0,1.0,0.3333,0.5,0.75,1.5,0.0057,0.0234
882,7d,Qs,0.6941,0.5889,0.4167,0.8333,0,0,0.4167,0.25,0.25,1,0.0,0.4,0.4208,0,1.0,0.9167,0.4167,0.0833,0.6667,0.3333,1.0,0.0,0.25,0.25,0.25,0.25,0,0,0,1.0,0.3333,0.5,0.75,1.5,0.0072,0.0209
883,7d,Kc,0.6362,0.5797,0.4167,0.9167,0,0,0.5,0.25,0.25,1,0.0,0.4,0.9667,0,1.0,0.9167,0.4167,0.0833,0.6667,0.3333,1.0,0.0,0.25,0.25,0.25,0.25,0,0,0,1.0,0.3333,0.5,0.75,1.5,0.1802,0.1787
884,7d,Kd,0.0,0.0,0.4167,0.9167,0,1,0.5,0.25,0.25,1,0.0,0.6,0.0,1,1.0,0.9167,0.4167,0.0833,0.6667,0.3333,1.0,0.0,0.25,0.25,0.25,0.25,0,0,0,1.0,0.3333,0.5,0.75,1.5,0.0,0.0
885,7d,Kh,0.6751,0.7449,0.4167,0.9167,0,0,0.5,0.25,0.25,1,0.0,0.4,0.9667,0,1.0,0.9167,0.4167,0.0833,0.6667,0.3333,1.0,0.0,0.25,0.25,0.25,0.25,0,0,0,1.0,0.3333,0.5,0.75,1.5,0.1913,0.2297
886,7d,Ks,0.7369,0.709,0.4167,0.9167,0,0,0.5,0.25,0.25,1,0.0,0.4,0.9667,0,1.0,0.9167,0.4167,0.0833,0.6667,0.3333,1.0,0.0,0.25,0.25,0.25,0.25,0,0,0,1.0,0.3333,0.5,0.75,1.5,0.2088,0.2186
887,7d,Ac,0.7938,0.7359,0.4167,1.0,0,0,0.5833,0.25,0.25,1,0.0,0.4,0.9958,0,1.0,0.9167,0.4167,0.0833,0.6667,0.3333,1.0,0.0,0.25,0.25,0.25,0.25,0,0,0,1.0,0.3333,0.5,0.75,1.5,0.2365,0.2376
888,7d,Ad,0.7671,0.7101,0.4167,1.0,0,1,0.5833,0.25,0.25,1,0.0,0.6,0.9958,0,1.0,0.9167,0.4167,0.0833,0.6667,0.3333,1.0,0.0,0.25,0.25,0.25,0.25,0,0,0,1.0,0.3333,0.5,0.75,1.5,0.2285,0.2293
889,7d,Ah,0.0,0.0,0.4167,1.0,0,0,0.5833,0.25,0.25,1,0.0,0.4,0.0,1,1.0,0.9167,0.4167,0.0833,0.6667,0.3333,1.0,0.0,0.25,0.25,0.25,0.25,0,0,0,1.0,0.3333,0.5,0.75,1.5,0.0,0.0
890,7d,As,0.6326,0.6485,0.4167,1.0,0,0,0.5833,0.25,0.25,1,0.0,0.4,0.9958,0,1.0,0.9167,0.4167,0.0833,0.6667,0.3333,1.0,0.0,0.25,0.25,0.25,0.25,0,0,0,1.0,0.3333,0.5,0.75,1.5,0.1885,0.2094
891,7h,7s,0.0,0.0,0.4167,0.4167,1,0,0.0,0.25,0.25,1,0.0,0.4,0.0,1,1.0,0.9167,0.4167,0.0833,0.6667,0.3333,1.0,0.0,0.25,0.25,0.25,0.25,0,0,0,1.0,0.3333,0.5,0.75,1.5,0.0,0.0
892,7h,8c,0.3861,0.5164,0.4167,0.5,0,0,0.0833,0.25,0.25,1,0.0,0.4,0.3708,0,1.0,0.9167,0.4167,0.0833,0.6667,0.3333,1.0,0.0,0.25,0.25,0.25,0.25,0,0,0,1.0,0.3333,0.5,0.75,1.5,-0.0056,0.0054
893,7h,8d,0.3636,0.4691,0.4167,0.5,0,0,0.0833,0.25,0.25,1,0.0,0.4,0.3708,0,1.0,0.9167,0.4167,0.0833,0.6667,0.3333,1.0,0.0,0.25,0.25,0.25,0.25,0,0,0,1.0,0.3333,0.5,0.75,1.5,-0.0053,0.0049
894,7h,8h,0.4321,0.5191,0.4167,0.5,0,1,0.0833,0.25,0.25,1,0.0,0.6,0.3708,0,1.0,0.9167,0.4167,0.0833,0.6667,0.3333,1.0,0.0,0.25,0.25,0.25,0.25,0,0,0,1.0,0.3333,0.5,0.75,1.5,-0.0063,0.0054
895,7h,8s,0.4687,0.4807,0.4167,0.5,0,0,0.0833,0.25,0.25,1,0.0,0.4,0.3708,0,1.0,0.9167,0.4167,0.0833,0.6667,0.3333,1.0,0.0,0.25,0.25,0.25,0.25,0,0,0,1.0,0.3333,0.5,0.75,1.5,-0.0068,0.005
896,7h,9c,0.4172,0.4619,0.4167,0.5833,0,0,0.1667,0.25,0.25,1,0.0,0.4,0.3833,0,1.0,0.9167,0.4167,0.0833,0.6667,0.3333,1.0,0.0,0.25,0.25,0.25,0.25,0,0,0,1.0,0.3333,0.5,0.75,1.5,-0.0035,0.0077
897,7h,9d,0.5999,0.5438,0.4167,0.5833,0,0,0.1667,0.25,0.25,1,0.0,0.4,0.3833,0,1.0,0.9167,0.4167,0.0833,0.6667,0.3333,1.0,0.0,0.25,0.25,0.25,0.25,0,0,0,1.0,0.3333,0.5,0.75,1.5,-0.005,0.0091
898,7h,9h,0.5051,0.5538,0.4167,0.5833,0,1,0.1667,0.25,0.25,1,0.0,0.6,0.3833,0,1.0,0.9167,0.4167,0.0833,0.6667,0.3333,1.0,0.0,0.25,0.25,0.25,0.25,0,0,0,1.0,0.3333,0.5,0.75,1.5,-0.0042,0.0092
899,7h,9s,0.5647,0.4148,0.4167,0.5833,0,0,0.1667,0.25,0.25,1,0.0,0.4,0.3833,0,1.0,0.9167,0.4167,0.0833,0.6667,0.3333,1.0,0.0,0.25,0.25,0.25,0.25,0,0,0,1.0,0.3333,0.5,0.75,1.5,-0.0047,0.0069
900,7h,Tc,0.6361,0.5701,0.4167,0.6667,0,0,0.25,0.25,0.25,1,0.0,0.4,0.3958,0,1.0,0.9167,0.4167,0.0833,0.6667,0.3333,1.0,0.0,0.25,0.25,0.25,0.25,0,0,0,1.0,0.3333,0.5,0.75,1.5,-0.0013,0.0131
901,7h,Td,0.5317,0.5777,0.4167,0.6667,0,0,0.25,0.25,0.25,1,0.0,0.4,0.3958,0,1.0,0.9167,0.4167,0.0833,0.6667,0.3333,1.0,0.0,0.25,0.25,0.25,0.25,0,0,0,1.0,0.3333,0.5,0.75,1.5,-0.0011,0.0132
902,7h,Th,0.5106,0.6173,0.4167,0.6667,0,1,0.25,0.25,0.25,1,0.0,0.6,0.3958,0,1.0,0.9167,0.4167,0.0833,0.6667,0.3333,1.0,0.0,0.25,0.25,0.25,0.25,0,0,0,1.0,0.3333,0.5,0.75,1.5,-0.0011,0.0141
903,7h,Ts,0.5977,0.5696,0.4167,0.6667,0,0,0.25,0.25,0.25,1,0.0,0.4,0.3958,0,1.0,0.9167,0.4167,0.0833,0.6667,0.3333,1.0,0.0,0.25,0.25,0.25,0.25,0,0,0,1.0,0.3333,0.5,0.75,1.5,-0.0012,0.0131
904,7h,Jc,0.5197,0.6766,0.4167,0.75,0,0,0.3333,0.25,0.25,1,0.0,0.4,0.4083,0,1.0,0.9167,0.4167,0.0833,0.6667,0.3333,1.0,0.0,0.25,0.25,0.25,0.25,0,0,0,1.0,0.3333,0.5,0.75,1.5,0.0022,0.0197
905,7h,Jd,0.5699,0.6655,0.4167,0.75,0,0,0.3333,0.25,0.25,1,0.0,0.4,0.4083,0,1.0,0.9167,0.4167,0.0833,0.6667,0.3333,1.0,0.0,0.25,0.25,0.25,0.25,0,0,0,1.0,0.3333,0.5,0.75,1.5,0.0024,0.0194
906,7h,Jh,0.4944,0.5082,0.4167,0.75,0,1,0.3333,0.25,0.25,1,0.0,0.6,0.4083,0,1.0,0.9167,0.4167,0.0833,0.6667,0.3333,1.0,0.0,0.25,0.25,0.25,0.25,0,0,0,1.0,0.3333,0.5,0.75,1.5,0.0021,0.0148
907,7h,Js,0.5139,0.5163,0.4167,0.75,0,0,0.3333,0.25,0.25,1,0.0,0.4,0.4083,0,1.0,0.9167,0.4167,0.0833,0.6667,0.3333,1.0,0.0,0.25,0.25,0.25,0.25,0,0,0,1.0,0.3333,0.5,0.75,1.5,0.0021,0.0151
908,7h,Qc,0.5895,0.6669,0.4167,0.8333,0,0,0.4167,0.25,0.25,1,0.0,0.4,0.4208,0,1.0,0.9167,0.4167,0.0833,0.6667,0.3333,1.0,0.0,0.25,0.25,0.25,0.25,0,0,0,1.0,0.3333,0.5,0.75,1.5,0.0061,0.0236
909,7h,Qd,0.5942,0.7132,0.4167,0.8333,0,0,0.4167,0.25,0.25,1,0.0,0.4,0.4208,0,1.0,0.9167,0.4167,0.0833,0.6667,0.3333,1.0,0.0,0.25,0.25,0.25,0.25,0,0,0,1.0,0.3333,0.5,0.75,1.5,0.0062,0.0253
910,7h,Qh,0.704,0.6942,0.4167,0.8333,0,1,0.4167,0.25,0.25,1,0.0,0.6,0.4208,0,1.0,0.9167,0.4167,0.0833,0.6667,0.3333,1.0,0.0,0.25,0.25,0.25,0.25,0,0,0,1.0,0.3333,0.5,0.75,1.5,0.0073,0.0246
911,7h,Qs,0.5751,0.652,0.4167,0.8333,0,0,0.4167,0.25,0.25,1,0.0,0.4,0.4208,0,1.0,0.9167,0.4167,0.0833,0.6667,0.3333,1.0,0.0,0.25,0.25,0.25,0.25,0,0,0,1.0,0.3333,0.5,0.75,1.5,0.006,0.0231
912,7h,Kc,0.6768,0.5917,0.4167,0.9167,0,0,0.5,0.25,0.25,1,0.0,0.4,0.9667,0,1.0,0.9167,0.4167,0.0833,0.6667,0.3333,1.0,0.0,0.25,0.25,0.25,0.25,0,0,0,1.0,0.3333,0.5,0.75,1.5,0.1918,0.1824
913,7h,Kd,0.0,0.0,0.4167,0.9167,0,0,0.5,0.25,0.25,1,0.0,0.4,0.0,1,1.0,0.9167,0.4167,0.0833,0.6667,0.3333,1.0,0.0,0.25,0.25,0.25,0.25,0,0,0,1.0,0.3333,0.5,0.75,1.5,0.0,0.0
914,7h,Kh,0.6272,0.6734,0.4167,0.9167,0,1,0.5,0.25,0.25,1,0.0,0.6,0.9667,0,1.0,0.9167,0.4167,0.0833,0.6667,0.3333,1.0,0.0,0.25,0.25,0.25,0.25,0,0,0,1.0,0.3333,0.5,0.75,1.5,0.1777,0.2076
915,7h,Ks,0.6672,0.6004,0.4167,0.9167,0,0,0.5,0.25,0.25,1,0.0,0.4,0.9667,0,1.0,0.9167,0.4167,0.0833,0.6667,0.3333,1.0,0.0,0.25,0.25,0.25,0.25,0,0,0,1.0,0.3333,0.5,0.75,1.5,0.189,0.1851
916,7h,Ac,0.7967,0.6392,0.4167,1.0,0,0,0.5833,0.25,0.25,1,0.0,0.4,0.9958,0,1.0,0.9167,0.4167,0.0833,0.6667,0.3333,1.0,0.0,0.25,0.25,0.25,0.25,0,0,0,1.0,0.3333,0.5,0.75,1.5,0.2373,0.2064
917,7h,Ad,0.7401,0.7525,0.4167,1.0,0,0,0.5833,0.25,0.25,1,0.0,0.4,0.9958,0,1.0,0.9167,0.4167,0.0833,0.6667,0.3333,1.0,0.0,0.25,0.25,0.25,0.25,0,0,0,1.0,0.3333,0.5,0.75,1.5,0.2205,0.243
918,7h,Ah,0.0,0.0,0.4167,1.0,0,1,0.5833,0.25,0.25,1,0.0,0.6,0.0,1,1.0,0.9167,0.4167,0.0833,0.6667,0.3333,1.0,0.0,0.25,0.25,0.25,0.25,0,0,0,1.0,0.3333,0.5,0.75,1.5,0.0,0.0
919,7h,As,0.7294,0.7768,0.4167,1.0,0,0,0.5833,0.25,0.25,1,0.0,0.4,0.9958,0,1.0,0.9167,0.4167,0.0833,0.6667,0.3333,1.0,0.0,0.25,0.25,0.25,0.25,0,0,0,1.0,0.3333,0.5,0.75,1.5,0.2173,0.2509
920,7s,8c,0.0,0.0,0.4167,0.5,0,0,0.0833,0.25,0.25,1,0.0,0.4,0.0,1,1.0,0.9167,0.4167,0.0833,0.6667,0.3333,1.0,0.0,0.25,0.25,0.25,0.25,0,0,0,1.0,0.3333,0.5,0.75,1.5,0.0,0.0
921,7s,8d,0.0,0.0,0.4167,0.5,0,0,0.0833,0.25,0.25,1,0.0,0.4,0.0,1,1.0,0.9167,0.4167,0.0833,0.6667,0.3333,1.0,0.0,0.25,0.25,0.25,0.25,0,0,0,1.0,0.3333,0.5,0.75,1.5,0.0,0.0
922,7s,8h,0.0,0.0,0.4167,0.5,0,0,0.0833,0.25,0.25,1,0.0,0.4,0.0,1,1.0,0.9167,0.4167,0.0833,0.6667,0.3333,1.0,0.0,0.25,0.25,0.25,0.25,0,0,0,1.0,0.3333,0.5,0.75,1.5,0.0,0.0
923,7s,8s,0.0,0.0,0.4167,0.5,0,1,0.0833,0.25,0.25,1,0.0,0.6,0.0,1,1.0,0.9167,0.4167,0.0833,0.6667,0.3333,1.0,0.0,0.25,0.25,0.25,0.25,0,0,0,1.0,0.3333,0.5,0.75,1.5,0.0,0.0
924,7s,9c,0.0,0.0,0.4167,0.5833,0,0,0.1667,0.25,0.25,1,0.0,0.4,0.0,1,1.0,0.9167,0.4167,0.0833,0.6667,0.3333,1.0,0.0,0.25,0.25,0.25,0.25,0,0,0,1.0,0.3333,0.5,0.75,1.5,0.0,0.0
925,7s,9d,0.0,0.0,0.4167,0.5833,0,0,0.1667,0.25,0.25,1,0.0,0.4,0.0,1,1.0,0.9167,0.4167,0.0833,0.6667,0.3333,1.0,0.0,0.25,0.25,0.25,0.25,0,0,0,1.0,0.3333,0.5,0.75,1.5,0.0,0.0
926,7s,9h,0.0,0.0,0.4167,0.5833,0,0,0.1667,0.25,0.25,1,0.0,0.4,0.0,1,1.0,0.9167,0.4167,0.0833,0.6667,0.3333,1.0,0.0,0.25,0.25,0.25,0.25,0,0,0,1.0,0.3333,0.5,0.75,1.5,0.0,0.0
927,7s,9s,0.0,0.0,0.4167,0.5833,0,1,0.1667,0.25,0.25,1,0.0,0.6,0.0,1,1.0,0.9167,0.4167,0.0833,0.6667,0.3333,1.0,0.0,0.25,0.25,0.25,0.25,0,0,0,1.0,0.3333,0.5,0.75,1.5,0.0,0.0
928,7s,Tc,0.0,0.0,0.4167,0.6667,0,0,0.25,0.25,0.25,1,0.0,0.4,0.0,1,1.0,0.9167,0.4167,0.0833,0.6667,0.3333,1.0,0.0,0.25,0.25,0.25,0.25,0,0,0,1.0,0.3333,0.5,0.75,1.5,0.0,0.0
929,7s,Td,0.0,0.0,0.4167,0.6667,0,0,0.25,0.25,0.25,1,0.0,0.4,0.0,1,1.0,0.9167,0.4167,0.0833,0.6667,0.3333,1.0,0.0,0.25,0.25,0.25,0.25,0,0,0,1.0,0.3333,0.5,0.75,1.5,0.0,0.0
930,7s,Th,0.0,0.0,0.4167,0.6667,0,0,0.25,0.25,0.25,1,0.0,0.4,0.0,1,1.0,0.9167,0.4167,0.0833,0.6667,0.3333,1.0,0.0,0.25,0.25,0.25,0.25,0,0,0,1.0,0.3333,0.5,0.75,1.5,0.0,0.0
931,7s,Ts,0.0,0.0,0.4167,0.6667,0,1,0.25,0.25,0.25,1,0.0,0.6,0.0,1,1.0,0.9167,0.4167,0.0833,0.6667,0.3333,1.0,0.0,0.25,0.25,0.25,0.25,0,0,0,1.0,0.3333,0.5,0.75,1.5,0.0,0.0
932,7s,Jc,0.0,0.0,0.4167,0.75,0,0,0.3333,0.25,0.25,1,0.0,0.4,0.0,1,1.0,0.9167,0.4167,0.0833,0.6667,0.3333,1.0,0.0,0.25,0.25,0.25,0.25,0,0,0,1.0,0.3333,0.5,0.75,1.5,0.0,0.0
933,7s,Jd,0.0,0.0,0.4167,0.75,0,0,0.3333,0.25,0.25,1,0.0,0.4,0.0,1,1.0,0.9167,0.4167,0.0833,0.6667,0.3333,1.0,0.0,0.25,0.25,0.25,0.25,0,0,0,1.0,0.3333,0.5,0.75,1.5,0.0,0.0
934,7s,Jh,0.0,0.0,0.4167,0.75,0,0,0.3333,0.25,0.25,1,0.0,0.4,0.0,1,1.0,0.9167,0.4167,0.0833,0.6667,0.3333,1.0,0.0,0.25,0.25,0.25,0.25,0,0,0,1.0,0.3333,0.5,0.75,1.5,0.0,0.0
935,7s,Js,0.0,0.0,0.4167,0.75,0,1,0.3333,0.25,0.25,1,0.0,0.6,0.0,1,1.0,0.9167,0.4167,0.0833,0.6667,0.3333,1.0,0.0,0.25,0.25,0.25,0.25,0,0,0,1.0,0.3333,0.5,0.75,1.5,0.0,0.0
936,7s,Qc,0.0,0.0,0.4167,0.8333,0,0,0.4167,0.25,0.25,1,0.0,0.4,0.0,1,1.0,0.9167,0.4167,0.0833,0.6667,0.3333,1.0,0.0,0.25,0.25,0.25,0.25,0,0,0,1.0,0.3333,0.5,0.75,1.5,0.0,0.0
937,7s,Qd,0.0,0.0,0.4167,0.8333,0,0,0.4167,0.25,0.25,1,0.0,0.4,0.0,1,1.0,0.9167,0.4167,0.0833,0.6667,0.3333,1.0,0.0,0.25,0.25,0.25,0.25,0,0,0,1.0,0.3333,0.5,0.75,1.5,0.0,0.0
938,7s,Qh,0.0,0.0,0.4167,0.8333,0,0,0.4167,0.25,0.25,1,0.0,0.4,0.0,1,1.0,0.9167,0.4167,0.0833,0.6667,0.3333,1.0,0.0,0.25,0.25,0.25,0.25,0,0,0,1.0,0.3333,0.5,0.75,1.5,0.0,0.0
939,7s,Qs,0.0,0.0,0.4167,0.8333,0,1,0.4167,0.25,0.25,1,0.0,0.6,0.0,1,1.0,0.9167,0.4167,0.0833,0.6667,0.3333,1.0,0.0,0.25,0.25,0.25,0.25,0,0,0,1.0,0.3333,0.5,0.75,1.5,0.0,0.0
940,7s,Kc,0.0,0.0,0.4167,0.9167,0,0,0.5,0.25,0.25,1,0.0,0.4,0.0,1,1.0,0.9167,0.4167,0.0833,0.6667,0.3333,1.0,0.0,0.25,0.25,0.25,0.25,0,0,0,1.0,0.3333,0.5,0.75,1.5,0.0,0.0
941,7s,Kd,0.0,0.0,0.4167,0.9167,0,0,0.5,0.25,0.25,1,0.0,0.4,0.0,1,1.0,0.9167,0.4167,0.0833,0.6667,0.3333,1.0,0.0,0.25,0.25,0.25,0.25,0,0,0,1.0,0.3333,0.5,0.75,1.5,0.0,0.0
942,7s,Kh,0.0,0.0,0.4167,0.9167,0,0,0.5,0.25,0.25,1,0.0,0.4,0.0,1,1.0,0.9167,0.4167,0.0833,0.6667,0.3333,1.0,0.0,0.25,0.25,0.25,0.25,0,0,0,1.0,0.3333,0.5,0.75,1.5,0.0,0.0
943,7s,Ks,0.0,0.0,0.4167,0.9167,0,1,0.5,0.25,0.25,1,0.0,0.6,0.0,1,1.0,0.9167,0.4167,0.0833,0.6667,0.3333,1.0,0.0,0.25,0.25,0.25,0.25,0,0,0,1.0,0.3333,0.5,0.75,1.5,0.0,0.0
944,7s,Ac,0.0,0.0,0.4167,1.0,0,0,0.5833,0.25,0.25,1,0.0,0.4,0.0,1,1.0,0.9167,0.4167,0.0833,0.6667,0.3333,1.0,0.0,0.25,0.25,0.25,0.25,0,0,0,1.0,0.3333,0.5,0.75,1.5,0.0,0.0
945,7s,Ad,0.0,0.0,0.4167,1.0,0,0,0.5833,0.25,0.25,1,0.0,0.4,0.0,1,1.0,0.9167,0.4167,0.0833,0.6667,0.3333,1.0,0.0,0.25,0.25,0.25,0.25,0,0,0,1.0,0.3333,0.5,0.75,1.5,0.0,0.0
946,7s,Ah,0.0,0.0,0.4167,1.0,0,0,0.5833,0.25,0.25,1,0.0,0.4,0.0,1,1.0,0.9167,0.4167,0.0833,0.6667,0.3333,1.0,0.0,0.25,0.25,0.25,0.25,0,0,0,1.0,0.3333,0.5,0.75,1.5,0.0,0.0
947,7s,As,0.0,0.0,0.4167,1.0,0,1,0.5833,0.25,0.25,1,0.0,0.6,0.0,1,1.0,0.9167,0.4167,0.0833,0.6667,0.3333,1.0,0.0,0.25,0.25,0.25,0.25,0,0,0,1.0,0.3333,0.5,0.75,1.5,0.0,0.0
948,8c,8d,0.5127,0.565,0.5,0.5,1,0,0.0,0.25,0.25,0,0.0,0.4,0.5,0,1.0,0.9167,0.4167,0.0833,0.6667,0.3333,1.0,0.0,0.25,0.25,0.25,0.25,0,0,0,1.0,0.3333,0.5,0.75,1.5,0.0256,0.0424
949,8c,8h,0.4057,0.4091,0.5,0.5,1,0,0.0,0.25,0.25,0,0.0,0.4,0.5,0,1.0,0.9167,0.4167,0.0833,0.6667,0.3333,1.0,0.0,0.25,0.25,0.25,0.25,0,0,0,1.0,0.3333,0.5,0.75,1.5,0.0203,0.0307
950,8c,8s,0.5283,0.5154,0.5,0.5,1,0,0.0,0.25,0.25,0,0.0,0.4,0.5,0,1.0,0.9167,0.4167,0.0833,0.6667,0.3333,1.0,0.0,0.25,0.25,0.25,0.25,0,0,0,1.0,0.3333,0.5,0.75,1.5,0.0264,0.0387
951,8c,9c,0.5719,0.5951,0.5,0.5833,0,1,0.0833,0.25,0.25,0,0.0,0.6,0.1625,0,1.0,0.9167,0.4167,0.0833,0.6667,0.3333,1.0,0.0,0.25,0.25,0.25,0.25,0,0,0,1.0,0.3333,0.5,0.75,1.5,-0.0679,-0.0558
952,8c,9d,0.525,0.5695,0.5,0.5833,0,0,0.0833,0.25,0.25,0,0.0,0.4,0.1625,0,1.0,0.9167,0.4167,0.0833,0.6667,0.3333,1.0,0.0,0.25,0.25,0.25,0.25,0,0,0,1.0,0.3333,0.5,0.75,1.5,-0.0623,-0.0534
953,8c,9h,0.5413,0.5671,0.5,0.5833,0,0,0.0833,0.25,0.25,0,0.0,0.4,0.1625,0,1.0,0.9167,0.4167,0.0833,0.6667,0.3333,1.0,0.0,0.25,0.25,0.25,0.25,0,0,0,1.0,0.3333,0.5,0.75,1.5,-0.0643,-0.0532
954,8c,9s,0.4996,0.633,0.5,0.5833,0,0,0.0833,0.25,0.25,0,0.0,0.4,0.1625,0,1.0,0.9167,0.4167,0.0833,0.6667,0.3333,1.0,0.0,0.25,0.25,0.25,0.25,0,0,0,1.0,0.3333,0.5,0.75,1.5,-0.0593,-0.0593
955,8c,Tc,0.5799,0.6443,0.5,0.6667,0,1,0.1667,0.25,0.25,0,0.0,0.6,0.175,0,1.0,0.9167,0.4167,0.0833,0.6667,0.3333,1.0,0.0,0.25,0.25,0.25,0.25,0,0,0,1.0,0.3333,0.5,0.75,1.5,-0.0652,-0.0564
956,8c,Td,0.6203,0.5428,0.5,0.6667,0,0,0.1667,0.25,0.25,0,0.0,0.4,0.175,0,1.0,0.9167,0.4167,0.0833,0.6667,0.3333,1.0,0.0,0.25,0.25,0.25,0.25,0,0,0,1.0,0.3333,0.5,0.75,1.5,-0.0698,-0.0475
957,8c,Th,0.4979,0.4953,0.5,0.6667,0,0,0.1667,0.25,0.25,0,0.0,0.4,0.175,0,1.0,0.9167,0.4167,0.0833,0.6667,0.3333,1.0,0.0,0.25,0.25,0.25,0.25,0,0,0,1.0,0.3333,0.5,0.75,1.5,-0.056,-0.0433
958,8c,Ts,0.5713,0.5802,0.5,0.6667,0,0,0.1667,0.25,0.25,0,0.0,0.4,0.175,0,1.0,0.9167,0.4167,0.0833,0.6667,0.3333,1.0,0.0,0.25,0.25,0.25,0.25,0,0,0,1.0,0.3333,0.5,0.75,1.5,-0.0643,-0.0508
959,8c,Jc,0.5658,0.6463,0.5,0.75,0,1,0.25,0.25,0.25,0,0.0,0.6,0.1875,0,1.0,0.9167,0.4167,0.0833,0.6667,0.3333,1.0,0.0,0.25,0.25,0.25,0.25,0,0,0,1.0,0.3333,0.5,0.75,1.5,-0.0601,-0.0525
960,8c,Jd,0.5875,0.6687,0.5,0.75,0,0,0.25,0.25,0.25,0,0.0,0.4,0.1875,0,1.0,0.9167,0.4167,0.0833,0.6667,0.3333,1.0,0.0,0.25,0.25,0.25,0.25,0,0,0,1.0,0.3333,0.5,0.75,1.5,-0.0624,-0.0543
961,8c,Jh,0.6718,0.6972,0.5,0.75,0,0,0.25,0.25,0.25,0,0.0,0.4,0.1875,0,1.0,0.9167,0.4167,0.0833,0.6667,0.3333,1.0,0.0,0.25,0.25,0.25,0.25,0,0,0,1.0,0.3333,0.5,0.75,1.5,-0.0714,-0.0566
962,8c,Js,0.7201,0.5512,0.5,0.75,0,0,0.25,0.25,0.25,0,0.0,0.4,0.1875,0,1.0,0.9167,0.4167,0.0833,0.6667,0.3333,1.0,0.0,0.25,0.25,0.25,0.25,0,0,0,1.0,0.3333,0.5,0.75,1.5,-0.0765,-0.0448
963,8c,Qc,0.6408,0.679,0.5,0.8333,0,1,0.3333,0.25,0.25,0,0.0,0.6,0.2,0,1.0,0.9167,0.4167,0.0833,0.6667,0.3333,1.0,0.0,0.25,0.25,0.25,0.25,0,0,0,1.0,0.3333,0.5,0.75,1.5,-0.0641,-0.0509
964,8c,Qd,0.6305,0.66,0.5,0.8333,0,0,0.3333,0.25,0.25,0,0.0,0.4,0.2,0,1.0,0.9167,0.4167,0.0833,0.6667,0.3333,1.0,0.0,0.25,0.25,0.25,0.25,0,0,0,1.0,0.3333,0.5,0.75,1.5,-0.063,-0.0495
965,8c,Qh,0.6202,0.6163,0.5,0.8333,0,0,0.3333,0.25,0.25,0,0.0,0.4,0.2,0,1.0,0.9167,0.4167,0.0833,0.6667,0.3333,1.0,0.0,0.25,0.25,0.25,0.25,0,0,0,1.0,0.3333,0.5,0.75,1.5,-0.062,-0.0462
966,8c,Qs,0.586,0.6247,0.5,0.8333,0,0,0.3333,0.25,0.25,0,0.0,0.4,0.2,0,1.0,0.9167,0.4167,0.0833,0.6667,0.3333,1.0,0.0,0.25,0.25,0.25,0.25,0,0,0,1.0,0.3333,0.5,0.75,1.5,-0.0586,-0.0469
967,8c,Kc,0.6852,0.7314,0.5,0.9167,0,1,0.4167,0.25,0.25,1,0.0,0.6,0.5458,0,1.0,0.9167,0.4167,0.0833,0.6667,0.3333,1.0,0.0,0.25,0.25,0.25,0.25,0,0,0,1.0,0.3333,0.5,0.75,1.5,0.05,0.0716
968,8c,Kd,0.0,0.0,0.5,0.9167,0,0,0.4167,0.25,0.25,1,0.0,0.4,0.0,1,1.0,0.9167,0.4167,0.0833,0.6667,0.3333,1.0,0.0,0.25,0.25,0.25,0.25,0,0,0,1.0,0.3333,0.5,0.75,1.5,0.0,0.0
969,8c,Kh,0.658,0.7814,0.5,0.9167,0,0,0.4167,0.25,0.25,1,0.0,0.4,0.5458,0,1.0,0.9167,0.4167,0.0833,0.6667,0.3333,1.0,0.0,0.25,0.25,0.25,0.25,0,0,0,1.0,0.3333,0.5,0.75,1.5,0.048,0.0765
970,8c,Ks,0.6403,0.6738,0.5,0.9167,0,0,0.4167,0.25,0.25,1,0.0,0.4,0.5458,0,1.0,0.9167,0.4167,0.0833,0.6667,0.3333,1.0,0.0,0.25,0.25,0.25,0.25,0,0,0,1.0,0.3333,0.5,0.75,1.5,0.0467,0.066
971,8c,Ac,0.7655,0.7125,0.5,1.0,0,1,0.5,0.25,0.25,1,0.0,0.6,0.575,0,1.0,0.9167,0.4167,0.0833,0.6667,0.3333,1.0,0.0,0.25,0.25,0.25,0.25,0,0,0,1.0,0.3333,0.5,0.75,1.5,0.067,0.0802
972,8c,Ad,0.8026,0.7497,0.5,1.0,0,0,0.5,0.25,0.25,1,0.0,0.4,0.575,0,1.0,0.9167,0.4167,0.0833,0.6667,0.3333,1.0,0.0,0.25,0.25,0.25,0.25,0,0,0,1.0,0.3333,0.5,0.75,1.5,0.0702,0.0843
973,8c,Ah,0.0,0.0,0.5,1.0,0,0,0.5,0.25,0.25,1,0.0,0.4,0.0,1,1.0,0.9167,0.4167,0.0833,0.6667,0.3333,1.0,0.0,0.25,0.25,0.25,0.25,0,0,0,1.0,0.3333,0.5,0.75,1.5,0.0,0.0
974,8c,As,0.7529,0.7498,0.5,1.0,0,0,0.5,0.25,0.25,1,0.0,0.4,0.575,0,1.0,0.9167,0.4167,0.0833,0.6667,0.3333,1.0,0.0,0.25,0.25,0.25,0.25,0,0,0,1.0,0.3333,0.5,0.75,1.5,0.0659,0.0843
975,8d,8h,0.4617,0.4046,0.5,0.5,1,0,0.0,0.25,0.25,0,0.0,0.4,0.5,0,1.0,0.9167,0.4167,0.0833,0.6667,0.3333,1.0,0.0,0.25,0.25,0.25,0.25,0,0,0,1.0,0.3333,0.5,0.75,1.5,0.0231,0.0303
976,8d,8s,0.589,0.5011,0.5,0.5,1,0,0.0,0.25,0.25,0,0.0,0.4,0.5,0,1.0,0.9167,0.4167,0.0833,0.6667,0.3333,1.0,0.0,0.25,0.25,0.25,0.25,0,0,0,1.0,0.3333,0.5,0.75,1.5,0.0295,0.0376
977,8d,9c,0.635,0.4847,0.5,0.5833,0,0,0.0833,0.25,0.25,0,0.0,0.4,0.1625,0,1.0,0.9167,0.4167,0.0833,0.6667,0.3333,1.0,0.0,0.25,0.25,0.25,0.25,0,0,0,1.0,0.3333,0.5,0.75,1.5,-0.0754,-0.0454
978,8d,9d,0.5122,0.4518,0.5,0.5833,0,1,0.0833,0.25,0.25,0,0.0,0.6,0.1625,0,1.0,0.9167,0.4167,0.0833,0.6667,0.3333,1.0,0.0,0.25,0.25,0.25,0.25,0,0,0,1.0,0.3333,0.5,0.75,1.5,-0.0608,-0.0424
979,8d,9h,0.5406,0.6181,0.5,0.5833,0,0,0.0833,0.25,0.25,0,0.0,0.4,0.1625,0,1.0,0.9167,0.4167,0.0833,0.6667,0.3333,1.0,0.0,0.25,0.25,0.25,0.25,0,0,0,1.0,0.3333,0.5,0.75,1.5,-0.0642,-0.058
980,8d,9s,0.5725,0.5358,0.5,0.5833,0,0,0.0833,0.25,0.25,0,0.0,0.4,0.1625,0,1.0,0.9167,0.4167,0.0833,0.6667,0.3333,1.0,0.0,0.25,0.25,0.25,0.25,0,0,0,1.0,0.3333,0.5,0.75,1.5,-0.068,-0.0502
981,8d,Tc,0.5907,0.6528,0.5,0.6667,0,0,0.1667,0.25,0.25,0,0.0,0.4,0.175,0,1.0,0.9167,0.4167,0.0833,0.6667,0.3333,1.0,0.0,0.25,0.25,0.25,0.25,0,0,0,1.0,0.3333,0.5,0.75,1.5,-0.0665,-0.0571
982,8d,Td,0.5695,0.6598,0.5,0.6667,0,1,0.1667,0.25,0.25,0,0.0,0.6,0.175,0,1.0,0.9167,0.4167,0.0833,0.6667,0.3333,1.0,0.0,0.25,0.25,0.25,0.25,0,0,0,1.0,0.3333,0.5,0.75,1.5,-0.0641,-0.0577
983,8d,Th,0.6288,0.6361,0.5,0.6667,0,0,0.1667,0.25,0.25,0,0.0,0.4,0.175,0,1.0,0.9167,0.4167,0.0833,0.6667,0.3333,1.0,0.0,0.25,0.25,0.25,0.25,0,0,0,1.0,0.3333,0.5,0.75,1.5,-0.0707,-0.0557
984,8d,Ts,0.5565,0.5634,0.5,0.6667,0,0,0.1667,0.25,0.25,0,0.0,0.4,0.175,0,1.0,0.9167,0.4167,0.0833,0.6667,0.3333,1.0,0.0,0.25,0.25,0.25,0.25,0,0,0,1.0,0.3333,0.5,0.75,1.5,-0.0626,-0.0493
985,8d,Jc,0.6391,0.5639,0.5,0.75,0,0,0.25,0.25,0.25,0,0.0,0.4,0.1875,0,1.0,0.9167,0.4167,0.0833,0.6667,0.3333,1.0,0.0,0.25,0.25,0.25,0.25,0,0,0,1.0,0.3333,0.5,0.75,1.5,-0.0679,-0.0458
986,8d,Jd,0.6356,0.5397,0.5,0.75,0,1,0.25,0.25,0.25,0,0.0,0.6,0.1875,0,1.0,0.9167,0.4167,0.0833,0.6667,0.3333,1.0,0.0,0.25,0.25,0.25,0.25,0,0,0,1.0,0.3333,0.5,0.75,1.5,-0.0675,-0.0439
987,8d,Jh,0.6259,0.6779,0.5,0.75,0,0,0.25,0.25,0.25,0,0.0,0.4,0.1875,0,1.0,0.9167,0.4167,0.0833,0.6667,0.3333,1.0,0.0,0.25,0.25,0.25,0.25,0,0,0,1.0,0.3333,0.5,0.75,1.5,-0.0665,-0.0551
988,8d,Js,0.5809,0.7228,0.5,0.75,0,0,0.25,0.25,0.25,0,0.0,0.4,0.1875,0,1.0,0.9167,0.4167,0.0833,0.6667,0.3333,1.0,0.0,0.25,0.25,0.25,0.25,0,0,0,1.0,0.3333,0.5,0.75,1.5,-0.0617,-0.0587
989,8d,Qc,0.7027,0.5904,0.5,0.8333,0,0,0.3333,0.25,0.25,0,0.0,0.4,0.2,0,1.0,0.9167,0.4167,0.0833,0.6667,0.3333,1.0,0.0,0.25,0.25,0.25,0.25,0,0,0,1.0,0.3333,0.5,0.75,1.5,-0.0703,-0.0443
990,8d,Qd,0.7617,0.6454,0.5,0.8333,0,1,0.3333,0.25,0.25,0,0.0,0.6,0.2,0,1.0,0.9167,0.4167,0.0833,0.6667,0.3333,1.0,0.0,0.25,0.25,0.25,0.25,0,0,0,1.0,0.3333,0.5,0.75,1.5,-0.0762,-0.0484
991,8d,Qh,0.7256,0.6345,0.5,0.8333,0,0,0.3333,0.25,0.25,0,0.0,0.4,0.2,0,1.0,0.9167,0.4167,0.0833,0.6667,0.3333,1.0,0.0,0.25,0.25,0.25,0.25,0,0,0,1.0,0.3333,0.5,0.75,1.5,-0.0726,-0.0476
992,8d,Qs,0.7545,0.7177,0.5,0.8333,0,0,0.3333,0.25,0.25,0,0.0,0.4,0.2,0,1.0,0.9167,0.4167,0.0833,0.6667,0.3333,1.0,0.0,0.25,0.25,0.25,0.25,0,0,0,1.0,0.3333,0.5,0.75,1.5,-0.0754,-0.0538
993,8d,Kc,0.6481,0.7102,0.5,0.9167,0,0,0.4167,0.25,0.25,1,0.0,0.4,0.5458,0,1.0,0.9167,0.4167,0.0833,0.6667,0.3333,1.0,0.0,0.25,0.25,0.25,0.25,0,0,0,1.0,0.3333,0.5,0.75,1.5,0.0473,0.0695
994,8d,Kd,0.0,0.0,0.5,0.9167,0,1,0.4167,0.25,0.25,1,0.0,0.6,0.0,1,1.0,0.9167,0.4167,0.0833,0.6667,0.3333,1.0,0.0,0.25,0.25,0.25,0.25,0,0,0,1.0,0.3333,0.5,0.75,1.5,0.0,0.0
995,8d,Kh,0.7083,0.6174,0.5,0.9167,0,0,0.4167,0.25,0.25,1,0.0,0.4,0.5458,0,1.0,0.9167,0.4167,0.0833,0.6667,0.3333,1.0,0.0,0.25,0.25,0.25,0.25,0,0,0,1.0,0.3333,0.5,0.75,1.5,0.0517,0.0605
996,8d,Ks,0.6357,0.6749,0.5,0.9167,0,0,0.4167,0.25,0.25,1,0.0,0.4,0.5458,0,1.0,0.9167,0.4167,0.0833,0.6667,0.3333,1.0,0.0,0.25,0.25,0.25,0.25,0,0,0,1.0,0.3333,0.5,0.75,1.5,0.0464,0.0661
997,8d,Ac,0.7447,0.7414,0.5,1.0,0,0,0.5,0.25,0.25,1,0.0,0.4,0.575,0,1.0,0.9167,0.4167,0.0833,0.6667,0.3333,1.0,0.0,0.25,0.25,0.25,0.25,0,0,0,1.0,0.3333,0.5,0.75,1.5,0.0652,0.0834
998,8d,Ad,0.7713,0.7531,0.5,1.0,0,1,0.5,0.25,0.25,1,0.0,0.6,0.575,0,1.0,0.9167,0.4167,0.0833,0.6667,0.3333,1.0,0.0,0.25,0.25,0.25,0.25,0,0,0,1.0,0.3333,0.5,0.75,1.5,0.0675,0.0847
999,8d,Ah,0.0,0.0,0.5,1.0,0,0,0.5,0.25,0.25,1,0.0,0.4,0.0,1,1.0,0.9167,0.4167,0.0833,0.6667,0.3333,1.0,0.0,0.25,0.25,0.25,0.25,0,0,0,1.0,0.3333,0.5,0.75,1.5,0.0,0.0
1000,8d,As,0.7156,0.7726,0.5,1.0,0,0,0.5,0.25,0.25,1,0.0,0.4,0.575,0,1.0,0.9167,0.4167,0.0833,0.6667,0.3333,1.0,0.0,0.25,0.25,0.25,0.25,0,0,0,1.0,0.3333,0.5,0.75,1.5,0.0626,0.0869
1001,8h,8s,0.4325,0.5981,0.5,0.5,1,0,0.0,0.25,0.25,0,0.0,0.4,0.5,0,1.0,0.9167,0.4167,0.0833,0.6667,0.3333,1.0,0.0,0.25,0.25,0.25,0.25,0,0,0,1.0,0.3333,0.5,0.75,1.5,0.0216,0.0449
1002,8h,9c,0.5895,0.5015,0.5,0.5833,0,0,0.0833,0.25,0.25,0,0.0,0.4,0.1625,0,1.0,0.9167,0.4167,0.0833,0.6667,0.3333,1.0,0.0,0.25,0.25,0.25,0.25,0,0,0,1.0,0.3333,0.5,0.75,1.5,-0.07,-0.047
1003,8h,9d,0.5089,0.6073,0.5,0.5833,0,0,0.0833,0.25,0.25,0,0.0,0.4,0.1625,0,1.0,0.9167,0.4167,0.0833,0.6667,0.3333,1.0,0.0,0.25,0.25,0.25,0.25,0,0,0,1.0,0.3333,0.5,0.75,1.5,-0.0604,-0.0569
1004,8h,9h,0.5481,0.5834,0.5,0.5833,0,1,0.0833,0.25,0.25,0,0.0,0.6,0.1625,0,1.0,0.9167,0.4167,0.0833,0.6667,0.3333,1.0,0.0,0.25,0.25,0.25,0.25,0,0,0,1.0,0.3333,0.5,0.75,1.5,-0.0651,-0.0547
1005,8h,9s,0.5016,0.6048,0.5,0.5833,0,0,0.0833,0.25,0.25,0,0.0,0.4,0.1625,0,1.0,0.9167,0.4167,0.0833,0.6667,0.3333,1.0,0.0,0.25,0.25,0.25,0.25,0,0,0,1.0,0.3333,0.5,0.75,1.5,-0.0596,-0.0567
1006,8h,Tc,0.557,0.6181,0.5,0.6667,0,0,0.1667,0.25,0.25,0,0.0,0.4,0.175,0,1.0,0.9167,0.4167,0.0833,0.6667,0.3333,1.0,0.0,0.25,0.25,0.25,0.25,0,0,0,1.0,0.3333,0.5,0.75,1.5,-0.0627,-0.0541
1007,8h,Td,0.6793,0.6001,0.5,0.6667,0,0,0.1667,0.25,0.25,0,0.0,0.4,0.175,0,1.0,0.9167,0.4167,0.0833,0.6667,0.3333,1.0,0.0,0.25,0.25,0.25,0.25,0,0,0,1.0,0.3333,0.5,0.75,1.5,-0.0764,-0.0525
1008,8h,Th,0.6427,0.6284,0.5,0.6667,0,1,0.1667,0.25,0.25,0,0.0,0.6,0.175,0,1.0,0.9167,0.4167,0.0833,0.6667,0.3333,1.0,0.0,0.25,0.25,0.25,0.25,0,0,0,1.0,0.3333,0.5,0.75,1.5,-0.0723,-0.055
1009,8h,Ts,0.6209,0.4887,0.5,0.6667,0,0,0.1667,0.25,0.25,0,0.0,0.4,0.175,0,1.0,0.9167,0.4167,0.0833,0.6667,0.3333,1.0,0.0,0.25,0.25,0.25,0.25,0,0,0,1.0,0.3333,0.5,0.75,1.5,-0.0699,-0.0428
1010,8h,Jc,0.6199,0.7184,0.5,0.75,0,0,0.25,0.25,0.25,0,0.0,0.4,0.1875,0,1.0,0.9167,0.4167,0.0833,0.6667,0.3333,1.0,0.0,0.25,0.25,0.25,0.25,0,0,0,1.0,0.3333,0.5,0.75,1.5,-0.0659,-0.0584
1011,8h,Jd,0.6816,0.6802,0.5,0.75,0,0,0.25,0.25,0.25,0,0.0,0.4,0.1875,0,1.0,0.9167,0.4167,0.0833,0.6667,0.3333,1.0,0.0,0.25,0.25,0.25,0.25,0,0,0,1.0,0.3333,0.5,0.75,1.5,-0.0724,-0.0553
1012,8h,Jh,0.6405,0.6693,0.5,0.75,0,1,0.25,0.25,0.25,0,0.0,0.6,0.1875,0,1.0,0.9167,0.4167,0.0833,0.6667,0.3333,1.0,0.0,0.25,0.25,0.25,0.25,0,0,0,1.0,0.3333,0.5,0.75,1.5,-0.0681,-0.0544
1013,8h,Js,0.6417,0.5591,0.5,0.75,0,0,0.25,0.25,0.25,0,0.0,0.4,0.1875,0,1.0,0.9167,0.4167,0.0833,0.6667,0.3333,1.0,0.0,0.25,0.25,0.25,0.25,0,0,0,1.0,0.3333,0.5,0.75,1.5,-0.0682,-0.0454
1014,8h,Qc,0.6925,0.6906,0.5,0.8333,0,0,0.3333,0.25,0.25,0,0.0,0.4,0.2,0,1.0,0.9167,0.4167,0.0833,0.6667,0.3333,1.0,0.0,0.25,0.25,0.25,0.25,0,0,0,1.0,0.3333,0.5,0.75,1.5,-0.0692,-0.0518
1015,8h,Qd,0.7349,0.5962,0.5,0.8333,0,0,0.3333,0.25,0.25,0,0.0,0.4,0.2,0,1.0,0.9167,0.4167,0.0833,0.6667,0.3333,1.0,0.0,0.25,0.25,0.25,0.25,0,0,0,1.0,0.3333,0.5,0.75,1.5,-0.0735,-0.0447
1016,8h,Qh,0.7028,0.573,0.5,0.8333,0,1,0.3333,0.25,0.25,0,0.0,0.6,0.2,0,1.0,0.9167,0.4167,0.0833,0.6667,0.3333,1.0,0.0,0.25,0.25,0.25,0.25,0,0,0,1.0,0.3333,0.5,0.75,1.5,-0.0703,-0.043
1017,8h,Qs,0.7563,0.5886,0.5,0.8333,0,0,0.3333,0.25,0.25,0,0.0,0.4,0.2,0,1.0,0.9167,0.4167,0.0833,0.6667,0.3333,1.0,0.0,0.25,0.25,0.25,0.25,0,0,0,1.0,0.3333,0.5,0.75,1.5,-0.0756,-0.0441
1018,8h,Kc,0.6121,0.6711,0.5,0.9167,0,0,0.4167,0.25,0.25,1,0.0,0.4,0.5458,0,1.0,0.9167,0.4167,0.0833,0.6667,0.3333,1.0,0.0,0.25,0.25,0.25,0.25,0,0,0,1.0,0.3333,0.5,0.75,1.5,0.0446,0.0657
1019,8h,Kd,0.0,0.0,0.5,0.9167,0,0,0.4167,0.25,0.25,1,0.0,0.4,0.0,1,1.0,0.9167,0.4167,0.0833,0.6667,0.3333,1.0,0.0,0.25,0.25,0.25,0.25,0,0,0,1.0,0.3333,0.5,0.75,1.5,0.0,0.0
1020,8h,Kh,0.6386,0.7464,0.5,0.9167,0,1,0.4167,0.25,0.25,1,0.0,0.6,0.5458,0,1.0,0.9167,0.4167,0.0833,0.6667,0.3333,1.0,0.0,0.25,0.25,0.25,0.25,0,0,0,1.0,0.3333,0.5,0.75,1.5,0.0466,0.0731
1021,8h,Ks,0.6904,0.7633,0.5,0.9167,0,0,0.4167,0.25,0.25,1,0.0,0.4,0.5458,0,1.0,0.9167,0.4167,0.0833,0.6667,0.3333,1.0,0.0,0.25,0.25,0.25,0.25,0,0,0,1.0,0.3333,0.5,0.75,1.5,0.0503,0.0747
1022,8h,Ac,0.8341,0.8246,0.5,1.0,0,0,0.5,0.25,0.25,1,0.0,0.4,0.575,0,1.0,0.9167,0.4167,0.0833,0.6667,0.3333,1.0,0.0,0.25,0.25,0.25,0.25,0,0,0,1.0,0.3333,0.5,0.75,1.5,0.073,0.0928
1023,8h,Ad,0.7972,0.6625,0.5,1.0,0,0,0.5,0.25,0.25,1,0.0,0.4,0.575,0,1.0,0.9167,0.4167,0.0833,0.6667,0.3333,1.0,0.0,0.25,0.25,0.25,0.25,0,0,0,1.0,0.3333,0.5,0.75,1.5,0.0698,0.0745
1024,8h,Ah,0.0,0.0,0.5,1.0,0,1,0.5,0.25,0.25,1,0.0,0.6,0.0,1,1.0,0.9167,0.4167,0.0833,0.6667,0.3333,1.0,0.0,0.25,0.25,0.25,0.25,0,0,0,1.0,0.3333,0.5,0.75,1.5,0.0,0.0
1025,8h,As,0.6776,0.6915,0.5,1.0,0,0,0.5,0.25,0.25,1,0.0,0.4,0.575,0,1.0,0.9167,0.4167,0.0833,0.6667,0.3333,1.0,0.0,0.25,0.25,0.25,0.25,0,0,0,1.0,0.3333,0.5,0.75,1.5,0.0593,0.0778
1026,8s,9c,0.5067,0.5741,0.5,0.5833,0,0,0.0833,0.25,0.25,0,0.0,0.4,0.1625,0,1.0,0.9167,0.4167,0.0833,0.6667,0.3333,1.0,0.0,0.25,0.25,0.25,0.25,0,0,0,1.0,0.3333,0.5,0.75,1.5,-0.0602,-0.0538
1027,8s,9d,0.5468,0.5044,0.5,0.5833,0,0,0.0833,0.25,0.25,0,0.0,0.4,0.1625,0,1.0,0.9167,0.4167,0.0833,0.6667,0.3333,1.0,0.0,0.25,0.25,0.25,0.25,0,0,0,1.0,0.3333,0.5,0.75,1.5,-0.0649,-0.0473
1028,8s,9h,0.4763,0.6241,0.5,0.5833,0,0,0.0833,0.25,0.25,0,0.0,0.4,0.1625,0,1.0,0.9167,0.4167,0.0833,0.6667,0.3333,1.0,0.0,0.25,0.25,0.25,0.25,0,0,0,1.0,0.3333,0.5,0.75,1.5,-0.0566,-0.0585
1029,8s,9s,0.5101,0.5125,0.5,0.5833,0,1,0.0833,0.25,0.25,0,0.0,0.6,0.1625,0,1.0,0.9167,0.4167,0.0833,0.6667,0.3333,1.0,0.0,0.25,0.25,0.25,0.25,0,0,0,1.0,0.3333,0.5,0.75,1.5,-0.0606,-0.048
1030,8s,Tc,0.6377,0.6275,0.5,0.6667,0,0,0.1667,0.25,0.25,0,0.0,0.4,0.175,0,1.0,0.9167,0.4167,0.0833,0.6667,0.3333,1.0,0.0,0.25,0.25,0.25,0.25,0,0,0,1.0,0.3333,0.5,0.75,1.5,-0.0717,-0.0549
1031,8s,Td,0.612,0.622,0.5,0.6667,0,0,0.1667,0.25,0.25,0,0.0,0.4,0.175,0,1.0,0.9167,0.4167,0.0833,0.6667,0.3333,1.0,0.0,0.25,0.25,0.25,0.25,0,0,0,1.0,0.3333,0.5,0.75,1.5,-0.0688,-0.0544
1032,8s,Th,0.6053,0.5218,0.5,0.6667,0,0,0.1667,0.25,0.25,0,0.0,0.4,0.175,0,1.0,0.9167,0.4167,0.0833,0.6667,0.3333,1.0,0.0,0.25,0.25,0.25,0.25,0,0,0,1.0,0.3333,0.5,0.75,1.5,-0.0681,-0.0457
1033,8s,Ts,0.5326,0.595,0.5,0.6667,0,1,0.1667,0.25,0.25,0,0.0,0.6,0.175,0,1.0,0.9167,0.4167,0.0833,0.6667,0.3333,1.0,0.0,0.25,0.25,0.25,0.25,0,0,0,1.0,0.3333,0.5,0.75,1.5,-0.0599,-0.0521
1034,8s,Jc,0.57,0.7196,0.5,0.75,0,0,0.25,0.25,0.25,0,0.0,0.4,0.1875,0,1.0,0.9167,0.4167,0.0833,0.6667,0.3333,1.0,0.0,0.25,0.25,0.25,0.25,0,0,0,1.0,0.3333,0.5,0.75,1.5,-0.0606,-0.0585
1035,8s,Jd,0.5845,0.5828,0.5,0.75,0,0,0.25,0.25,0.25,0,0.0,0.4,0.1875,0,1.0,0.9167,0.4167,0.0833,0.6667,0.3333,1.0,0.0,0.25,0.25,0.25,0.25,0,0,0,1.0,0.3333,0.5,0.75,1.5,-0.0621,-0.0474
1036,8s,Jh,0.5665,0.666,0.5,0.75,0,0,0.25,0.25,0.25,0,0.0,0.4,0.1875,0,1.0,0.9167,0.4167,0.0833,0.6667,0.3333,1.0,0.0,0.25,0.25,0.25,0.25,0,0,0,1.0,0.3333,0.5,0.75,1.5,-0.0602,-0.0541
1037,8s,Js,0.5884,0.5948,0.5,0.75,0,1,0.25,0.25,0.25,0,0.0,0.6,0.1875,0,1.0,0.9167,0.4167,0.0833,0.6667,0.3333,1.0,0.0,0.25,0.25,0.25,0.25,0,0,0,1.0,0.3333,0.5,0.75,1.5,-0.0625,-0.0483
1038,8s,Qc,0.7534,0.7257,0.5,0.8333,0,0,0.3333,0.25,0.25,0,0.0,0.4,0.2,0,1.0,0.9167,0.4167,0.0833,0.6667,0.3333,1.0,0.0,0.25,0.25,0.25,0.25,0,0,0,1.0,0.3333,0.5,0.75,1.5,-0.0753,-0.0544
1039,8s,Qd,0.6214,0.591,0.5,0.8333,0,0,0.3333,0.25,0.25,0,0.0,0.4,0.2,0,1.0,0.9167,0.4167,0.0833,0.6667,0.3333,1.0,0.0,0.25,0.25,0.25,0.25,0,0,0,1.0,0.3333,0.5,0.75,1.5,-0.0621,-0.0443
1040,8s,Qh,0.702,0.6426,0.5,0.8333,0,0,0.3333,0.25,0.25,0,0.0,0.4,0.2,0,1.0,0.9167,0.4167,0.0833,0.6667,0.3333,1.0,0.0,0.25,0.25,0.25,0.25,0,0,0,1.0,0.3333,0.5,0.75,1.5,-0.0702,-0.0482
1041,8s,Qs,0.7627,0.7303,0.5,0.8333,0,1,0.3333,0.25,0.25,0,0.0,0.6,0.2,0,1.0,0.9167,0.4167,0.0833,0.6667,0.3333,1.0,0.0,0.25,0.25,0.25,0.25,0,0,0,1.0,0.3333,0.5,0.75,1.5,-0.0763,-0.0548
1042,8s,Kc,0.7993,0.7693,0.5,0.9167,0,0,0.4167,0.25,0.25,1,0.0,0.4,0.5458,0,1.0,0.9167,0.4167,0.0833,0.6667,0.3333,1.0,0.0,0.25,0.25,0.25,0.25,0,0,0,1.0,0.3333,0.5,0.75,1.5,0.0583,0.0753
1043,8s,Kd,0.0,0.0,0.5,0.9167,0,0,0.4167,0.25,0.25,1,0.0,0.4,0.0,1,1.0,0.9167,0.4167,0.0833,0.6667,0.3333,1.0,0.0,0.25,0.25,0.25,0.25,0,0,0,1.0,0.3333,0.5,0.75,1.5,0.0,0.0
1044,8s,Kh,0.6664,0.6659,0.5,0.9167,0,0,0.4167,0.25,0.25,1,0.0,0.4,0.5458,0,1.0,0.9167,0.4167,0.0833,0.6667,0.3333,1.0,0.0,0.25,0.25,0.25,0.25,0,0,0,1.0,0.3333,0.5,0.75,1.5,0.0486,0.0652
1045,8s,Ks,0.7512,0.6776,0.5,0.9167,0,1,0.4167,0.25,0.25,1,0.0,0.6,0.5458,0,1.0,0.9167,0.4167,0.0833,0.6667,0.3333,1.0,0.0,0.25,0.25,0.25,0.25,0,0,0,1.0,0.3333,0.5,0.75,1.5,0.0548,0.0663
1046,8s,Ac,0.7385,0.7013,0.5,1.0,0,0,0.5,0.25,0.25,1,0.0,0.4,0.575,0,1.0,0.9167,0.4167,0.0833,0.6667,0.3333,1.0,0.0,0.25,0.25,0.25,0.25,0,0,0,1.0,0.3333,0.5,0.75,1.5,0.0646,0.0789
1047,8s,Ad,0.7458,0.6904,0.5,1.0,0,0,0.5,0.25,0.25,1,0.0,0.4,0.575,0,1.0,0.9167,0.4167,0.0833,0.6667,0.3333,1.0,0.0,0.25,0.25,0.25,0.25,0,0,0,1.0,0.3333,0.5,0.75,1.5,0.0653,0.0777
1048,8s,Ah,0.0,0.0,0.5,1.0,0,0,0.5,0.25,0.25,1,0.0,0.4,0.0,1,1.0,0.9167,0.4167,0.0833,0.6667,0.3333,1.0,0.0,0.25,0.25,0.25,0.25,0,0,0,1.0,0.3333,0.5,0.75,1.5,0.0,0.0
1049,8s,As,0.7577,0.8366,0.5,1.0,0,1,0.5,0.25,0.25,1,0.0,0.6,0.575,0,1.0,0.9167,0.4167,0.0833,0.6667,0.3333,1.0,0.0,0.25,0.25,0.25,0.25,0,0,0,1.0,0.3333,0.5,0.75,1.5,0.0663,0.0941
1050,9c,9d,0.6226,0.5108,0.5833,0.5833,1,0,0.0,0.25,0.25,0,0.0,0.4,0.55,0,1.0,0.9167,0.4167,0.0833,0.6667,0.3333,1.0,0.0,0.25,0.25,0.25,0.25,0,0,0,1.0,0.3333,0.5,0.75,1.5,0.0467,0.0511
1051,9c,9h,0.6065,0.6007,0.5833,0.5833,1,0,0.0,0.25,0.25,0,0.0,0.4,0.55,0,1.0,0.9167,0.4167,0.0833,0.6667,0.3333,1.0,0.0,0.25,0.25,0.25,0.25,0,0,0,1.0,0.3333,0.5,0.75,1.5,0.0455,0.0601
1052,9c,9s,0.5318,0.6173,0.5833,0.5833,1,0,0.0,0.25,0.25,0,0.0,0.4,0.55,0,1.0,0.9167,0.4167,0.0833,0.6667,0.3333,1.0,0.0,0.25,0.25,0.25,0.25,0,0,0,1.0,0.3333,0.5,0.75,1.5,0.0399,0.0617
1053,9c,Tc,0.6312,0.6526,0.5833,0.6667,0,1,0.0833,0.25,0.25,0,0.0,0.6,0.1875,0,1.0,0.9167,0.4167,0.0833,0.6667,0.3333,1.0,0.0,0.25,0.25,0.25,0.25,0,0,0,1.0,0.3333,0.5,0.75,1.5,-0.0671,-0.053
1054,9c,Td,0.5355,0.6077,0.5833,0.6667,0,0,0.0833,0.25,0.25,0,0.0,0.4,0.1875,0,1.0,0.9167,0.4167,0.0833,0.6667,0.3333,1.0,0.0,0.25,0.25,0.25,0.25,0,0,0,1.0,0.3333,0.5,0.75,1.5,-0.0569,-0.0494
1055,9c,Th,0.6685,0.5451,0.5833,0.6667,0,0,0.0833,0.25,0.25,0,0.0,0.4,0.1875,0,1.0,0.9167,0.4167,0.0833,0.6667,0.3333,1.0,0.0,0.25,0.25,0.25,0.25,0,0,0,1.0,0.3333,0.5,0.75,1.5,-0.071,-0.0443
1056,9c,Ts,0.6792,0.526,0.5833,0.6667,0,0,0.0833,0.25,0.25,0,0.0,0.4,0.1875,0,1.0,0.9167,0.4167,0.0833,0.6667,0.3333,1.0,0.0,0.25,0.25,0.25,0.25,0,0,0,1.0,0.3333,0.5,0.75,1.5,-0.0722,-0.0427
1057,9c,Jc,0.6767,0.7525,0.5833,0.75,0,1,0.1667,0.25,0.25,0,0.0,0.6,0.2,0,1.0,0.9167,0.4167,0.0833,0.6667,0.3333,1.0,0.0,0.25,0.25,0.25,0.25,0,0,0,1.0,0.3333,0.5,0.75,1.5,-0.0677,-0.0564
1058,9c,Jd,0.648,0.7537,0.5833,0.75,0,0,0.1667,0.25,0.25,0,0.0,0.4,0.2,0,1.0,0.9167,0.4167,0.0833,0.6667,0.3333,1.0,0.0,0.25,0.25,0.25,0.25,0,0,0,1.0,0.3333,0.5,0.75,1.5,-0.0648,-0.0565
1059,9c,Jh,0.7423,0.6622,0.5833,0.75,0,0,0.1667,0.25,0.25,0,0.0,0.4,0.2,0,1.0,0.9167,0.4167,0.0833,0.6667,0.3333,1.0,0.0,0.25,0.25,0.25,0.25,0,0,0,1.0,0.3333,0.5,0.75,1.5,-0.0742,-0.0497
1060,9c,Js,0.6066,0.7594,0.5833,0.75,0,0,0.1667,0.25,0.25,0,0.0,0.4,0.2,0,1.0,0.9167,0.4167,0.0833,0.6667,0.3333,1.0,0.0,0.25,0.25,0.25,0.25,0,0,0,1.0,0.3333,0.5,0.75,1.5,-0.0607,-0.057
1061,9c,Qc,0.6726,0.7375,0.5833,0.8333,0,1,0.25,0.25,0.25,0,0.0,0.6,0.2125,0,1.0,0.9167,0.4167,0.0833,0.6667,0.3333,1.0,0.0,0.25,0.25,0.25,0.25,0,0,0,1.0,0.3333,0.5,0.75,1.5,-0.0631,-0.0507
1062,9c,Qd,0.7899,0.6262,0.5833,0.8333,0,0,0.25,0.25,0.25,0,0.0,0.4,0.2125,0,1.0,0.9167,0.4167,0.0833,0.6667,0.3333,1.0,0.0,0.25,0.25,0.25,0.25,0,0,0,1.0,0.3333,0.5,0.75,1.5,-0.0741,-0.0431
1063,9c,Qh,0.7232,0.7154,0.5833,0.8333,0,0,0.25,0.25,0.25,0,0.0,0.4,0.2125,0,1.0,0.9167,0.4167,0.0833,0.6667,0.3333,1.0,0.0,0.25,0.25,0.25,0.25,0,0,0,1.0,0.3333,0.5,0.75,1.5,-0.0678,-0.0492
1064,9c,Qs,0.753,0.7957,0.5833,0.8333,0,0,0.25,0.25,0.25,0,0.0,0.4,0.2125,0,1.0,0.9167,0.4167,0.0833,0.6667,0.3333,1.0,0.0,0.25,0.25,0.25,0.25,0,0,0,1.0,0.3333,0.5,0.75,1.5,-0.0706,-0.0547
1065,9c,Kc,0.8326,0.685,0.5833,0.9167,0,1,0.3333,0.25,0.25,1,0.0,0.6,0.5583,0,1.0,0.9167,0.4167,0.0833,0.6667,0.3333,1.0,0.0,0.25,0.25,0.25,0.25,0,0,0,1.0,0.3333,0.5,0.75,1.5,0.0659,0.0714
1066,9c,Kd,0.0,0.0,0.5833,0.9167,0,0,0.3333,0.25,0.25,1,0.0,0.4,0.0,1,1.0,0.9167,0.4167,0.0833,0.6667,0.3333,1.0,0.0,0.25,0.25,0.25,0.25,0,0,0,1.0,0.3333,0.5,0.75,1.5,0.0,0.0
1067,9c,Kh,0.8264,0.6852,0.5833,0.9167,0,0,0.3333,0.25,0.25,1,0.0,0.4,0.5583,0,1.0,0.9167,0.4167,0.0833,0.6667,0.3333,1.0,0.0,0.25,0.25,0.25,0.25,0,0,0,1.0,0.3333,0.5,0.75,1.5,0.0654,0.0714
1068,9c,Ks,0.8339,0.8494,0.5833,0.9167,0,0,0.3333,0.25,0.25,1,0.0,0.4,0.5583,0,1.0,0.9167,0.4167,0.0833,0.6667,0.3333,1.0,0.0,0.25,0.25,0.25,0.25,0,0,0,1.0,0.3333,0.5,0.75,1.5,0.066,0.0885
1069,9c,Ac,0.7711,0.7907,0.5833,1.0,0,1,0.4167,0.25,0.25,1,0.0,0.6,0.5875,0,1.0,0.9167,0.4167,0.0833,0.6667,0.3333,1.0,0.0,0.25,0.25,0.25,0.25,0,0,0,1.0,0.3333,0.5,0.75,1.5,0.0723,0.0939
1070,9c,Ad,0.879,0.8841,0.5833,1.0,0,0,0.4167,0.25,0.25,1,0.0,0.4,0.5875,0,1.0,0.9167,0.4167,0.0833,0.6667,0.3333,1.0,0.0,0.25,0.25,0.25,0.25,0,0,0,1.0,0.3333,0.5,0.75,1.5,0.0824,0.105
1071,9c,Ah,0.0,0.0,0.5833,1.0,0,0,0.4167,0.25,0.25,1,0.0,0.4,0.0,1,1.0,0.9167,0.4167,0.0833,0.6667,0.3333,1.0,0.0,0.25,0.25,0.25,0.25,0,0,0,1.0,0.3333,0.5,0.75,1.5,0.0,0.0
1072,9c,As,0.8769,0.867,0.5833,1.0,0,0,0.4167,0.25,0.25,1,0.0,0.4,0.5875,0,1.0,0.9167,0.4167,0.0833,0.6667,0.3333,1.0,0.0,0.25,0.25,0.25,0.25,0,0,0,1.0,0.3333,0.5,0.75,1.5,0.0822,0.103
1073,9d,9h,0.4852,0.5969,0.5833,0.5833,1,0,0.0,0.25,0.25,0,0.0,0.4,0.55,0,1.0,0.9167,0.4167,0.0833,0.6667,0.3333,1.0,0.0,0.25,0.25,0.25,0.25,0,0,0,1.0,0.3333,0.5,0.75,1.5,0.0364,0.0597
1074,9d,9s,0.5048,0.6799,0.5833,0.5833,1,0,0.0,0.25,0.25,0,0.0,0.4,0.55,0,1.0,0.9167,0.4167,0.0833,0.6667,0.3333,1.0,0.0,0.25,0.25,0.25,0.25,0,0,0,1.0,0.3333,0.5,0.75,1.5,0.0379,0.068
1075,9d,Tc,0.5819,0.7228,0.5833,0.6667,0,0,0.0833,0.25,0.25,0,0.0,0.4,0.1875,0,1.0,0.9167,0.4167,0.0833,0.6667,0.3333,1.0,0.0,0.25,0.25,0.25,0.25,0,0,0,1.0,0.3333,0.5,0.75,1.5,-0.0618,-0.0587
1076,9d,Td,0.6337,0.6238,0.5833,0.6667,0,1,0.0833,0.25,0.25,0,0.0,0.6,0.1875,0,1.0,0.9167,0.4167,0.0833,0.6667,0.3333,1.0,0.0,0.25,0.25,0.25,0.25,0,0,0,1.0,0.3333,0.5,0.75,1.5,-0.0673,-0.0507
1077,9d,Th,0.7127,0.6952,0.5833,0.6667,0,0,0.0833,0.25,0.25,0,0.0,0.4,0.1875,0,1.0,0.9167,0.4167,0.0833,0.6667,0.3333,1.0,0.0,0.25,0.25,0.25,0.25,0,0,0,1.0,0.3333,0.5,0.75,1.5,-0.0757,-0.0565
1078,9d,Ts,0.6186,0.5636,0.5833,0.6667,0,0,0.0833,0.25,0.25,0,0.0,0.4,0.1875,0,1.0,0.9167,0.4167,0.0833,0.6667,0.3333,1.0,0.0,0.25,0.25,0.25,0.25,0,0,0,1.0,0.3333,0.5,0.75,1.5,-0.0657,-0.0458
1079,9d,Jc,0.5892,0.5992,0.5833,0.75,0,0,0.1667,0.25,0.25,0,0.0,0.4,0.2,0,1.0,0.9167,0.4167,0.0833,0.6667,0.3333,1.0,0.0,0.25,0.25,0.25,0.25,0,0,0,1.0,0.3333,0.5,0.75,1.5,-0.0589,-0.0449
1080,9d,Jd,0.6584,0.6181,0.5833,0.75,0,1,0.1667,0.25,0.25,0,0.0,0.6,0.2,0,1.0,0.9167,0.4167,0.0833,0.6667,0.3333,1.0,0.0,0.25,0.25,0.25,0.25,0,0,0,1.0,0.3333,0.5,0.75,1.5,-0.0658,-0.0464
1081,9d,Jh,0.6039,0.714,0.5833,0.75,0,0,0.1667,0.25,0.25,0,0.0,0.4,0.2,0,1.0,0.9167,0.4167,0.0833,0.6667,0.3333,1.0,0.0,0.25,0.25,0.25,0.25,0,0,0,1.0,0.3333,0.5,0.75,1.5,-0.0604,-0.0535
1082,9d,Js,0.7248,0.6802,0.5833,0.75,0,0,0.1667,0.25,0.25,0,0.0,0.4,0.2,0,1.0,0.9167,0.4167,0.0833,0.6667,0.3333,1.0,0.0,0.25,0.25,0.25,0.25,0,0,0,1.0,0.3333,0.5,0.75,1.5,-0.0725,-0.051
1083,9d,Qc,0.7598,0.6434,0.5833,0.8333,0,0,0.25,0.25,0.25,0,0.0,0.4,0.2125,0,1.0,0.9167,0.4167,0.0833,0.6667,0.3333,1.0,0.0,0.25,0.25,0.25,0.25,0,0,0,1.0,0.3333,0.5,0.75,1.5,-0.0712,-0.0442
1084,9d,Qd,0.7796,0.7877,0.5833,0.8333,0,1,0.25,0.25,0.25,0,0.0,0.6,0.2125,0,1.0,0.9167,0.4167,0.0833,0.6667,0.3333,1.0,0.0,0.25,0.25,0.25,0.25,0,0,0,1.0,0.3333,0.5,0.75,1.5,-0.0731,-0.0542
1085,9d,Qh,0.7737,0.7114,0.5833,0.8333,0,0,0.25,0.25,0.25,0,0.0,0.4,0.2125,0,1.0,0.9167,0.4167,0.0833,0.6667,0.3333,1.0,0.0,0.25,0.25,0.25,0.25,0,0,0,1.0,0.3333,0.5,0.75,1.5,-0.0725,-0.0489
1086,9d,Qs,0.6257,0.7422,0.5833,0.8333,0,0,0.25,0.25,0.25,0,0.0,0.4,0.2125,0,1.0,0.9167,0.4167,0.0833,0.6667,0.3333,1.0,0.0,0.25,0.25,0.25,0.25,0,0,0,1.0,0.3333,0.5,0.75,1.5,-0.0587,-0.051
1087,9d,Kc,0.687,0.6781,0.5833,0.9167,0,0,0.3333,0.25,0.25,1,0.0,0.4,0.5583,0,1.0,0.9167,0.4167,0.0833,0.6667,0.3333,1.0,0.0,0.25,0.25,0.25,0.25,0,0,0,1.0,0.3333,0.5,0.75,1.5,0.0544,0.0706
1088,9d,Kd,0.0,0.0,0.5833,0.9167,0,1,0.3333,0.25,0.25,1,0.0,0.6,0.0,1,1.0,0.9167,0.4167,0.0833,0.6667,0.3333,1.0,0.0,0.25,0.25,0.25,0.25,0,0,0,1.0,0.3333,0.5,0.75,1.5,0.0,0.0
1089,9d,Kh,0.7147,0.6996,0.5833,0.9167,0,0,0.3333,0.25,0.25,1,0.0,0.4,0.5583,0,1.0,0.9167,0.4167,0.0833,0.6667,0.3333,1.0,0.0,0.25,0.25,0.25,0.25,0,0,0,1.0,0.3333,0.5,0.75,1.5,0.0566,0.0729
1090,9d,Ks,0.7022,0.6971,0.5833,0.9167,0,0,0.3333,0.25,0.25,1,0.0,0.4,0.5583,0,1.0,0.9167,0.4167,0.0833,0.6667,0.3333,1.0,0.0,0.25,0.25,0.25,0.25,0,0,0,1.0,0.3333,0.5,0.75,1.5,0.0556,0.0726
1091,9d,Ac,0.8424,0.8825,0.5833,1.0,0,0,0.4167,0.25,0.25,1,0.0,0.4,0.5875,0,1.0,0.9167,0.4167,0.0833,0.6667,0.3333,1.0,0.0,0.25,0.25,0.25,0.25,0,0,0,1.0,0.3333,0.5,0.75,1.5,0.079,0.1048
1092,9d,Ad,0.7521,0.8362,0.5833,1.0,0,1,0.4167,0.25,0.25,1,0.0,0.6,0.5875,0,1.0,0.9167,0.4167,0.0833,0.6667,0.3333,1.0,0.0,0.25,0.25,0.25,0.25,0,0,0,1.0,0.3333,0.5,0.75,1.5,0.0705,0.0993
1093,9d,Ah,0.0,0.0,0.5833,1.0,0,0,0.4167,0.25,0.25,1,0.0,0.4,0.0,1,1.0,0.9167,0.4167,0.0833,0.6667,0.3333,1.0,0.0,0.25,0.25,0.25,0.25,0,0,0,1.0,0.3333,0.5,0.75,1.5,0.0,0.0
1094,9d,As,0.694,0.8224,0.5833,1.0,0,0,0.4167,0.25,0.25,1,0.0,0.4,0.5875,0,1.0,0.9167,0.4167,0.0833,0.6667,0.3333,1.0,0.0,0.25,0.25,0.25,0.25,0,0,0,1.0,0.3333,0.5,0.75,1.5,0.0651,0.0977
1095,9h,9s,0.6219,0.4958,0.5833,0.5833,1,0,0.0,0.25,0.25,0,0.0,0.4,0.55,0,1.0,0.9167,0.4167,0.0833,0.6667,0.3333,1.0,0.0,0.25,0.25,0.25,0.25,0,0,0,1.0,0.3333,0.5,0.75,1.5,0.0466,0.0496
1096,9h,Tc,0.5486,0.5864,0.5833,0.6667,0,0,0.0833,0.25,0.25,0,0.0,0.4,0.1875,0,1.0,0.9167,0.4167,0.0833,0.6667,0.3333,1.0,0.0,0.25,0.25,0.25,0.25,0,0,0,1.0,0.3333,0.5,0.75,1.5,-0.0583,-0.0476
1097,9h,Td,0.6061,0.6255,0.5833,0.6667,0,0,0.0833,0.25,0.25,0,0.0,0.4,0.1875,0,1.0,0.9167,0.4167,0.0833,0.6667,0.3333,1.0,0.0,0.25,0.25,0.25,0.25,0,0,0,1.0,0.3333,0.5,0.75,1.5,-0.0644,-0.0508
1098,9h,Th,0.704,0.6657,0.5833,0.6667,0,1,0.0833,0.25,0.25,0,0.0,0.6,0.1875,0,1.0,0.9167,0.4167,0.0833,0.6667,0.3333,1.0,0.0,0.25,0.25,0.25,0.25,0,0,0,1.0,0.3333,0.5,0.75,1.5,-0.0748,-0.0541
1099,9h,Ts,0.5872,0.5485,0.5833,0.6667,0,0,0.0833,0.25,0.25,0,0.0,0.4,0.1875,0,1.0,0.9167,0.4167,0.0833,0.6667,0.3333,1.0,0.0,0.25,0.25,0.25,0.25,0,0,0,1.0,0.3333,0.5,0.75,1.5,-0.0624,-0.0446
1100,9h,Jc,0.7499,0.6257,0.5833,0.75,0,0,0.1667,0.25,0.25,0,0.0,0.4,0.2,0,1.0,0.9167,0.4167,0.0833,0.6667,0.3333,1.0,0.0,0.25,0.25,0.25,0.25,0,0,0,1.0,0.3333,0.5,0.75,1.5,-0.075,-0.0469
1101,9h,Jd,0.6896,0.6105,0.5833,0.75,0,0,0.1667,0.25,0.25,0,0.0,0.4,0.2,0,1.0,0.9167,0.4167,0.0833,0.6667,0.3333,1.0,0.0,0.25,0.25,0.25,0.25,0,0,0,1.0,0.3333,0.5,0.75,1.5,-0.069,-0.0458
1102,9h,Jh,0.5934,0.5973,0.5833,0.75,0,1,0.1667,0.25,0.25,0,0.0,0.6,0.2,0,1.0,0.9167,0.4167,0.0833,0.6667,0.3333,1.0,0.0,0.25,0.25,0.25,0.25,0,0,0,1.0,0.3333,0.5,0.75,1.5,-0.0593,-0.0448
1103,9h,Js,0.7162,0.6878,0.5833,0.75,0,0,0.1667,0.25,0.25,0,0.0,0.4,0.2,0,1.0,0.9167,0.4167,0.0833,0.6667,0.3333,1.0,0.0,0.25,0.25,0.25,0.25,0,0,0,1.0,0.3333,0.5,0.75,1.5,-0.0716,-0.0516
1104,9h,Qc,0.6915,0.7182,0.5833,0.8333,0,0,0.25,0.25,0.25,0,0.0,0.4,0.2125,0,1.0,0.9167,0.4167,0.0833,0.6667,0.3333,1.0,0.0,0.25,0.25,0.25,0.25,0,0,0,1.0,0.3333,0.5,0.75,1.5,-0.0648,-0.0494
1105,9h,Qd,0.7025,0.7158,0.5833,0.8333,0,0,0.25,0.25,0.25,0,0.0,0.4,0.2125,0,1.0,0.9167,0.4167,0.0833,0.6667,0.3333,1.0,0.0,0.25,0.25,0.25,0.25,0,0,0,1.0,0.3333,0.5,0.75,1.5,-0.0659,-0.0492
1106,9h,Qh,0.7412,0.652,0.5833,0.8333,0,1,0.25,0.25,0.25,0,0.0,0.6,0.2125,0,1.0,0.9167,0.4167,0.0833,0.6667,0.3333,1.0,0.0,0.25,0.25,0.25,0.25,0,0,0,1.0,0.3333,0.5,0.75,1.5,-0.0695,-0.0448
1107,9h,Qs,0.6578,0.7593,0.5833,0.8333,0,0,0.25,0.25,0.25,0,0.0,0.4,0.2125,0,1.0,0.9167,0.4167,0.0833,0.6667,0.3333,1.0,0.0,0.25,0.25,0.25,0.25,0,0,0,1.0,0.3333,0.5,0.75,1.5,-0.0617,-0.0522
1108,9h,Kc,0.8246,0.6664,0.5833,0.9167,0,0,0.3333,0.25,0.25,1,0.0,0.4,0.5583,0,1.0,0.9167,0.4167,0.0833,0.6667,0.3333,1.0,0.0,0.25,0.25,0.25,0.25,0,0,0,1.0,0.3333,0.5,0.75,1.5,0.0653,0.0694
1109,9h,Kd,0.0,0.0,0.5833,0.9167,0,0,0.3333,0.25,0.25,1,0.0,0.4,0.0,1,1.0,0.9167,0.4167,0.0833,0.6667,0.3333,1.0,0.0,0.25,0.25,0.25,0.25,0,0,0,1.0,0.3333,0.5,0.75,1.5,0.0,0.0
1110,9h,Kh,0.7393,0.7908,0.5833,0.9167,0,1,0.3333,0.25,0.25,1,0.0,0.6,0.5583,0,1.0,0.9167,0.4167,0.0833,0.6667,0.3333,1.0,0.0,0.25,0.25,0.25,0.25,0,0,0,1.0,0.3333,0.5,0.75,1.5,0.0585,0.0824
1111,9h,Ks,0.6656,0.7628,0.5833,0.9167,0,0,0.3333,0.25,0.25,1,0.0,0.4,0.5583,0,1.0,0.9167,0.4167,0.0833,0.6667,0.3333,1.0,0.0,0.25,0.25,0.25,0.25,0,0,0,1.0,0.3333,0.5,0.75,1.5,0.0527,0.0795
1112,9h,Ac,0.704,0.8012,0.5833,1.0,0,0,0.4167,0.25,0.25,1,0.0,0.4,0.5875,0,1.0,0.9167,0.4167,0.0833,0.6667,0.3333,1.0,0.0,0.25,0.25,0.25,0.25,0,0,0,1.0,0.3333,0.5,0.75,1.5,0.066,0.0951
1113,9h,Ad,0.7928,0.8062,0.5833,1.0,0,0,0.4167,0.25,0.25,1,0.0,0.4,0.5875,0,1.0,0.9167,0.4167,0.0833,0.6667,0.3333,1.0,0.0,0.25,0.25,0.25,0.25,0,0,0,1.0,0.3333,0.5,0.75,1.5,0.0743,0.0957
1114,9h,Ah,0.0,0.0,0.5833,1.0,0,1,0.4167,0.25,0.25,1,0.0,0.6,0.0,1,1.0,0.9167,0.4167,0.0833,0.6667,0.3333,1.0,0.0,0.25,0.25,0.25,0.25,0,0,0,1.0,0.3333,0.5,0.75,1.5,0.0,0.0
1115,9h,As,0.7216,0.7573,0.5833,1.0,0,0,0.4167,0.25,0.25,1,0.0,0.4,0.5875,0,1.0,0.9167,0.4167,0.0833,0.6667,0.3333,1.0,0.0,0.25,0.25,0.25,0.25,0,0,0,1.0,0.3333,0.5,0.75,1.5,0.0677,0.0899
1116,9s,Tc,0.6291,0.5482,0.5833,0.6667,0,0,0.0833,0.25,0.25,0,0.0,0.4,0.1875,0,1.0,0.9167,0.4167,0.0833,0.6667,0.3333,1.0,0.0,0.25,0.25,0.25,0.25,0,0,0,1.0,0.3333,0.5,0.75,1.5,-0.0668,-0.0445
1117,9s,Td,0.5661,0.6416,0.5833,0.6667,0,0,0.0833,0.25,0.25,0,0.0,0.4,0.1875,0,1.0,0.9167,0.4167,0.0833,0.6667,0.3333,1.0,0.0,0.25,0.25,0.25,0.25,0,0,0,1.0,0.3333,0.5,0.75,1.5,-0.0601,-0.0521
1118,9s,Th,0.5432,0.6271,0.5833,0.6667,0,0,0.0833,0.25,0.25,0,0.0,0.4,0.1875,0,1.0,0.9167,0.4167,0.0833,0.6667,0.3333,1.0,0.0,0.25,0.25,0.25,0.25,0,0,0,1.0,0.3333,0.5,0.75,1.5,-0.0577,-0.0509
1119,9s,Ts,0.6867,0.6157,0.5833,0.6667,0,1,0.0833,0.25,0.25,0,0.0,0.6,0.1875,0,1.0,0.9167,0.4167,0.0833,0.6667,0.3333,1.0,0.0,0.25,0.25,0.25,0.25,0,0,0,1.0,0.3333,0.5,0.75,1.5,-0.073,-0.05
1120,9s,Jc,0.6693,0.658,0.5833,0.75,0,0,0.1667,0.25,0.25,0,0.0,0.4,0.2,0,1.0,0.9167,0.4167,0.0833,0.6667,0.3333,1.0,0.0,0.25,0.25,0.25,0.25,0,0,0,1.0,0.3333,0.5,0.75,1.5,-0.0669,-0.0494
1121,9s,Jd,0.5782,0.6591,0.5833,0.75,0,0,0.1667,0.25,0.25,0,0.0,0.4,0.2,0,1.0,0.9167,0.4167,0.0833,0.6667,0.3333,1.0,0.0,0.25,0.25,0.25,0.25,0,0,0,1.0,0.3333,0.5,0.75,1.5,-0.0578,-0.0494
1122,9s,Jh,0.728,0.7113,0.5833,0.75,0,0,0.1667,0.25,0.25,0,0.0,0.4,0.2,0,1.0,0.9167,0.4167,0.0833,0.6667,0.3333,1.0,0.0,0.25,0.25,0.25,0.25,0,0,0,1.0,0.3333,0.5,0.75,1.5,-0.0728,-0.0533
1123,9s,Js,0.6459,0.73,0.5833,0.75,0,1,0.1667,0.25,0.25,0,0.0,0.6,0.2,0,1.0,0.9167,0.4167,0.0833,0.6667,0.3333,1.0,0.0,0.25,0.25,0.25,0.25,0,0,0,1.0,0.3333,0.5,0.75,1.5,-0.0646,-0.0547
1124,9s,Qc,0.7575,0.724,0.5833,0.8333,0,0,0.25,0.25,0.25,0,0.0,0.4,0.2125,0,1.0,0.9167,0.4167,0.0833,0.6667,0.3333,1.0,0.0,0.25,0.25,0.25,0.25,0,0,0,1.0,0.3333,0.5,0.75,1.5,-0.071,-0.0498
1125,9s,Qd,0.6174,0.6772,0.5833,0.8333,0,0,0.25,0.25,0.25,0,0.0,0.4,0.2125,0,1.0,0.9167,0.4167,0.0833,0.6667,0.3333,1.0,0.0,0.25,0.25,0.25,0.25,0,0,0,1.0,0.3333,0.5,0.75,1.5,-0.0579,-0.0466
1126,9s,Qh,0.6211,0.8072,0.5833,0.8333,0,0,0.25,0.25,0.25,0,0.0,0.4,0.2125,0,1.0,0.9167,0.4167,0.0833,0.6667,0.3333,1.0,0.0,0.25,0.25,0.25,0.25,0,0,0,1.0,0.3333,0.5,0.75,1.5,-0.0582,-0.0555
1127,9s,Qs,0.7952,0.6221,0.5833,0.8333,0,1,0.25,0.25,0.25,0,0.0,0.6,0.2125,0,1.0,0.9167,0.4167,0.0833,0.6667,0.3333,1.0,0.0,0.25,0.25,0.25,0.25,0,0,0,1.0,0.3333,0.5,0.75,1.5,-0.0746,-0.0428
1128,9s,Kc,0.8368,0.6563,0.5833,0.9167,0,0,0.3333,0.25,0.25,1,0.0,0.4,0.5583,0,1.0,0.9167,0.4167,0.0833,0.6667,0.3333,1.0,0.0,0.25,0.25,0.25,0.25,0,0,0,1.0,0.3333,0.5,0.75,1.5,0.0662,0.0684
1129,9s,Kd,0.0,0.0,0.5833,0.9167,0,0,0.3333,0.25,0.25,1,0.0,0.4,0.0,1,1.0,0.9167,0.4167,0.0833,0.6667,0.3333,1.0,0.0,0.25,0.25,0.25,0.25,0,0,0,1.0,0.3333,0.5,0.75,1.5,0.0,0.0
1130,9s,Kh,0.7318,0.8038,0.5833,0.9167,0,0,0.3333,0.25,0.25,1,0.0,0.4,0.5583,0,1.0,0.9167,0.4167,0.0833,0.6667,0.3333,1.0,0.0,0.25,0.25,0.25,0.25,0,0,0,1.0,0.3333,0.5,0.75,1.5,0.0579,0.0837
1131,9s,Ks,0.8032,0.8457,0.5833,0.9167,0,1,0.3333,0.25,0.25,1,0.0,0.6,0.5583,0,1.0,0.9167,0.4167,0.0833,0.6667,0.3333,1.0,0.0,0.25,0.25,0.25,0.25,0,0,0,1.0,0.3333,0.5,0.75,1.5,0.0636,0.0881
1132,9s,Ac,0.8208,0.7757,0.5833,1.0,0,0,0.4167,0.25,0.25,1,0.0,0.4,0.5875,0,1.0,0.9167,0.4167,0.0833,0.6667,0.3333,1.0,0.0,0.25,0.25,0.25,0.25,0,0,0,1.0,0.3333,0.5,0.75,1.5,0.077,0.0921
1133,9s,Ad,0.8902,0.7682,0.5833,1.0,0,0,0.4167,0.25,0.25,1,0.0,0.4,0.5875,0,1.0,0.9167,0.4167,0.0833,0.6667,0.3333,1.0,0.0,0.25,0.25,0.25,0.25,0,0,0,1.0,0.3333,0.5,0.75,1.5,0.0835,0.0912
1134,9s,Ah,0.0,0.0,0.5833,1.0,0,0,0.4167,0.25,0.25,1,0.0,0.4,0.0,1,1.0,0.9167,0.4167,0.0833,0.6667,0.3333,1.0,0.0,0.25,0.25,0.25,0.25,0,0,0,1.0,0.3333,0.5,0.75,1.5,0.0,0.0
1135,9s,As,0.8656,0.873,0.5833,1.0,0,1,0.4167,0.25,0.25,1,0.0,0.6,0.5875,0,1.0,0.9167,0.4167,0.0833,0.6667,0.3333,1.0,0.0,0.25,0.25,0.25,0.25,0,0,0,1.0,0.3333,0.5,0.75,1.5,0.0811,0.1037
1136,Tc,Td,0.6418,0.7032,0.6667,0.6667,1,0,0.0,0.25,0.25,0,0.0,0.4,0.6,0,1.0,0.9167,0.4167,0.0833,0.6667,0.3333,1.0,0.0,0.25,0.25,0.25,0.25,0,0,0,1.0,0.3333,0.5,0.75,1.5,0.0642,0.0879
1137,Tc,Th,0.699,0.6745,0.6667,0.6667,1,0,0.0,0.25,0.25,0,0.0,0.4,0.6,0,1.0,0.9167,0.4167,0.0833,0.6667,0.3333,1.0,0.0,0.25,0.25,0.25,0.25,0,0,0,1.0,0.3333,0.5,0.75,1.5,0.0699,0.0843
1138,Tc,Ts,0.6974,0.6362,0.6667,0.6667,1,0,0.0,0.25,0.25,0,0.0,0.4,0.6,0,1.0,0.9167,0.4167,0.0833,0.6667,0.3333,1.0,0.0,0.25,0.25,0.25,0.25,0,0,0,1.0,0.3333,0.5,0.75,1.5,0.0697,0.0795
1139,Tc,Jc,0.644,0.7158,0.6667,0.75,0,1,0.0833,0.25,0.25,0,0.0,0.6,0.2125,0,1.0,0.9167,0.4167,0.0833,0.6667,0.3333,1.0,0.0,0.25,0.25,0.25,0.25,0,0,0,1.0,0.3333,0.5,0.75,1.5,-0.0604,-0.0492
1140,Tc,Jd,0.7141,0.7539,0.6667,0.75,0,0,0.0833,0.25,0.25,0,0.0,0.4,0.2125,0,1.0,0.9167,0.4167,0.0833,0.6667,0.3333,1.0,0.0,0.25,0.25,0.25,0.25,0,0,0,1.0,0.3333,0.5,0.75,1.5,-0.0669,-0.0518
1141,Tc,Jh,0.6529,0.609,0.6667,0.75,0,0,0.0833,0.25,0.25,0,0.0,0.4,0.2125,0,1.0,0.9167,0.4167,0.0833,0.6667,0.3333,1.0,0.0,0.25,0.25,0.25,0.25,0,0,0,1.0,0.3333,0.5,0.75,1.5,-0.0612,-0.0419
1142,Tc,Js,0.6129,0.668,0.6667,0.75,0,0,0.0833,0.25,0.25,0,0.0,0.4,0.2125,0,1.0,0.9167,0.4167,0.0833,0.6667,0.3333,1.0,0.0,0.25,0.25,0.25,0.25,0,0,0,1.0,0.3333,0.5,0.75,1.5,-0.0575,-0.0459
1143,Tc,Qc,0.7847,0.7589,0.6667,0.8333,0,1,0.1667,0.25,0.25,0,0.0,0.6,0.225,0,1.0,0.9167,0.4167,0.0833,0.6667,0.3333,1.0,0.0,0.25,0.25,0.25,0.25,0,0,0,1.0,0.3333,0.5,0.75,1.5,-0.0687,-0.0474
1144,Tc,Qd,0.7564,0.8147,0.6667,0.8333,0,0,0.1667,0.25,0.25,0,0.0,0.4,0.225,0,1.0,0.9167,0.4167,0.0833,0.6667,0.3333,1.0,0.0,0.25,0.25,0.25,0.25,0,0,0,1.0,0.3333,0.5,0.75,1.5,-0.0662,-0.0509
1145,Tc,Qh,0.6995,0.7192,0.6667,0.8333,0,0,0.1667,0.25,0.25,0,0.0,0.4,0.225,0,1.0,0.9167,0.4167,0.0833,0.6667,0.3333,1.0,0.0,0.25,0.25,0.25,0.25,0,0,0,1.0,0.3333,0.5,0.75,1.5,-0.0612,-0.045
1146,Tc,Qs,0.7051,0.8375,0.6667,0.8333,0,0,0.1667,0.25,0.25,0,0.0,0.4,0.225,0,1.0,0.9167,0.4167,0.0833,0.6667,0.3333,1.0,0.0,0.25,0.25,0.25,0.25,0,0,0,1.0,0.3333,0.5,0.75,1.5,-0.0617,-0.0523
1147,Tc,Kc,0.8367,0.7142,0.6667,0.9167,0,1,0.25,0.25,0.25,1,0.0,0.6,0.5708,0,1.0,0.9167,0.4167,0.0833,0.6667,0.3333,1.0,0.0,0.25,0.25,0.25,0.25,0,0,0,1.0,0.3333,0.5,0.75,1.5,0.0715,0.0789
1148,Tc,Kd,0.0,0.0,0.6667,0.9167,0,0,0.25,0.25,0.25,1,0.0,0.4,0.0,1,1.0,0.9167,0.4167,0.0833,0.6667,0.3333,1.0,0.0,0.25,0.25,0.25,0.25,0,0,0,1.0,0.3333,0.5,0.75,1.5,0.0,0.0
1149,Tc,Kh,0.8536,0.7755,0.6667,0.9167,0,0,0.25,0.25,0.25,1,0.0,0.4,0.5708,0,1.0,0.9167,0.4167,0.0833,0.6667,0.3333,1.0,0.0,0.25,0.25,0.25,0.25,0,0,0,1.0,0.3333,0.5,0.75,1.5,0.0729,0.0856
1150,Tc,Ks,0.8449,0.8684,0.6667,0.9167,0,0,0.25,0.25,0.25,1,0.0,0.4,0.5708,0,1.0,0.9167,0.4167,0.0833,0.6667,0.3333,1.0,0.0,0.25,0.25,0.25,0.25,0,0,0,1.0,0.3333,0.5,0.75,1.5,0.0722,0.0959
1151,Tc,Ac,0.7365,0.7745,0.6667,1.0,0,1,0.3333,0.25,0.25,1,0.0,0.6,0.6,0,1.0,0.9167,0.4167,0.0833,0.6667,0.3333,1.0,0.0,0.25,0.25,0.25,0.25,0,0,0,1.0,0.3333,0.5,0.75,1.5,0.0736,0.0968
1152,Tc,Ad,0.7535,0.74,0.6667,1.0,0,0,0.3333,0.25,0.25,1,0.0,0.4,0.6,0,1.0,0.9167,0.4167,0.0833,0.6667,0.3333,1.0,0.0,0.25,0.25,0.25,0.25,0,0,0,1.0,0.3333,0.5,0.75,1.5,0.0754,0.0925
1153,Tc,Ah,0.0,0.0,0.6667,1.0,0,0,0.3333,0.25,0.25,1,0.0,0.4,0.0,1,1.0,0.9167,0.4167,0.0833,0.6667,0.3333,1.0,0.0,0.25,0.25,0.25,0.25,0,0,0,1.0,0.3333,0.5,0.75,1.5,0.0,0.0
1154,Tc,As,0.8529,0.874,0.6667,1.0,0,0,0.3333,0.25,0.25,1,0.0,0.4,0.6,0,1.0,0.9167,0.4167,0.0833,0.6667,0.3333,1.0,0.0,0.25,0.25,0.25,0.25,0,0,0,1.0,0.3333,0.5,0.75,1.5,0.0853,0.1092
1155,Td,Th,0.5764,0.7148,0.6667,0.6667,1,0,0.0,0.25,0.25,0,0.0,0.4,0.6,0,1.0,0.9167,0.4167,0.0833,0.6667,0.3333,1.0,0.0,0.25,0.25,0.25,0.25,0,0,0,1.0,0.3333,0.5,0.75,1.5,0.0576,0.0893
1156,Td,Ts,0.6471,0.6135,0.6667,0.6667,1,0,0.0,0.25,0.25,0,0.0,0.4,0.6,0,1.0,0.9167,0.4167,0.0833,0.6667,0.3333,1.0,0.0,0.25,0.25,0.25,0.25,0,0,0,1.0,0.3333,0.5,0.75,1.5,0.0647,0.0767
1157,Td,Jc,0.6518,0.7811,0.6667,0.75,0,0,0.0833,0.25,0.25,0,0.0,0.4,0.2125,0,1.0,0.9167,0.4167,0.0833,0.6667,0.3333,1.0,0.0,0.25,0.25,0.25,0.25,0,0,0,1.0,0.3333,0.5,0.75,1.5,-0.0611,-0.0537
1158,Td,Jd,0.6196,0.7091,0.6667,0.75,0,1,0.0833,0.25,0.25,0,0.0,0.6,0.2125,0,1.0,0.9167,0.4167,0.0833,0.6667,0.3333,1.0,0.0,0.25,0.25,0.25,0.25,0,0,0,1.0,0.3333,0.5,0.75,1.5,-0.0581,-0.0488
1159,Td,Jh,0.6662,0.7715,0.6667,0.75,0,0,0.0833,0.25,0.25,0,0.0,0.4,0.2125,0,1.0,0.9167,0.4167,0.0833,0.6667,0.3333,1.0,0.0,0.25,0.25,0.25,0.25,0,0,0,1.0,0.3333,0.5,0.75,1.5,-0.0625,-0.053
1160,Td,Js,0.7546,0.6721,0.6667,0.75,0,0,0.0833,0.25,0.25,0,0.0,0.4,0.2125,0,1.0,0.9167,0.4167,0.0833,0.6667,0.3333,1.0,0.0,0.25,0.25,0.25,0.25,0,0,0,1.0,0.3333,0.5,0.75,1.5,-0.0707,-0.0462
1161,Td,Qc,0.7696,0.7845,0.6667,0.8333,0,0,0.1667,0.25,0.25,0,0.0,0.4,0.225,0,1.0,0.9167,0.4167,0.0833,0.6667,0.3333,1.0,0.0,0.25,0.25,0.25,0.25,0,0,0,1.0,0.3333,0.5,0.75,1.5,-0.0673,-0.049
1162,Td,Qd,0.7141,0.7104,0.6667,0.8333,0,1,0.1667,0.25,0.25,0,0.0,0.6,0.225,0,1.0,0.9167,0.4167,0.0833,0.6667,0.3333,1.0,0.0,0.25,0.25,0.25,0.25,0,0,0,1.0,0.3333,0.5,0.75,1.5,-0.0625,-0.0444
1163,Td,Qh,0.6787,0.782,0.6667,0.8333,0,0,0.1667,0.25,0.25,0,0.0,0.4,0.225,0,1.0,0.9167,0.4167,0.0833,0.6667,0.3333,1.0,0.0,0.25,0.25,0.25,0.25,0,0,0,1.0,0.3333,0.5,0.75,1.5,-0.0594,-0.0489
1164,Td,Qs,0.6942,0.7101,0.6667,0.8333,0,0,0.1667,0.25,0.25,0,0.0,0.4,0.225,0,1.0,0.9167,0.4167,0.0833,0.6667,0.3333,1.0,0.0,0.25,0.25,0.25,0.25,0,0,0,1.0,0.3333,0.5,0.75,1.5,-0.0607,-0.0444
1165,Td,Kc,0.7039,0.8814,0.6667,0.9167,0,0,0.25,0.25,0.25,1,0.0,0.4,0.5708,0,1.0,0.9167,0.4167,0.0833,0.6667,0.3333,1.0,0.0,0.25,0.25,0.25,0.25,0,0,0,1.0,0.3333,0.5,0.75,1.5,0.0601,0.0973
1166,Td,Kd,0.0,0.0,0.6667,0.9167,0,1,0.25,0.25,0.25,1,0.0,0.6,0.0,1,1.0,0.9167,0.4167,0.0833,0.6667,0.3333,1.0,0.0,0.25,0.25,0.25,0.25,0,0,0,1.0,0.3333,0.5,0.75,1.5,0.0,0.0
1167,Td,Kh,0.8676,0.874,0.6667,0.9167,0,0,0.25,0.25,0.25,1,0.0,0.4,0.5708,0,1.0,0.9167,0.4167,0.0833,0.6667,0.3333,1.0,0.0,0.25,0.25,0.25,0.25,0,0,0,1.0,0.3333,0.5,0.75,1.5,0.0741,0.0965
1168,Td,Ks,0.8169,0.7771,0.6667,0.9167,0,0,0.25,0.25,0.25,1,0.0,0.4,0.5708,0,1.0,0.9167,0.4167,0.0833,0.6667,0.3333,1.0,0.0,0.25,0.25,0.25,0.25,0,0,0,1.0,0.3333,0.5,0.75,1.5,0.0698,0.0858
1169,Td,Ac,0.8325,0.9278,0.6667,1.0,0,0,0.3333,0.25,0.25,1,0.0,0.4,0.6,0,1.0,0.9167,0.4167,0.0833,0.6667,0.3333,1.0,0.0,0.25,0.25,0.25,0.25,0,0,0,1.0,0.3333,0.5,0.75,1.5,0.0832,0.116
1170,Td,Ad,0.9217,0.8676,0.6667,1.0,0,1,0.3333,0.25,0.25,1,0.0,0.6,0.6,0,1.0,0.9167,0.4167,0.0833,0.6667,0.3333,1.0,0.0,0.25,0.25,0.25,0.25,0,0,0,1.0,0.3333,0.5,0.75,1.5,0.0922,0.1085
1171,Td,Ah,0.0,0.0,0.6667,1.0,0,0,0.3333,0.25,0.25,1,0.0,0.4,0.0,1,1.0,0.9167,0.4167,0.0833,0.6667,0.3333,1.0,0.0,0.25,0.25,0.25,0.25,0,0,0,1.0,0.3333,0.5,0.75,1.5,0.0,0.0
1172,Td,As,0.8905,0.7971,0.6667,1.0,0,0,0.3333,0.25,0.25,1,0.0,0.4,0.6,0,1.0,0.9167,0.4167,0.0833,0.6667,0.3333,1.0,0.0,0.25,0.25,0.25,0.25,0,0,0,1.0,0.3333,0.5,0.75,1.5,0.089,0.0996
1173,Th,Ts,0.6499,0.5965,0.6667,0.6667,1,0,0.0,0.25,0.25,0,0.0,0.4,0.6,0,1.0,0.9167,0.4167,0.0833,0.6667,0.3333,1.0,0.0,0.25,0.25,0.25,0.25,0,0,0,1.0,0.3333,0.5,0.75,1.5,0.065,0.0746
1174,Th,Jc,0.6836,0.7592,0.6667,0.75,0,0,0.0833,0.25,0.25,0,0.0,0.4,0.2125,0,1.0,0.9167,0.4167,0.0833,0.6667,0.3333,1.0,0.0,0.25,0.25,0.25,0.25,0,0,0,1.0,0.3333,0.5,0.75,1.5,-0.0641,-0.0522
1175,Th,Jd,0.703,0.7782,0.6667,0.75,0,0,0.0833,0.25,0.25,0,0.0,0.4,0.2125,0,1.0,0.9167,0.4167,0.0833,0.6667,0.3333,1.0,0.0,0.25,0.25,0.25,0.25,0,0,0,1.0,0.3333,0.5,0.75,1.5,-0.0659,-0.0535
1176,Th,Jh,0.6685,0.7498,0.6667,0.75,0,1,0.0833,0.25,0.25,0,0.0,0.6,0.2125,0,1.0,0.9167,0.4167,0.0833,0.6667,0.3333,1.0,0.0,0.25,0.25,0.25,0.25,0,0,0,1.0,0.3333,0.5,0.75,1.5,-0.0627,-0.0516
1177,Th,Js,0.7695,0.7913,0.6667,0.75,0,0,0.0833,0.25,0.25,0,0.0,0.4,0.2125,0,1.0,0.9167,0.4167,0.0833,0.6667,0.3333,1.0,0.0,0.25,0.25,0.25,0.25,0,0,0,1.0,0.3333,0.5,0.75,1.5,-0.0721,-0.0544
1178,Th,Qc,0.7625,0.8436,0.6667,0.8333,0,0,0.1667,0.25,0.25,0,0.0,0.4,0.225,0,1.0,0.9167,0.4167,0.0833,0.6667,0.3333,1.0,0.0,0.25,0.25,0.25,0.25,0,0,0,1.0,0.3333,0.5,0.75,1.5,-0.0667,-0.0527
1179,Th,Qd,0.7615,0.6768,0.6667,0.8333,0,0,0.1667,0.25,0.25,0,0.0,0.4,0.225,0,1.0,0.9167,0.4167,0.0833,0.6667,0.3333,1.0,0.0,0.25,0.25,0.25,0.25,0,0,0,1.0,0.3333,0.5,0.75,1.5,-0.0666,-0.0423
1180,Th,Qh,0.6986,0.6907,0.6667,0.8333,0,1,0.1667,0.25,0.25,0,0.0,0.6,0.225,0,1.0,0.9167,0.4167,0.0833,0.6667,0.3333,1.0,0.0,0.25,0.25,0.25,0.25,0,0,0,1.0,0.3333,0.5,0.75,1.5,-0.0611,-0.0432
1181,Th,Qs,0.7793,0.8344,0.6667,0.8333,0,0,0.1667,0.25,0.25,0,0.0,0.4,0.225,0,1.0,0.9167,0.4167,0.0833,0.6667,0.3333,1.0,0.0,0.25,0.25,0.25,0.25,0,0,0,1.0,0.3333,0.5,0.75,1.5,-0.0682,-0.0522
1182,Th,Kc,0.8611,0.7102,0.6667,0.9167,0,0,0.25,0.25,0.25,1,0.0,0.4,0.5708,0,1.0,0.9167,0.4167,0.0833,0.6667,0.3333,1.0,0.0,0.25,0.25,0.25,0.25,0,0,0,1.0,0.3333,0.5,0.75,1.5,0.0736,0.0784
1183,Th,Kd,0.0,0.0,0.6667,0.9167,0,0,0.25,0.25,0.25,1,0.0,0.4,0.0,1,1.0,0.9167,0.4167,0.0833,0.6667,0.3333,1.0,0.0,0.25,0.25,0.25,0.25,0,0,0,1.0,0.3333,0.5,0.75,1.5,0.0,0.0
1184,Th,Kh,0.8366,0.7298,0.6667,0.9167,0,1,0.25,0.25,0.25,1,0.0,0.6,0.5708,0,1.0,0.9167,0.4167,0.0833,0.6667,0.3333,1.0,0.0,0.25,0.25,0.25,0.25,0,0,0,1.0,0.3333,0.5,0.75,1.5,0.0715,0.0806
1185,Th,Ks,0.7454,0.8264,0.6667,0.9167,0,0,0.25,0.25,0.25,1,0.0,0.4,0.5708,0,1.0,0.9167,0.4167,0.0833,0.6667,0.3333,1.0,0.0,0.25,0.25,0.25,0.25,0,0,0,1.0,0.3333,0.5,0.75,1.5,0.0637,0.0912
1186,Th,Ac,0.8539,0.9081,0.6667,1.0,0,0,0.3333,0.25,0.25,1,0.0,0.4,0.6,0,1.0,0.9167,0.4167,0.0833,0.6667,0.3333,1.0,0.0,0.25,0.25,0.25,0.25,0,0,0,1.0,0.3333,0.5,0.75,1.5,0.0854,0.1135
1187,Th,Ad,0.771,0.8857,0.6667,1.0,0,0,0.3333,0.25,0.25,1,0.0,0.4,0.6,0,1.0,0.9167,0.4167,0.0833,0.6667,0.3333,1.0,0.0,0.25,0.25,0.25,0.25,0,0,0,1.0,0.3333,0.5,0.75,1.5,0.0771,0.1107
1188,Th,Ah,0.0,0.0,0.6667,1.0,0,1,0.3333,0.25,0.25,1,0.0,0.6,0.0,1,1.0,0.9167,0.4167,0.0833,0.6667,0.3333,1.0,0.0,0.25,0.25,0.25,0.25,0,0,0,1.0,0.3333,0.5,0.75,1.5,0.0,0.0
1189,Th,As,0.8782,0.8451,0.6667,1.0,0,0,0.3333,0.25,0.25,1,0.0,0.4,0.6,0,1.0,0.9167,0.4167,0.0833,0.6667,0.3333,1.0,0.0,0.25,0.25,0.25,0.25,0,0,0,1.0,0.3333,0.5,0.75,1.5,0.0878,0.1056
1190,Ts,Jc,0.7042,0.7822,0.6667,0.75,0,0,0.0833,0.25,0.25,0,0.0,0.4,0.2125,0,1.0,0.9167,0.4167,0.0833,0.6667,0.3333,1.0,0.0,0.25,0.25,0.25,0.25,0,0,0,1.0,0.3333,0.5,0.75,1.5,-0.066,-0.0538
1191,Ts,Jd,0.6749,0.7997,0.6667,0.75,0,0,0.0833,0.25,0.25,0,0.0,0.4,0.2125,0,1.0,0.9167,0.4167,0.0833,0.6667,0.3333,1.0,0.0,0.25,0.25,0.25,0.25,0,0,0,1.0,0.3333,0.5,0.75,1.5,-0.0633,-0.055
1192,Ts,Jh,0.6114,0.7958,0.6667,0.75,0,0,0.0833,0.25,0.25,0,0.0,0.4,0.2125,0,1.0,0.9167,0.4167,0.0833,0.6667,0.3333,1.0,0.0,0.25,0.25,0.25,0.25,0,0,0,1.0,0.3333,0.5,0.75,1.5,-0.0573,-0.0547
1193,Ts,Js,0.8007,0.6318,0.6667,0.75,0,1,0.0833,0.25,0.25,0,0.0,0.6,0.2125,0,1.0,0.9167,0.4167,0.0833,0.6667,0.3333,1.0,0.0,0.25,0.25,0.25,0.25,0,0,0,1.0,0.3333,0.5,0.75,1.5,-0.0751,-0.0434
1194,Ts,Qc,0.8499,0.7458,0.6667,0.8333,0,0,0.1667,0.25,0.25,0,0.0,0.4,0.225,0,1.0,0.9167,0.4167,0.0833,0.6667,0.3333,1.0,0.0,0.25,0.25,0.25,0.25,0,0,0,1.0,0.3333,0.5,0.75,1.5,-0.0744,-0.0466
1195,Ts,Qd,0.6985,0.7709,0.6667,0.8333,0,0,0.1667,0.25,0.25,0,0.0,0.4,0.225,0,1.0,0.9167,0.4167,0.0833,0.6667,0.3333,1.0,0.0,0.25,0.25,0.25,0.25,0,0,0,1.0,0.3333,0.5,0.75,1.5,-0.0611,-0.0482
1196,Ts,Qh,0.6909,0.833,0.6667,0.8333,0,0,0.1667,0.25,0.25,0,0.0,0.4,0.225,0,1.0,0.9167,0.4167,0.0833,0.6667,0.3333,1.0,0.0,0.25,0.25,0.25,0.25,0,0,0,1.0,0.3333,0.5,0.75,1.5,-0.0605,-0.0521
1197,Ts,Qs,0.7604,0.8051,0.6667,0.8333,0,1,0.1667,0.25,0.25,0,0.0,0.6,0.225,0,1.0,0.9167,0.4167,0.0833,0.6667,0.3333,1.0,0.0,0.25,0.25,0.25,0.25,0,0,0,1.0,0.3333,0.5,0.75,1.5,-0.0665,-0.0503
1198,Ts,Kc,0.7678,0.7984,0.6667,0.9167,0,0,0.25,0.25,0.25,1,0.0,0.4,0.5708,0,1.0,0.9167,0.4167,0.0833,0.6667,0.3333,1.0,0.0,0.25,0.25,0.25,0.25,0,0,0,1.0,0.3333,0.5,0.75,1.5,0.0656,0.0882
1199,Ts,Kd,0.0,0.0,0.6667,0.9167,0,0,0.25,0.25,0.25,1,0.0,0.4,0.0,1,1.0,0.9167,0.4167,0.0833,0.6667,0.3333,1.0,0.0,0.25,0.25,0.25,0.25,0,0,0,1.0,0.3333,0.5,0.75,1.5,0.0,0.0
1200,Ts,Kh,0.7635,0.744,0.6667,0.9167,0,0,0.25,0.25,0.25,1,0.0,0.4,0.5708,0,1.0,0.9167,0.4167,0.0833,0.6667,0.3333,1.0,0.0,0.25,0.25,0.25,0.25,0,0,0,1.0,0.3333,0.5,0.75,1.5,0.0652,0.0821
1201,Ts,Ks,0.7942,0.7911,0.6667,0.9167,0,1,0.25,0.25,0.25,1,0.0,0.6,0.5708,0,1.0,0.9167,0.4167,0.0833,0.6667,0.3333,1.0,0.0,0.25,0.25,0.25,0.25,0,0,0,1.0,0.3333,0.5,0.75,1.5,0.0678,0.0874
1202,Ts,Ac,0.7531,0.9296,0.6667,1.0,0,0,0.3333,0.25,0.25,1,0.0,0.4,0.6,0,1.0,0.9167,0.4167,0.0833,0.6667,0.3333,1.0,0.0,0.25,0.25,0.25,0.25,0,0,0,1.0,0.3333,0.5,0.75,1.5,0.0753,0.1162
1203,Ts,Ad,0.8272,0.9013,0.6667,1.0,0,0,0.3333,0.25,0.25,1,0.0,0.4,0.6,0,1.0,0.9167,0.4167,0.0833,0.6667,0.3333,1.0,0.0,0.25,0.25,0.25,0.25,0,0,0,1.0,0.3333,0.5,0.75,1.5,0.0827,0.1127
1204,Ts,Ah,0.0,0.0,0.6667,1.0,0,0,0.3333,0.25,0.25,1,0.0,0.4,0.0,1,1.0,0.9167,0.4167,0.0833,0.6667,0.3333,1.0,0.0,0.25,0.25,0.25,0.25,0,0,0,1.0,0.3333,0.5,0.75,1.5,0.0,0.0
1205,Ts,As,0.9162,0.8075,0.6667,1.0,0,1,0.3333,0.25,0.25,1,0.0,0.6,0.6,0,1.0,0.9167,0.4167,0.0833,0.6667,0.3333,1.0,0.0,0.25,0.25,0.25,0.25,0,0,0,1.0,0.3333,0.5,0.75,1.5,0.0916,0.1009
1206,Jc,Jd,0.7328,0.7625,0.75,0.75,1,0,0.0,0.25,0.25,0,0.0,0.4,0.65,0,1.0,0.9167,0.4167,0.0833,0.6667,0.3333,1.0,0.0,0.25,0.25,0.25,0.25,0,0,0,1.0,0.3333,0.5,0.75,1.5,0.0916,0.1144
1207,Jc,Jh,0.6943,0.6792,0.75,0.75,1,0,0.0,0.25,0.25,0,0.0,0.4,0.65,0,1.0,0.9167,0.4167,0.0833,0.6667,0.3333,1.0,0.0,0.25,0.25,0.25,0.25,0,0,0,1.0,0.3333,0.5,0.75,1.5,0.0868,0.1019
1208,Jc,Js,0.7022,0.837,0.75,0.75,1,0,0.0,0.25,0.25,0,0.0,0.4,0.65,0,1.0,0.9167,0.4167,0.0833,0.6667,0.3333,1.0,0.0,0.25,0.25,0.25,0.25,0,0,0,1.0,0.3333,0.5,0.75,1.5,0.0878,0.1255
1209,Jc,Qc,0.8075,0.7752,0.75,0.8333,0,1,0.0833,0.25,0.25,0,0.0,0.6,0.2375,0,1.0,0.9167,0.4167,0.0833,0.6667,0.3333,1.0,0.0,0.25,0.25,0.25,0.25,0,0,0,1.0,0.3333,0.5,0.75,1.5,-0.0656,-0.0436
1210,Jc,Qd,0.7221,0.7576,0.75,0.8333,0,0,0.0833,0.25,0.25,0,0.0,0.4,0.2375,0,1.0,0.9167,0.4167,0.0833,0.6667,0.3333,1.0,0.0,0.25,0.25,0.25,0.25,0,0,0,1.0,0.3333,0.5,0.75,1.5,-0.0587,-0.0426
1211,Jc,Qh,0.7676,0.8583,0.75,0.8333,0,0,0.0833,0.25,0.25,0,0.0,0.4,0.2375,0,1.0,0.9167,0.4167,0.0833,0.6667,0.3333,1.0,0.0,0.25,0.25,0.25,0.25,0,0,0,1.0,0.3333,0.5,0.75,1.5,-0.0624,-0.0483
1212,Jc,Qs,0.7915,0.8226,0.75,0.8333,0,0,0.0833,0.25,0.25,0,0.0,0.4,0.2375,0,1.0,0.9167,0.4167,0.0833,0.6667,0.3333,1.0,0.0,0.25,0.25,0.25,0.25,0,0,0,1.0,0.3333,0.5,0.75,1.5,-0.0643,-0.0463
1213,Jc,Kc,0.8703,0.7848,0.75,0.9167,0,1,0.1667,0.25,0.25,1,0.0,0.6,0.5833,0,1.0,0.9167,0.4167,0.0833,0.6667,0.3333,1.0,0.0,0.25,0.25,0.25,0.25,0,0,0,1.0,0.3333,0.5,0.75,1.5,0.0798,0.0916
1214,Jc,Kd,0.0,0.0,0.75,0.9167,0,0,0.1667,0.25,0.25,1,0.0,0.4,0.0,1,1.0,0.9167,0.4167,0.0833,0.6667,0.3333,1.0,0.0,0.25,0.25,0.25,0.25,0,0,0,1.0,0.3333,0.5,0.75,1.5,0.0,0.0
1215,Jc,Kh,0.8977,0.9266,0.75,0.9167,0,0,0.1667,0.25,0.25,1,0.0,0.4,0.5833,0,1.0,0.9167,0.4167,0.0833,0.6667,0.3333,1.0,0.0,0.25,0.25,0.25,0.25,0,0,0,1.0,0.3333,0.5,0.75,1.5,0.0823,0.1081
1216,Jc,Ks,0.8617,0.8315,0.75,0.9167,0,0,0.1667,0.25,0.25,1,0.0,0.4,0.5833,0,1.0,0.9167,0.4167,0.0833,0.6667,0.3333,1.0,0.0,0.25,0.25,0.25,0.25,0,0,0,1.0,0.3333,0.5,0.75,1.5,0.079,0.097
1217,Jc,Ac,0.8086,0.934,0.75,1.0,0,1,0.25,0.25,0.25,1,0.0,0.6,0.6125,0,1.0,0.9167,0.4167,0.0833,0.6667,0.3333,1.0,0.0,0.25,0.25,0.25,0.25,0,0,0,1.0,0.3333,0.5,0.75,1.5,0.0859,0.1226
1218,Jc,Ad,0.8089,0.9191,0.75,1.0,0,0,0.25,0.25,0.25,1,0.0,0.4,0.6125,0,1.0,0.9167,0.4167,0.0833,0.6667,0.3333,1.0,0.0,0.25,0.25,0.25,0.25,0,0,0,1.0,0.3333,0.5,0.75,1.5,0.0859,0.1206
1219,Jc,Ah,0.0,0.0,0.75,1.0,0,0,0.25,0.25,0.25,1,0.0,0.4,0.0,1,1.0,0.9167,0.4167,0.0833,0.6667,0.3333,1.0,0.0,0.25,0.25,0.25,0.25,0,0,0,1.0,0.3333,0.5,0.75,1.5,0.0,0.0
1220,Jc,As,0.8727,0.9584,0.75,1.0,0,0,0.25,0.25,0.25,1,0.0,0.4,0.6125,0,1.0,0.9167,0.4167,0.0833,0.6667,0.3333,1.0,0.0,0.25,0.25,0.25,0.25,0,0,0,1.0,0.3333,0.5,0.75,1.5,0.0927,0.1258
1221,Jd,Jh,0.7584,0.7784,0.75,0.75,1,0,0.0,0.25,0.25,0,0.0,0.4,0.65,0,1.0,0.9167,0.4167,0.0833,0.6667,0.3333,1.0,0.0,0.25,0.25,0.25,0.25,0,0,0,1.0,0.3333,0.5,0.75,1.5,0.0948,0.1168
1222,Jd,Js,0.6617,0.6568,0.75,0.75,1,0,0.0,0.25,0.25,0,0.0,0.4,0.65,0,1.0,0.9167,0.4167,0.0833,0.6667,0.3333,1.0,0.0,0.25,0.25,0.25,0.25,0,0,0,1.0,0.3333,0.5,0.75,1.5,0.0827,0.0985
1223,Jd,Qc,0.861,0.8807,0.75,0.8333,0,0,0.0833,0.25,0.25,0,0.0,0.4,0.2375,0,1.0,0.9167,0.4167,0.0833,0.6667,0.3333,1.0,0.0,0.25,0.25,0.25,0.25,0,0,0,1.0,0.3333,0.5,0.75,1.5,-0.07,-0.0495
1224,Jd,Qd,0.8253,0.8445,0.75,0.8333,0,1,0.0833,0.25,0.25,0,0.0,0.6,0.2375,0,1.0,0.9167,0.4167,0.0833,0.6667,0.3333,1.0,0.0,0.25,0.25,0.25,0.25,0,0,0,1.0,0.3333,0.5,0.75,1.5,-0.0671,-0.0475
1225,Jd,Qh,0.7741,0.8602,0.75,0.8333,0,0,0.0833,0.25,0.25,0,0.0,0.4,0.2375,0,1.0,0.9167,0.4167,0.0833,0.6667,0.3333,1.0,0.0,0.25,0.25,0.25,0.25,0,0,0,1.0,0.3333,0.5,0.75,1.5,-0.0629,-0.0484
1226,Jd,Qs,0.738,0.8331,0.75,0.8333,0,0,0.0833,0.25,0.25,0,0.0,0.4,0.2375,0,1.0,0.9167,0.4167,0.0833,0.6667,0.3333,1.0,0.0,0.25,0.25,0.25,0.25,0,0,0,1.0,0.3333,0.5,0.75,1.5,-0.06,-0.0469
1227,Jd,Kc,0.7352,0.8345,0.75,0.9167,0,0,0.1667,0.25,0.25,1,0.0,0.4,0.5833,0,1.0,0.9167,0.4167,0.0833,0.6667,0.3333,1.0,0.0,0.25,0.25,0.25,0.25,0,0,0,1.0,0.3333,0.5,0.75,1.5,0.0674,0.0974
1228,Jd,Kd,0.0,0.0,0.75,0.9167,0,1,0.1667,0.25,0.25,1,0.0,0.6,0.0,1,1.0,0.9167,0.4167,0.0833,0.6667,0.3333,1.0,0.0,0.25,0.25,0.25,0.25,0,0,0,1.0,0.3333,0.5,0.75,1.5,0.0,0.0
1229,Jd,Kh,0.808,0.8569,0.75,0.9167,0,0,0.1667,0.25,0.25,1,0.0,0.4,0.5833,0,1.0,0.9167,0.4167,0.0833,0.6667,0.3333,1.0,0.0,0.25,0.25,0.25,0.25,0,0,0,1.0,0.3333,0.5,0.75,1.5,0.0741,0.1
1230,Jd,Ks,0.8667,0.8566,0.75,0.9167,0,0,0.1667,0.25,0.25,1,0.0,0.4,0.5833,0,1.0,0.9167,0.4167,0.0833,0.6667,0.3333,1.0,0.0,0.25,0.25,0.25,0.25,0,0,0,1.0,0.3333,0.5,0.75,1.5,0.0794,0.0999
1231,Jd,Ac,0.8716,0.8726,0.75,1.0,0,0,0.25,0.25,0.25,1,0.0,0.4,0.6125,0,1.0,0.9167,0.4167,0.0833,0.6667,0.3333,1.0,0.0,0.25,0.25,0.25,0.25,0,0,0,1.0,0.3333,0.5,0.75,1.5,0.0926,0.1145
1232,Jd,Ad,0.7763,0.8853,0.75,1.0,0,1,0.25,0.25,0.25,1,0.0,0.6,0.6125,0,1.0,0.9167,0.4167,0.0833,0.6667,0.3333,1.0,0.0,0.25,0.25,0.25,0.25,0,0,0,1.0,0.3333,0.5,0.75,1.5,0.0825,0.1162
1233,Jd,Ah,0.0,0.0,0.75,1.0,0,0,0.25,0.25,0.25,1,0.0,0.4,0.0,1,1.0,0.9167,0.4167,0.0833,0.6667,0.3333,1.0,0.0,0.25,0.25,0.25,0.25,0,0,0,1.0,0.3333,0.5,0.75,1.5,0.0,0.0
1234,Jd,As,0.7774,0.8809,0.75,1.0,0,0,0.25,0.25,0.25,1,0.0,0.4,0.6125,0,1.0,0.9167,0.4167,0.0833,0.6667,0.3333,1.0,0.0,0.25,0.25,0.25,0.25,0,0,0,1.0,0.3333,0.5,0.75,1.5,0.0826,0.1156
1235,Jh,Js,0.7049,0.8455,0.75,0.75,1,0,0.0,0.25,0.25,0,0.0,0.4,0.65,0,1.0,0.9167,0.4167,0.0833,0.6667,0.3333,1.0,0.0,0.25,0.25,0.25,0.25,0,0,0,1.0,0.3333,0.5,0.75,1.5,0.0881,0.1268
1236,Jh,Qc,0.6951,0.8543,0.75,0.8333,0,0,0.0833,0.25,0.25,0,0.0,0.4,0.2375,0,1.0,0.9167,0.4167,0.0833,0.6667,0.3333,1.0,0.0,0.25,0.25,0.25,0.25,0,0,0,1.0,0.3333,0.5,0.75,1.5,-0.0565,-0.0481
1237,Jh,Qd,0.8265,0.8529,0.75,0.8333,0,0,0.0833,0.25,0.25,0,0.0,0.4,0.2375,0,1.0,0.9167,0.4167,0.0833,0.6667,0.3333,1.0,0.0,0.25,0.25,0.25,0.25,0,0,0,1.0,0.3333,0.5,0.75,1.5,-0.0672,-0.048
1238,Jh,Qh,0.8736,0.7131,0.75,0.8333,0,1,0.0833,0.25,0.25,0,0.0,0.6,0.2375,0,1.0,0.9167,0.4167,0.0833,0.6667,0.3333,1.0,0.0,0.25,0.25,0.25,0.25,0,0,0,1.0,0.3333,0.5,0.75,1.5,-0.071,-0.0401
1239,Jh,Qs,0.7109,0.7214,0.75,0.8333,0,0,0.0833,0.25,0.25,0,0.0,0.4,0.2375,0,1.0,0.9167,0.4167,0.0833,0.6667,0.3333,1.0,0.0,0.25,0.25,0.25,0.25,0,0,0,1.0,0.3333,0.5,0.75,1.5,-0.0578,-0.0406
1240,Jh,Kc,0.7717,0.8386,0.75,0.9167,0,0,0.1667,0.25,0.25,1,0.0,0.4,0.5833,0,1.0,0.9167,0.4167,0.0833,0.6667,0.3333,1.0,0.0,0.25,0.25,0.25,0.25,0,0,0,1.0,0.3333,0.5,0.75,1.5,0.0707,0.0978
1241,Jh,Kd,0.0,0.0,0.75,0.9167,0,0,0.1667,0.25,0.25,1,0.0,0.4,0.0,1,1.0,0.9167,0.4167,0.0833,0.6667,0.3333,1.0,0.0,0.25,0.25,0.25,0.25,0,0,0,1.0,0.3333,0.5,0.75,1.5,0.0,0.0
1242,Jh,Kh,0.8964,0.7868,0.75,0.9167,0,1,0.1667,0.25,0.25,1,0.0,0.6,0.5833,0,1.0,0.9167,0.4167,0.0833,0.6667,0.3333,1.0,0.0,0.25,0.25,0.25,0.25,0,0,0,1.0,0.3333,0.5,0.75,1.5,0.0822,0.0918
1243,Jh,Ks,0.8127,0.8079,0.75,0.9167,0,0,0.1667,0.25,0.25,1,0.0,0.4,0.5833,0,1.0,0.9167,0.4167,0.0833,0.6667,0.3333,1.0,0.0,0.25,0.25,0.25,0.25,0,0,0,1.0,0.3333,0.5,0.75,1.5,0.0745,0.0943
1244,Jh,Ac,0.8562,0.888,0.75,1.0,0,0,0.25,0.25,0.25,1,0.0,0.4,0.6125,0,1.0,0.9167,0.4167,0.0833,0.6667,0.3333,1.0,0.0,0.25,0.25,0.25,0.25,0,0,0,1.0,0.3333,0.5,0.75,1.5,0.091,0.1166
1245,Jh,Ad,0.973,0.8202,0.75,1.0,0,0,0.25,0.25,0.25,1,0.0,0.4,0.6125,0,1.0,0.9167,0.4167,0.0833,0.6667,0.3333,1.0,0.0,0.25,0.25,0.25,0.25,0,0,0,1.0,0.3333,0.5,0.75,1.5,0.1034,0.1076
1246,Jh,Ah,0.0,0.0,0.75,1.0,0,1,0.25,0.25,0.25,1,0.0,0.6,0.0,1,1.0,0.9167,0.4167,0.0833,0.6667,0.3333,1.0,0.0,0.25,0.25,0.25,0.25,0,0,0,1.0,0.3333,0.5,0.75,1.5,0.0,0.0
1247,Jh,As,0.9118,0.9446,0.75,1.0,0,0,0.25,0.25,0.25,1,0.0,0.4,0.6125,0,1.0,0.9167,0.4167,0.0833,0.6667,0.3333,1.0,0.0,0.25,0.25,0.25,0.25,0,0,0,1.0,0.3333,0.5,0.75,1.5,0.0969,0.124
1248,Js,Qc,0.8224,0.8633,0.75,0.8333,0,0,0.0833,0.25,0.25,0,0.0,0.4,0.2375,0,1.0,0.9167,0.4167,0.0833,0.6667,0.3333,1.0,0.0,0.25,0.25,0.25,0.25,0,0,0,1.0,0.3333,0.5,0.75,1.5,-0.0668,-0.0486
1249,Js,Qd,0.8436,0.7104,0.75,0.8333,0,0,0.0833,0.25,0.25,0,0.0,0.4,0.2375,0,1.0,0.9167,0.4167,0.0833,0.6667,0.3333,1.0,0.0,0.25,0.25,0.25,0.25,0,0,0,1.0,0.3333,0.5,0.75,1.5,-0.0685,-0.04
1250,Js,Qh,0.7675,0.8022,0.75,0.8333,0,0,0.0833,0.25,0.25,0,0.0,0.4,0.2375,0,1.0,0.9167,0.4167,0.0833,0.6667,0.3333,1.0,0.0,0.25,0.25,0.25,0.25,0,0,0,1.0,0.3333,0.5,0.75,1.5,-0.0624,-0.0451
1251,Js,Qs,0.7029,0.6936,0.75,0.8333,0,1,0.0833,0.25,0.25,0,0.0,0.6,0.2375,0,1.0,0.9167,0.4167,0.0833,0.6667,0.3333,1.0,0.0,0.25,0.25,0.25,0.25,0,0,0,1.0,0.3333,0.5,0.75,1.5,-0.0571,-0.039
1252,Js,Kc,0.7676,0.8333,0.75,0.9167,0,0,0.1667,0.25,0.25,1,0.0,0.4,0.5833,0,1.0,0.9167,0.4167,0.0833,0.6667,0.3333,1.0,0.0,0.25,0.25,0.25,0.25,0,0,0,1.0,0.3333,0.5,0.75,1.5,0.0704,0.0972
1253,Js,Kd,0.0,0.0,0.75,0.9167,0,0,0.1667,0.25,0.25,1,0.0,0.4,0.0,1,1.0,0.9167,0.4167,0.0833,0.6667,0.3333,1.0,0.0,0.25,0.25,0.25,0.25,0,0,0,1.0,0.3333,0.5,0.75,1.5,0.0,0.0
1254,Js,Kh,0.8201,0.8902,0.75,0.9167,0,0,0.1667,0.25,0.25,1,0.0,0.4,0.5833,0,1.0,0.9167,0.4167,0.0833,0.6667,0.3333,1.0,0.0,0.25,0.25,0.25,0.25,0,0,0,1.0,0.3333,0.5,0.75,1.5,0.0752,0.1039
1255,Js,Ks,0.8465,0.9049,0.75,0.9167,0,1,0.1667,0.25,0.25,1,0.0,0.6,0.5833,0,1.0,0.9167,0.4167,0.0833,0.6667,0.3333,1.0,0.0,0.25,0.25,0.25,0.25,0,0,0,1.0,0.3333,0.5,0.75,1.5,0.0776,0.1056
1256,Js,Ac,0.7941,0.8806,0.75,1.0,0,0,0.25,0.25,0.25,1,0.0,0.4,0.6125,0,1.0,0.9167,0.4167,0.0833,0.6667,0.3333,1.0,0.0,0.25,0.25,0.25,0.25,0,0,0,1.0,0.3333,0.5,0.75,1.5,0.0844,0.1156
1257,Js,Ad,0.7835,0.8173,0.75,1.0,0,0,0.25,0.25,0.25,1,0.0,0.4,0.6125,0,1.0,0.9167,0.4167,0.0833,0.6667,0.3333,1.0,0.0,0.25,0.25,0.25,0.25,0,0,0,1.0,0.3333,0.5,0.75,1.5,0.0832,0.1073
1258,Js,Ah,0.0,0.0,0.75,1.0,0,0,0.25,0.25,0.25,1,0.0,0.4,0.0,1,1.0,0.9167,0.4167,0.0833,0.6667,0.3333,1.0,0.0,0.25,0.25,0.25,0.25,0,0,0,1.0,0.3333,0.5,0.75,1.5,0.0,0.0
1259,Js,As,0.9486,0.9525,0.75,1.0,0,1,0.25,0.25,0.25,1,0.0,0.6,0.6125,0,1.0,0.9167,0.4167,0.0833,0.6667,0.3333,1.0,0.0,0.25,0.25,0.25,0.25,0,0,0,1.0,0.3333,0.5,0.75,1.5,0.1008,0.125
1260,Qc,Qd,0.8284,0.7426,0.8333,0.8333,1,0,0.0,0.25,0.25,0,0.0,0.4,0.7,0,1.0,0.9167,0.4167,0.0833,0.6667,0.3333,1.0,0.0,0.25,0.25,0.25,0.25,0,0,0,1.0,0.3333,0.5,0.75,1.5,0.1243,0.13
1261,Qc,Qh,0.7482,0.9185,0.8333,0.8333,1,0,0.0,0.25,0.25,0,0.0,0.4,0.7,0,1.0,0.9167,0.4167,0.0833,0.6667,0.3333,1.0,0.0,0.25,0.25,0.25,0.25,0,0,0,1.0,0.3333,0.5,0.75,1.5,0.1122,0.1607
1262,Qc,Qs,0.9132,0.846,0.8333,0.8333,1,0,0.0,0.25,0.25,0,0.0,0.4,0.7,0,1.0,0.9167,0.4167,0.0833,0.6667,0.3333,1.0,0.0,0.25,0.25,0.25,0.25,0,0,0,1.0,0.3333,0.5,0.75,1.5,0.137,0.1481
1263,Qc,Kc,0.7816,0.9608,0.8333,0.9167,0,1,0.0833,0.25,0.25,1,0.0,0.6,0.5958,0,1.0,0.9167,0.4167,0.0833,0.6667,0.3333,1.0,0.0,0.25,0.25,0.25,0.25,0,0,0,1.0,0.3333,0.5,0.75,1.5,0.0765,0.1181
1264,Qc,Kd,0.0,0.0,0.8333,0.9167,0,0,0.0833,0.25,0.25,1,0.0,0.4,0.0,1,1.0,0.9167,0.4167,0.0833,0.6667,0.3333,1.0,0.0,0.25,0.25,0.25,0.25,0,0,0,1.0,0.3333,0.5,0.75,1.5,0.0,0.0
1265,Qc,Kh,0.8379,0.9673,0.8333,0.9167,0,0,0.0833,0.25,0.25,1,0.0,0.4,0.5958,0,1.0,0.9167,0.4167,0.0833,0.6667,0.3333,1.0,0.0,0.25,0.25,0.25,0.25,0,0,0,1.0,0.3333,0.5,0.75,1.5,0.082,0.1189
1266,Qc,Ks,0.8924,0.9255,0.8333,0.9167,0,0,0.0833,0.25,0.25,1,0.0,0.4,0.5958,0,1.0,0.9167,0.4167,0.0833,0.6667,0.3333,1.0,0.0,0.25,0.25,0.25,0.25,0,0,0,1.0,0.3333,0.5,0.75,1.5,0.0874,0.1138
1267,Qc,Ac,0.9592,0.8963,0.8333,1.0,0,1,0.1667,0.25,0.25,1,0.0,0.6,0.625,0,1.0,0.9167,0.4167,0.0833,0.6667,0.3333,1.0,0.0,0.25,0.25,0.25,0.25,0,0,0,1.0,0.3333,0.5,0.75,1.5,0.1079,0.1232
1268,Qc,Ad,0.8321,0.8492,0.8333,1.0,0,0,0.1667,0.25,0.25,1,0.0,0.4,0.625,0,1.0,0.9167,0.4167,0.0833,0.6667,0.3333,1.0,0.0,0.25,0.25,0.25,0.25,0,0,0,1.0,0.3333,0.5,0.75,1.5,0.0936,0.1168
1269,Qc,Ah,0.0,0.0,0.8333,1.0,0,0,0.1667,0.25,0.25,1,0.0,0.4,0.0,1,1.0,0.9167,0.4167,0.0833,0.6667,0.3333,1.0,0.0,0.25,0.25,0.25,0.25,0,0,0,1.0,0.3333,0.5,0.75,1.5,0.0,0.0
1270,Qc,As,0.8648,0.9836,0.8333,1.0,0,0,0.1667,0.25,0.25,1,0.0,0.4,0.625,0,1.0,0.9167,0.4167,0.0833,0.6667,0.3333,1.0,0.0,0.25,0.25,0.25,0.25,0,0,0,1.0,0.3333,0.5,0.75,1.5,0.0973,0.1352
1271,Qd,Qh,0.8112,0.9126,0.8333,0.8333,1,0,0.0,0.25,0.25,0,0.0,0.4,0.7,0,1.0,0.9167,0.4167,0.0833,0.6667,0.3333,1.0,0.0,0.25,0.25,0.25,0.25,0,0,0,1.0,0.3333,0.5,0.75,1.5,0.1217,0.1597
1272,Qd,Qs,0.7997,0.8845,0.8333,0.8333,1,0,0.0,0.25,0.25,0,0.0,0.4,0.7,0,1.0,0.9167,0.4167,0.0833,0.6667,0.3333,1.0,0.0,0.25,0.25,0.25,0.25,0,0,0,1.0,0.3333,0.5,0.75,1.5,0.12,0.1548
1273,Qd,Kc,0.803,0.9727,0.8333,0.9167,0,0,0.0833,0.25,0.25,1,0.0,0.4,0.5958,0,1.0,0.9167,0.4167,0.0833,0.6667,0.3333,1.0,0.0,0.25,0.25,0.25,0.25,0,0,0,1.0,0.3333,0.5,0.75,1.5,0.0786,0.1196
1274,Qd,Kd,0.0,0.0,0.8333,0.9167,0,1,0.0833,0.25,0.25,1,0.0,0.6,0.0,1,1.0,0.9167,0.4167,0.0833,0.6667,0.3333,1.0,0.0,0.25,0.25,0.25,0.25,0,0,0,1.0,0.3333,0.5,0.75,1.5,0.0,0.0
1275,Qd,Kh,0.9198,0.8752,0.8333,0.9167,0,0,0.0833,0.25,0.25,1,0.0,0.4,0.5958,0,1.0,0.9167,0.4167,0.0833,0.6667,0.3333,1.0,0.0,0.25,0.25,0.25,0.25,0,0,0,1.0,0.3333,0.5,0.75,1.5,0.0901,0.1076
1276,Qd,Ks,0.9699,0.7857,0.8333,0.9167,0,0,0.0833,0.25,0.25,1,0.0,0.4,0.5958,0,1.0,0.9167,0.4167,0.0833,0.6667,0.3333,1.0,0.0,0.25,0.25,0.25,0.25,0,0,0,1.0,0.3333,0.5,0.75,1.5,0.095,0.0966
1277,Qd,Ac,0.9041,0.9844,0.8333,1.0,0,0,0.1667,0.25,0.25,1,0.0,0.4,0.625,0,1.0,0.9167,0.4167,0.0833,0.6667,0.3333,1.0,0.0,0.25,0.25,0.25,0.25,0,0,0,1.0,0.3333,0.5,0.75,1.5,0.1017,0.1354
1278,Qd,Ad,0.8848,0.9705,0.8333,1.0,0,1,0.1667,0.25,0.25,1,0.0,0.6,0.625,0,1.0,0.9167,0.4167,0.0833,0.6667,0.3333,1.0,0.0,0.25,0.25,0.25,0.25,0,0,0,1.0,0.3333,0.5,0.75,1.5,0.0995,0.1334
1279,Qd,Ah,0.0,0.0,0.8333,1.0,0,0,0.1667,0.25,0.25,1,0.0,0.4,0.0,1,1.0,0.9167,0.4167,0.0833,0.6667,0.3333,1.0,0.0,0.25,0.25,0.25,0.25,0,0,0,1.0,0.3333,0.5,0.75,1.5,0.0,0.0
1280,Qd,As,1.0,0.896,0.8333,1.0,0,0,0.1667,0.25,0.25,1,0.0,0.4,0.625,0,1.0,0.9167,0.4167,0.0833,0.6667,0.3333,1.0,0.0,0.25,0.25,0.25,0.25,0,0,0,1.0,0.3333,0.5,0.75,1.5,0.1125,0.1232
1281,Qh,Qs,0.888,0.7393,0.8333,0.8333,1,0,0.0,0.25,0.25,0,0.0,0.4,0.7,0,1.0,0.9167,0.4167,0.0833,0.6667,0.3333,1.0,0.0,0.25,0.25,0.25,0.25,0,0,0,1.0,0.3333,0.5,0.75,1.5,0.1332,0.1294
1282,Qh,Kc,0.8297,0.9735,0.8333,0.9167,0,0,0.0833,0.25,0.25,1,0.0,0.4,0.5958,0,1.0,0.9167,0.4167,0.0833,0.6667,0.3333,1.0,0.0,0.25,0.25,0.25,0.25,0,0,0,1.0,0.3333,0.5,0.75,1.5,0.0812,0.1197
1283,Qh,Kd,0.0,0.0,0.8333,0.9167,0,0,0.0833,0.25,0.25,1,0.0,0.4,0.0,1,1.0,0.9167,0.4167,0.0833,0.6667,0.3333,1.0,0.0,0.25,0.25,0.25,0.25,0,0,0,1.0,0.3333,0.5,0.75,1.5,0.0,0.0
1284,Qh,Kh,0.8731,0.8462,0.8333,0.9167,0,1,0.0833,0.25,0.25,1,0.0,0.6,0.5958,0,1.0,0.9167,0.4167,0.0833,0.6667,0.3333,1.0,0.0,0.25,0.25,0.25,0.25,0,0,0,1.0,0.3333,0.5,0.75,1.5,0.0855,0.104
1285,Qh,Ks,0.9632,0.8614,0.8333,0.9167,0,0,0.0833,0.25,0.25,1,0.0,0.4,0.5958,0,1.0,0.9167,0.4167,0.0833,0.6667,0.3333,1.0,0.0,0.25,0.25,0.25,0.25,0,0,0,1.0,0.3333,0.5,0.75,1.5,0.0943,0.1059
1286,Qh,Ac,0.9526,0.9488,0.8333,1.0,0,0,0.1667,0.25,0.25,1,0.0,0.4,0.625,0,1.0,0.9167,0.4167,0.0833,0.6667,0.3333,1.0,0.0,0.25,0.25,0.25,0.25,0,0,0,1.0,0.3333,0.5,0.75,1.5,0.1072,0.1305
1287,Qh,Ad,0.8338,0.9404,0.8333,1.0,0,0,0.1667,0.25,0.25,1,0.0,0.4,0.625,0,1.0,0.9167,0.4167,0.0833,0.6667,0.3333,1.0,0.0,0.25,0.25,0.25,0.25,0,0,0,1.0,0.3333,0.5,0.75,1.5,0.0938,0.1293
1288,Qh,Ah,0.0,0.0,0.8333,1.0,0,1,0.1667,0.25,0.25,1,0.0,0.6,0.0,1,1.0,0.9167,0.4167,0.0833,0.6667,0.3333,1.0,0.0,0.25,0.25,0.25,0.25,0,0,0,1.0,0.3333,0.5,0.75,1.5,0.0,0.0
1289,Qh,As,0.9763,0.9593,0.8333,1.0,0,0,0.1667,0.25,0.25,1,0.0,0.4,0.625,0,1.0,0.9167,0.4167,0.0833,0.6667,0.3333,1.0,0.0,0.25,0.25,0.25,0.25,0,0,0,1.0,0.3333,0.5,0.75,1.5,0.1098,0.1319
1290,Qs,Kc,0.7914,0.8058,0.8333,0.9167,0,0,0.0833,0.25,0.25,1,0.0,0.4,0.5958,0,1.0,0.9167,0.4167,0.0833,0.6667,0.3333,1.0,0.0,0.25,0.25,0.25,0.25,0,0,0,1.0,0.3333,0.5,0.75,1.5,0.0775,0.0991
1291,Qs,Kd,0.0,0.0,0.8333,0.9167,0,0,0.0833,0.25,0.25,1,0.0,0.4,0.0,1,1.0,0.9167,0.4167,0.0833,0.6667,0.3333,1.0,0.0,0.25,0.25,0.25,0.25,0,0,0,1.0,0.3333,0.5,0.75,1.5,0.0,0.0
1292,Qs,Kh,0.9173,0.9018,0.8333,0.9167,0,0,0.0833,0.25,0.25,1,0.0,0.4,0.5958,0,1.0,0.9167,0.4167,0.0833,0.6667,0.3333,1.0,0.0,0.25,0.25,0.25,0.25,0,0,0,1.0,0.3333,0.5,0.75,1.5,0.0898,0.1108
1293,Qs,Ks,0.9229,0.8383,0.8333,0.9167,0,1,0.0833,0.25,0.25,1,0.0,0.6,0.5958,0,1.0,0.9167,0.4167,0.0833,0.6667,0.3333,1.0,0.0,0.25,0.25,0.25,0.25,0,0,0,1.0,0.3333,0.5,0.75,1.5,0.0904,0.103
1294,Qs,Ac,0.838,0.8177,0.8333,1.0,0,0,0.1667,0.25,0.25,1,0.0,0.4,0.625,0,1.0,0.9167,0.4167,0.0833,0.6667,0.3333,1.0,0.0,0.25,0.25,0.25,0.25,0,0,0,1.0,0.3333,0.5,0.75,1.5,0.0943,0.1124
1295,Qs,Ad,0.8783,0.8887,0.8333,1.0,0,0,0.1667,0.25,0.25,1,0.0,0.4,0.625,0,1.0,0.9167,0.4167,0.0833,0.6667,0.3333,1.0,0.0,0.25,0.25,0.25,0.25,0,0,0,1.0,0.3333,0.5,0.75,1.5,0.0988,0.1222
1296,Qs,Ah,0.0,0.0,0.8333,1.0,0,0,0.1667,0.25,0.25,1,0.0,0.4,0.0,1,1.0,0.9167,0.4167,0.0833,0.6667,0.3333,1.0,0.0,0.25,0.25,0.25,0.25,0,0,0,1.0,0.3333,0.5,0.75,1.5,0.0,0.0
1297,Qs,As,0.8706,0.8432,0.8333,1.0,0,1,0.1667,0.25,0.25,1,0.0,0.6,0.625,0,1.0,0.9167,0.4167,0.0833,0.6667,0.3333,1.0,0.0,0.25,0.25,0.25,0.25,0,0,0,1.0,0.3333,0.5,0.75,1.5,0.0979,0.1159
1298,Kc,Kd,0.0,0.0,0.9167,0.9167,1,0,0.0,0.25,0.25,1,0.0,0.4,0.0,1,1.0,0.9167,0.4167,0.0833,0.6667,0.3333,1.0,0.0,0.25,0.25,0.25,0.25,0,0,0,1.0,0.3333,0.5,0.75,1.5,0.0,0.0
1299,Kc,Kh,0.8541,0.9064,0.9167,0.9167,1,0,0.0,0.25,0.25,1,0.0,0.4,1.0,0,1.0,0.9167,0.4167,0.0833,0.6667,0.3333,1.0,0.0,0.25,0.25,0.25,0.25,0,0,0,1.0,0.3333,0.5,0.75,1.5,0.2562,0.2946
1300,Kc,Ks,0.9276,0.8983,0.9167,0.9167,1,0,0.0,0.25,0.25,1,0.0,0.4,1.0,0,1.0,0.9167,0.4167,0.0833,0.6667,0.3333,1.0,0.0,0.25,0.25,0.25,0.25,0,0,0,1.0,0.3333,0.5,0.75,1.5,0.2783,0.2919
1301,Kc,Ac,0.8636,0.9291,0.9167,1.0,0,1,0.0833,0.25,0.25,1,0.0,0.6,1.0,0,1.0,0.9167,0.4167,0.0833,0.6667,0.3333,1.0,0.0,0.25,0.25,0.25,0.25,0,0,0,1.0,0.3333,0.5,0.75,1.5,0.2591,0.302
1302,Kc,Ad,0.8769,0.9779,0.9167,1.0,0,0,0.0833,0.25,0.25,1,0.0,0.4,1.0,0,1.0,0.9167,0.4167,0.0833,0.6667,0.3333,1.0,0.0,0.25,0.25,0.25,0.25,0,0,0,1.0,0.3333,0.5,0.75,1.5,0.2631,0.3178
1303,Kc,Ah,0.0,0.0,0.9167,1.0,0,0,0.0833,0.25,0.25,1,0.0,0.4,0.0,1,1.0,0.9167,0.4167,0.0833,0.6667,0.3333,1.0,0.0,0.25,0.25,0.25,0.25,0,0,0,1.0,0.3333,0.5,0.75,1.5,0.0,0.0
1304,Kc,As,0.9232,0.9354,0.9167,1.0,0,0,0.0833,0.25,0.25,1,0.0,0.4,1.0,0,1.0,0.9167,0.4167,0.0833,0.6667,0.3333,1.0,0.0,0.25,0.25,0.25,0.25,0,0,0,1.0,0.3333,0.5,0.75,1.5,0.277,0.304
1305,Kd,Kh,0.0,0.0,0.9167,0.9167,1,0,0.0,0.25,0.25,1,0.0,0.4,0.0,1,1.0,0.9167,0.4167,0.0833,0.6667,0.3333,1.0,0.0,0.25,0.25,0.25,0.25,0,0,0,1.0,0.3333,0.5,0.75,1.5,0.0,0.0
1306,Kd,Ks,0.0,0.0,0.9167,0.9167,1,0,0.0,0.25,0.25,1,0.0,0.4,0.0,1,1.0,0.9167,0.4167,0.0833,0.6667,0.3333,1.0,0.0,0.25,0.25,0.25,0.25,0,0,0,1.0,0.3333,0.5,0.75,1.5,0.0,0.0
1307,Kd,Ac,0.0,0.0,0.9167,1.0,0,0,0.0833,0.25,0.25,1,0.0,0.4,0.0,1,1.0,0.9167,0.4167,0.0833,0.6667,0.3333,1.0,0.0,0.25,0.25,0.25,0.25,0,0,0,1.0,0.3333,0.5,0.75,1.5,0.0,0.0
1308,Kd,Ad,0.0,0.0,0.9167,1.0,0,1,0.0833,0.25,0.25,1,0.0,0.6,0.0,1,1.0,0.9167,0.4167,0.0833,0.6667,0.3333,1.0,0.0,0.25,0.25,0.25,0.25,0,0,0,1.0,0.3333,0.5,0.75,1.5,0.0,0.0
1309,Kd,Ah,0.0,0.0,0.9167,1.0,0,0,0.0833,0.25,0.25,1,0.0,0.4,0.0,1,1.0,0.9167,0.4167,0.0833,0.6667,0.3333,1.0,0.0,0.25,0.25,0.25,0.25,0,0,0,1.0,0.3333,0.5,0.75,1.5,0.0,0.0
1310,Kd,As,0.0,0.0,0.9167,1.0,0,0,0.0833,0.25,0.25,1,0.0,0.4,0.0,1,1.0,0.9167,0.4167,0.0833,0.6667,0.3333,1.0,0.0,0.25,0.25,0.25,0.25,0,0,0,1.0,0.3333,0.5,0.75,1.5,0.0,0.0
1311,Kh,Ks,0.875,0.8942,0.9167,0.9167,1,0,0.0,0.25,0.25,1,0.0,0.4,1.0,0,1.0,0.9167,0.4167,0.0833,0.6667,0.3333,1.0,0.0,0.25,0.25,0.25,0.25,0,0,0,1.0,0.3333,0.5,0.75,1.5,0.2625,0.2906
1312,Kh,Ac,0.8753,1.0,0.9167,1.0,0,0,0.0833,0.25,0.25,1,0.0,0.4,1.0,0,1.0,0.9167,0.4167,0.0833,0.6667,0.3333,1.0,0.0,0.25,0.25,0.25,0.25,0,0,0,1.0,0.3333,0.5,0.75,1.5,0.2626,0.325
1313,Kh,Ad,1.0,1.0,0.9167,1.0,0,0,0.0833,0.25,0.25,1,0.0,0.4,1.0,0,1.0,0.9167,0.4167,0.0833,0.6667,0.3333,1.0,0.0,0.25,0.25,0.25,0.25,0,0,0,1.0,0.3333,0.5,0.75,1.5,0.3,0.325
1314,Kh,Ah,0.0,0.0,0.9167,1.0,0,1,0.0833,0.25,0.25,1,0.0,0.6,0.0,1,1.0,0.9167,0.4167,0.0833,0.6667,0.3333,1.0,0.0,0.25,0.25,0.25,0.25,0,0,0,1.0,0.3333,0.5,0.75,1.5,0.0,0.0
1315,Kh,As,0.9727,0.8922,0.9167,1.0,0,0,0.0833,0.25,0.25,1,0.0,0.4,1.0,0,1.0,0.9167,0.4167,0.0833,0.6667,0.3333,1.0,0.0,0.25,0.25,0.25,0.25,0,0,0,1.0,0.3333,0.5,0.75,1.5,0.2918,0.29
1316,Ks,Ac,0.9345,0.8861,0.9167,1.0,0,0,0.0833,0.25,0.25,1,0.0,0.4,1.0,0,1.0,0.9167,0.4167,0.0833,0.6667,0.3333,1.0,0.0,0.25,0.25,0.25,0.25,0,0,0,1.0,0.3333,0.5,0.75,1.5,0.2803,0.288
1317,Ks,Ad,0.9186,0.957,0.9167,1.0,0,0,0.0833,0.25,0.25,1,0.0,0.4,1.0,0,1.0,0.9167,0.4167,0.0833,0.6667,0.3333,1.0,0.0,0.25,0.25,0.25,0.25,0,0,0,1.0,0.3333,0.5,0.75,1.5,0.2756,0.311
1318,Ks,Ah,0.0,0.0,0.9167,1.0,0,0,0.0833,0.25,0.25,1,0.0,0.4,0.0,1,1.0,0.9167,0.4167,0.0833,0.6667,0.3333,1.0,0.0,0.25,0.25,0.25,0.25,0,0,0,1.0,0.3333,0.5,0.75,1.5,0.0,0.0
1319,Ks,As,0.871,0.9453,0.9167,1.0,0,1,0.0833,0.25,0.25,1,0.0,0.6,1.0,0,1.0,0.9167,0.4167,0.0833,0.6667,0.3333,1.0,0.0,0.25,0.25,0.25,0.25,0,0,0,1.0,0.3333,0.5,0.75,1.5,0.2613,0.3072
1320,Ac,Ad,0.9842,0.9968,1.0,1.0,1,0,0.0,0.25,0.25,1,0.0,0.4,1.0,0,1.0,0.9167,0.4167,0.0833,0.6667,0.3333,1.0,0.0,0.25,0.25,0.25,0.25,0,0,0,1.0,0.3333,0.5,0.75,1.5,0.2953,0.324
1321,Ac,Ah,0.0,0.0,1.0,1.0,1,0,0.0,0.25,0.25,1,0.0,0.4,0.0,1,1.0,0.9167,0.4167,0.0833,0.6667,0.3333,1.0,0.0,0.25,0.25,0.25,0.25,0,0,0,1.0,0.3333,0.5,0.75,1.5,0.0,0.0
1322,Ac,As,0.9154,0.9503,1.0,1.0,1,0,0.0,0.25,0.25,1,0.0,0.4,1.0,0,1.0,0.9167,0.4167,0.0833,0.6667,0.3333,1.0,0.0,0.25,0.25,0.25,0.25,0,0,0,1.0,0.3333,0.5,0.75,1.5,0.2746,0.3089
1323,Ad,Ah,0.0,0.0,1.0,1.0,1,0,0.0,0.25,0.25,1,0.0,0.4,0.0,1,1.0,0.9167,0.4167,0.0833,0.6667,0.3333,1.0,0.0,0.25,0.25,0.25,0.25,0,0,0,1.0,0.3333,0.5,0.75,1.5,0.0,0.0
1324,Ad,As,0.9493,1.0,1.0,1.0,1,0,0.0,0.25,0.25,1,0.0,0.4,1.0,0,1.0,0.9167,0.4167,0.0833,0.6667,0.3333,1.0,0.0,0.25,0.25,0.25,0.25,0,0,0,1.0,0.3333,0.5,0.75,1.5,0.2848,0.325
1325,Ah,As,0.0,0.0,1.0,1.0,1,0,0.0,0.25,0.25,1,0.0,0.4,0.0,1,1.0,0.9167,0.4167,0.0833,0.6667,0.3333,1.0,0.0,0.25,0.25,0.25,0.25,0,0,0,1.0,0.3333,0.5,0.75,1.5,0.0,0.0
